# Blender 4.2.14 LTS
# www.blender.org
mtllib Lab3 v.1.3.mtl
o Object_1
v 0.094016 0.060000 0.052029
v 0.082506 0.306963 0.020394
v 0.094016 0.060000 -0.165152
v 0.082506 0.306963 -0.165152
v -0.003435 0.060000 -0.165152
v -0.003435 0.306963 -0.165152
v -0.003435 0.060000 0.052029
v -0.003435 0.306963 0.020394
v 0.094016 0.060000 -0.067700
v 0.082506 0.306963 -0.067700
v -0.003435 0.306963 -0.067700
v -0.003435 0.060000 -0.067700
v 0.094016 0.060000 -0.117540
v 0.082506 0.306963 -0.117540
v -0.003435 0.306963 -0.117540
v -0.003435 0.060000 -0.117540
v -0.181871 0.000000 0.174999
v -0.181871 0.060000 0.174999
v -0.181871 0.000000 -0.175000
v -0.181871 0.060000 -0.175000
v 0.168129 0.000000 0.174999
v 0.168129 0.060000 0.174999
v 0.168129 0.000000 -0.175000
v 0.168129 0.060000 -0.175000
v -0.100887 0.060000 0.052029
v -0.089377 0.306963 0.020394
v -0.100887 0.060000 -0.165152
v -0.089377 0.306963 -0.165152
v -0.100887 0.060000 -0.067700
v -0.089377 0.306963 -0.067700
v -0.100887 0.060000 -0.117540
v -0.089377 0.306963 -0.117540
v 0.175000 0.000000 0.174999
v 0.175000 0.060000 0.174999
v 0.175000 0.000000 -0.175000
v 0.175000 0.060000 -0.175000
v -0.175000 0.000000 0.174999
v -0.175000 0.060000 0.174999
v -0.175000 0.000000 -0.175000
v -0.175000 0.060000 -0.175000
vn -0.0000 -0.0000 -1.0000
vn 0.9989 0.0466 -0.0000
vn -1.0000 -0.0000 -0.0000
vn -0.0000 -1.0000 -0.0000
vn -0.0000 1.0000 -0.0000
vn -0.0000 0.1271 0.9919
vn 1.0000 -0.0000 -0.0000
vn -0.0000 -0.0000 1.0000
vn -0.9989 0.0466 -0.0000
vt 0.375000 0.375000
vt 0.625000 0.375000
vt 0.625000 0.500000
vt 0.375000 0.500000
vt 0.375000 0.625000
vt 0.625000 0.625000
vt 0.625000 0.750000
vt 0.375000 0.750000
vt 0.250000 0.625000
vt 0.750000 0.625000
vt 0.750000 0.562500
vt 0.250000 0.562500
vt 0.250000 0.750000
vt 0.750000 0.750000
vt 0.625000 0.875000
vt 0.375000 0.875000
vt 0.625000 0.562500
vt 0.375000 0.562500
vt 0.250000 0.500000
vt 0.750000 0.500000
vt 0.375000 0.000000
vt 0.625000 0.000000
vt 0.625000 0.250000
vt 0.375000 0.250000
vt 0.625000 1.000000
vt 0.375000 1.000000
vt 0.125000 0.500000
vt 0.125000 0.750000
vt 0.875000 0.500000
vt 0.875000 0.750000
s 0
f 5/1/1 6/2/1 4/3/1 3/4/1
f 9/5/2 10/6/2 2/7/2 1/8/2
f 12/9/3 11/10/3 15/11/3 16/12/3
f 12/9/4 9/5/4 1/8/4 7/13/4
f 10/6/5 11/10/5 8/14/5 2/7/5
f 1/8/6 2/7/6 8/15/6 7/16/6
f 14/17/5 15/11/5 11/10/5 10/6/5
f 16/12/4 13/18/4 9/5/4 12/9/4
f 13/18/2 14/17/2 10/6/2 9/5/2
f 3/4/2 4/3/2 14/17/2 13/18/2
f 5/19/4 3/4/4 13/18/4 16/12/4
f 4/3/5 6/20/5 15/11/5 14/17/5
f 8/15/3 11/10/3 12/9/3 7/16/3
f 5/19/3 16/12/3 15/11/3 6/20/3
f 17/21/3 18/22/3 20/23/3 19/24/3
f 19/24/1 20/23/1 24/3/1 23/4/1
f 23/4/7 24/3/7 22/7/7 21/8/7
f 21/8/8 22/7/8 18/25/8 17/26/8
f 19/27/4 23/4/4 21/8/4 17/28/4
f 24/3/5 20/29/5 18/30/5 22/7/5
f 5/1/1 27/4/1 28/3/1 6/2/1
f 29/5/9 25/8/9 26/7/9 30/6/9
f 12/9/4 7/13/4 25/8/4 29/5/4
f 30/6/5 26/7/5 8/14/5 11/10/5
f 25/8/6 7/16/6 8/15/6 26/7/6
f 32/17/5 30/6/5 11/10/5 15/11/5
f 16/12/4 12/9/4 29/5/4 31/18/4
f 31/18/9 29/5/9 30/6/9 32/17/9
f 27/4/9 31/18/9 32/17/9 28/3/9
f 5/19/4 16/12/4 31/18/4 27/4/4
f 28/3/5 32/17/5 15/11/5 6/20/5
f 33/21/7 35/24/7 36/23/7 34/22/7
f 35/24/1 39/4/1 40/3/1 36/23/1
f 39/4/3 37/8/3 38/7/3 40/3/3
f 37/8/8 33/26/8 34/25/8 38/7/8
f 35/27/4 33/28/4 37/8/4 39/4/4
f 40/3/5 38/7/5 34/30/5 36/29/5
o Object_2
v 0.010340 0.664873 -0.161946
v 0.010340 0.324196 -0.161946
v 0.071988 0.324196 0.320131
v -0.017209 0.664873 -0.161946
v -0.017209 0.324196 -0.161946
v -0.078857 0.324196 0.320131
v 0.071988 0.664873 0.181916
v 0.071988 0.664873 0.058259
v 0.071988 0.664873 0.048139
v 0.071988 0.664873 0.014668
v 0.071988 0.664873 0.000500
v 0.071988 0.664873 -0.058086
v 0.049934 0.664873 -0.111416
v 0.049934 0.324196 -0.111416
v 0.071988 0.324196 -0.058086
v 0.071988 0.324196 0.000500
v 0.071988 0.324196 0.014668
v 0.071988 0.324196 0.048139
v 0.071988 0.324196 0.058259
v 0.071988 0.324196 0.181916
v 0.071988 0.324196 0.225453
v 0.071988 0.324196 0.273660
v -0.056803 0.664873 -0.111416
v -0.078857 0.664873 -0.058086
v -0.078857 0.664873 0.000500
v -0.078857 0.664873 0.014668
v -0.078857 0.664873 0.048139
v -0.078857 0.664873 0.058259
v -0.078857 0.664873 0.181916
v -0.078857 0.324196 0.273660
v -0.078857 0.324196 0.225453
v -0.078857 0.324196 0.181916
v -0.078857 0.324196 0.058259
v -0.078857 0.324196 0.048139
v -0.078857 0.324196 0.014668
v -0.078857 0.324196 0.000500
v -0.078857 0.324196 -0.058086
v -0.056803 0.324196 -0.111416
v 0.010340 0.644137 -0.161946
v 0.010340 0.567967 -0.161946
v 0.010340 0.519299 -0.161946
v 0.010340 0.451951 -0.161946
v 0.010340 0.433379 -0.161946
v 0.010340 0.373295 -0.161946
v 0.071988 0.373295 0.320131
v 0.071988 0.433379 0.320131
v 0.071988 0.451951 0.320131
v -0.078857 0.373295 0.320131
v -0.078857 0.433379 0.320131
v -0.078857 0.451951 0.320131
v -0.017209 0.373295 -0.161946
v -0.017209 0.433379 -0.161946
v -0.017209 0.451951 -0.161946
v -0.017209 0.519299 -0.161946
v -0.017209 0.567967 -0.161946
v -0.017209 0.644137 -0.161946
v -0.078857 0.373295 0.273660
v -0.078857 0.433379 0.273660
v -0.078857 0.451951 0.273660
v -0.078857 0.373295 0.225453
v -0.078857 0.433379 0.225453
v -0.078857 0.451951 0.225453
v -0.078857 0.373295 0.181916
v -0.078857 0.433379 0.181916
v -0.078857 0.451951 0.181916
v -0.078857 0.644137 0.181916
v -0.078857 0.373295 0.058259
v -0.078857 0.433379 0.058259
v -0.078857 0.451951 0.058259
v -0.078857 0.644137 0.058259
v -0.078857 0.373295 0.048139
v -0.078857 0.433379 0.048139
v -0.078857 0.451951 0.048139
v -0.078857 0.519299 0.048139
v -0.078857 0.567967 0.048139
v -0.078857 0.644137 0.048139
v -0.078857 0.373295 0.014668
v -0.078857 0.433379 0.014668
v -0.078857 0.451951 0.014668
v -0.078857 0.519299 0.014668
v -0.078857 0.567967 0.014668
v -0.078857 0.644137 0.014668
v -0.078857 0.373295 0.000500
v -0.078857 0.433379 0.000500
v -0.078857 0.451951 0.000500
v -0.078857 0.519299 0.000500
v -0.078857 0.567967 0.000500
v -0.078857 0.644137 0.000500
v -0.078857 0.373295 -0.058086
v -0.078857 0.433379 -0.058086
v -0.078857 0.451951 -0.058086
v -0.078857 0.519299 -0.058086
v -0.078857 0.567967 -0.058086
v -0.078857 0.644137 -0.058086
v -0.056803 0.373295 -0.111416
v -0.056803 0.433379 -0.111416
v -0.056803 0.451752 -0.111416
v -0.056803 0.519299 -0.111416
v -0.056803 0.567967 -0.111416
v -0.056803 0.644137 -0.111416
v 0.049934 0.373295 -0.111416
v 0.049934 0.433379 -0.111416
v 0.049934 0.451951 -0.111416
v 0.049934 0.519299 -0.111416
v 0.049934 0.567967 -0.111416
v 0.049934 0.644137 -0.111416
v 0.071988 0.373295 -0.058086
v 0.071988 0.433379 -0.058086
v 0.071988 0.451951 -0.058086
v 0.071988 0.519299 -0.058086
v 0.071988 0.567967 -0.058086
v 0.071988 0.644137 -0.058086
v 0.071988 0.373295 0.000500
v 0.071988 0.433379 0.000500
v 0.071988 0.451951 0.000500
v 0.071988 0.519299 0.000500
v 0.071988 0.567967 0.000500
v 0.071988 0.644137 0.000500
v 0.071988 0.373295 0.014668
v 0.071988 0.433379 0.014668
v 0.071988 0.451951 0.014668
v 0.071988 0.519299 0.014668
v 0.071988 0.567967 0.014668
v 0.071988 0.644137 0.014668
v 0.071988 0.373295 0.048139
v 0.071988 0.433379 0.048139
v 0.071988 0.451951 0.048139
v 0.071988 0.519299 0.048139
v 0.071988 0.567967 0.048139
v 0.071988 0.644137 0.048139
v 0.071988 0.373295 0.058259
v 0.071988 0.433379 0.058259
v 0.071988 0.451951 0.058259
v 0.071988 0.644137 0.058259
v 0.071988 0.373295 0.181916
v 0.071988 0.433379 0.181916
v 0.071988 0.451951 0.181916
v 0.071988 0.644137 0.181916
v 0.071988 0.373295 0.225453
v 0.071988 0.433379 0.225453
v 0.071988 0.451951 0.225453
v 0.071988 0.373295 0.273660
v 0.071988 0.433379 0.273660
v 0.071988 0.451951 0.273660
v -0.003435 0.324196 0.320131
v -0.003435 0.664873 -0.161946
v -0.003435 0.324196 -0.161946
v -0.003435 0.324196 0.273660
v -0.003435 0.324196 0.225453
v -0.003435 0.324196 0.181916
v -0.003435 0.324196 0.058259
v -0.003435 0.324196 0.048139
v -0.003435 0.324196 0.014668
v -0.003435 0.324196 0.000500
v -0.003435 0.324196 -0.058086
v -0.003435 0.324196 -0.111416
v -0.003435 0.664873 0.181916
v -0.003435 0.664873 0.058259
v -0.003435 0.664873 0.048139
v -0.003435 0.664873 0.014668
v -0.003435 0.664873 0.000500
v -0.003435 0.664873 -0.058086
v -0.003435 0.664873 -0.111416
v -0.003435 0.644137 -0.161946
v -0.003435 0.567967 -0.161946
v -0.003435 0.519299 -0.161946
v -0.003435 0.451951 -0.161946
v -0.003435 0.433379 -0.161946
v -0.003435 0.373295 -0.161946
v -0.003435 0.644137 0.181916
v -0.003435 0.451951 0.320131
v -0.003435 0.433379 0.320131
v -0.003435 0.373295 0.320131
v -0.003435 0.644137 0.058259
v -0.003435 0.644137 0.048139
v -0.003435 0.567967 0.048139
v -0.003435 0.519299 0.048139
v -0.003435 0.451951 0.048139
v -0.003435 0.433379 0.048139
v -0.003435 0.451951 0.058259
v -0.003435 0.451951 0.181916
v -0.003435 0.451951 0.225453
v -0.003435 0.451951 0.273660
v -0.003435 0.433379 0.058259
v 0.071988 0.664873 0.104245
v -0.078857 0.664873 0.104245
v 0.071988 0.644137 0.104245
v -0.078857 0.644137 0.104245
v -0.003435 0.644137 0.104245
v -0.003435 0.664873 0.104245
v 0.059320 0.664873 -0.099979
v 0.059320 0.324196 -0.099979
v -0.066189 0.664873 -0.099979
v -0.066189 0.324196 -0.099979
v 0.059320 0.644137 -0.099979
v 0.059320 0.567967 -0.099979
v 0.059320 0.519299 -0.099979
v 0.059320 0.451951 -0.099979
v 0.059320 0.433379 -0.099979
v 0.059320 0.373295 -0.099979
v -0.066189 0.644137 -0.099979
v -0.066189 0.567967 -0.099979
v -0.066189 0.519299 -0.099979
v -0.066189 0.451851 -0.099979
v -0.066189 0.433379 -0.099979
v -0.066189 0.373295 -0.099979
v -0.003435 0.664873 -0.099979
v -0.003435 0.324196 -0.099979
v 0.070590 0.324196 -0.072772
v -0.077459 0.664873 -0.072772
v 0.070590 0.644137 -0.072772
v 0.070590 0.567967 -0.072772
v 0.070590 0.519299 -0.072772
v 0.070590 0.451951 -0.072772
v 0.070590 0.433379 -0.072772
v 0.070590 0.373295 -0.072772
v 0.070590 0.664873 -0.072772
v -0.077459 0.324196 -0.072772
v -0.077459 0.644137 -0.072772
v -0.077459 0.567967 -0.072772
v -0.077459 0.519299 -0.072772
v -0.077459 0.451909 -0.072772
v -0.077459 0.433379 -0.072772
v -0.077459 0.373295 -0.072772
v -0.003435 0.664873 -0.072772
v -0.003435 0.324196 -0.072772
v 0.066295 0.664873 -0.086931
v -0.073164 0.324196 -0.086931
v -0.073164 0.644137 -0.086931
v -0.073164 0.567967 -0.086931
v -0.073164 0.519299 -0.086931
v -0.073164 0.451869 -0.086931
v -0.073164 0.433379 -0.086931
v -0.073164 0.373295 -0.086931
v -0.003435 0.664873 -0.086931
v -0.003435 0.324196 -0.086931
v 0.066295 0.324196 -0.086931
v -0.073164 0.664873 -0.086931
v 0.066295 0.644137 -0.086931
v 0.066295 0.567967 -0.086931
v 0.066295 0.519299 -0.086931
v 0.066295 0.451951 -0.086931
v 0.066295 0.433379 -0.086931
v 0.066295 0.373295 -0.086931
v 0.038497 0.664873 -0.120802
v -0.045366 0.324196 -0.120802
v 0.038497 0.324196 -0.120802
v -0.045366 0.664873 -0.120802
v 0.038497 0.644137 -0.120802
v 0.038497 0.567967 -0.120802
v 0.038497 0.519299 -0.120802
v 0.038497 0.451951 -0.120802
v 0.038497 0.433379 -0.120802
v 0.038497 0.373295 -0.120802
v -0.045366 0.644137 -0.120802
v -0.045366 0.567967 -0.120802
v -0.045366 0.519299 -0.120802
v -0.045366 0.451789 -0.120798
v -0.045366 0.433379 -0.120802
v -0.045366 0.373295 -0.120802
v -0.003435 0.324196 -0.120802
v -0.003435 0.664873 -0.120802
v 0.025448 0.664873 -0.127777
v -0.032317 0.324196 -0.127777
v -0.032317 0.644137 -0.127777
v -0.032317 0.567967 -0.127777
v -0.032317 0.519299 -0.127777
v -0.032317 0.451816 -0.127777
v -0.032317 0.433379 -0.127777
v -0.032317 0.373295 -0.127777
v -0.003435 0.324196 -0.127777
v -0.003435 0.664873 -0.127777
v 0.025448 0.324196 -0.127777
v -0.032317 0.664873 -0.127777
v 0.025448 0.644137 -0.127777
v 0.025448 0.567967 -0.127777
v 0.025448 0.519299 -0.127777
v 0.025448 0.451951 -0.127777
v 0.025448 0.433379 -0.127777
v 0.025448 0.373295 -0.127777
v 0.019384 0.664873 -0.130377
v -0.026253 0.324196 -0.130377
v -0.026253 0.644137 -0.130377
v -0.026253 0.567967 -0.130377
v -0.026253 0.519299 -0.130377
v -0.026253 0.451833 -0.130377
v -0.026253 0.433379 -0.130377
v -0.026253 0.373295 -0.130377
v -0.003435 0.324196 -0.130377
v -0.003435 0.664873 -0.130377
v 0.019384 0.324196 -0.130377
v -0.026253 0.664873 -0.130377
v 0.019384 0.644137 -0.130377
v 0.019384 0.567967 -0.130377
v 0.019384 0.519299 -0.130377
v 0.019384 0.451951 -0.130377
v 0.019384 0.433379 -0.130377
v 0.019384 0.373295 -0.130377
v 0.010340 0.664873 -0.147296
v -0.017209 0.324196 -0.147296
v -0.017209 0.644137 -0.147296
v -0.017209 0.567967 -0.147296
v -0.017209 0.519299 -0.147296
v -0.017209 0.451893 -0.147305
v -0.017209 0.433379 -0.147296
v -0.017209 0.373295 -0.147296
v -0.003435 0.324196 -0.147296
v -0.003435 0.664873 -0.147296
v 0.010340 0.324196 -0.147296
v -0.017209 0.664873 -0.147296
v 0.010340 0.644137 -0.147296
v 0.010340 0.567967 -0.147296
v 0.010340 0.519299 -0.147296
v 0.010340 0.451951 -0.147296
v 0.010340 0.433379 -0.147296
v 0.010340 0.373295 -0.147296
v 0.016300 0.324196 -0.132907
v -0.023170 0.664873 -0.132907
v 0.016300 0.644137 -0.132907
v 0.016300 0.567967 -0.132907
v 0.016300 0.519299 -0.132907
v 0.016300 0.451951 -0.132907
v 0.016300 0.433379 -0.132907
v 0.016300 0.373295 -0.132907
v 0.016300 0.664873 -0.132907
v -0.023170 0.324196 -0.132907
v -0.023170 0.644137 -0.132907
v -0.023170 0.567967 -0.132907
v -0.023170 0.519299 -0.132907
v -0.023170 0.451893 -0.132907
v -0.023170 0.433379 -0.132907
v -0.023170 0.373295 -0.132907
v -0.003435 0.324196 -0.132907
v -0.003435 0.664873 -0.132907
v 0.013770 0.664873 -0.135991
v 0.011889 0.664873 -0.139510
v 0.010731 0.664873 -0.143327
v -0.020639 0.324196 -0.135992
v -0.018758 0.324196 -0.139510
v -0.017600 0.324196 -0.143326
v -0.020639 0.644137 -0.135992
v -0.018758 0.644137 -0.139510
v -0.017600 0.644137 -0.143326
v -0.020639 0.567967 -0.135992
v -0.018758 0.567968 -0.139510
v -0.017600 0.567967 -0.143326
v -0.020639 0.519299 -0.135992
v -0.018758 0.519299 -0.139510
v -0.017600 0.519299 -0.143326
v -0.020639 0.451893 -0.135994
v -0.018758 0.451893 -0.139514
v -0.017600 0.451893 -0.143333
v -0.020639 0.433379 -0.135992
v -0.018758 0.433379 -0.139510
v -0.017600 0.433379 -0.143326
v -0.020639 0.373295 -0.135992
v -0.018758 0.373295 -0.139510
v -0.017600 0.373295 -0.143326
v -0.003435 0.324196 -0.135992
v -0.003435 0.324196 -0.139510
v -0.003435 0.324196 -0.143326
v -0.003435 0.664873 -0.135992
v -0.003435 0.664873 -0.139510
v -0.003435 0.664873 -0.143326
v 0.010731 0.324196 -0.143327
v 0.011889 0.324196 -0.139510
v 0.013770 0.324196 -0.135991
v -0.017600 0.664873 -0.143326
v -0.018758 0.664873 -0.139510
v -0.020639 0.664873 -0.135992
v 0.010731 0.644137 -0.143327
v 0.011889 0.644137 -0.139510
v 0.013770 0.644137 -0.135991
v 0.010731 0.567967 -0.143327
v 0.011889 0.567967 -0.139510
v 0.013770 0.567967 -0.135991
v 0.010731 0.519299 -0.143327
v 0.011889 0.519299 -0.139510
v 0.013770 0.519299 -0.135991
v 0.010731 0.451951 -0.143327
v 0.011889 0.451951 -0.139510
v 0.013770 0.451951 -0.135991
v 0.010731 0.433379 -0.143327
v 0.011889 0.433379 -0.139510
v 0.013770 0.433379 -0.135991
v 0.010731 0.373295 -0.143327
v 0.011889 0.373295 -0.139510
v 0.013770 0.373295 -0.135991
v 0.010340 0.633778 -0.161946
v -0.017209 0.633778 -0.161946
v -0.078857 0.633778 0.048139
v -0.078857 0.633778 0.014668
v -0.078857 0.633778 0.000500
v -0.078857 0.633778 -0.058086
v -0.056803 0.633778 -0.111416
v 0.049934 0.633778 -0.111416
v 0.071988 0.633778 -0.058086
v 0.071988 0.633778 0.000500
v 0.071988 0.633778 0.014668
v 0.071988 0.633778 0.048139
v -0.003435 0.633778 0.048139
v -0.003435 0.633778 -0.161946
v -0.066189 0.633778 -0.099979
v 0.059320 0.633778 -0.099979
v -0.077459 0.633778 -0.072772
v 0.070590 0.633778 -0.072772
v 0.066295 0.633778 -0.086931
v -0.073164 0.633778 -0.086931
v -0.045366 0.633778 -0.120802
v 0.038497 0.633778 -0.120802
v 0.025448 0.633778 -0.127777
v -0.032317 0.633778 -0.127777
v 0.019384 0.633778 -0.130377
v -0.026253 0.633778 -0.130377
v 0.010340 0.633778 -0.147296
v -0.017209 0.633778 -0.147296
v -0.023170 0.633778 -0.132907
v 0.016300 0.633778 -0.132907
v 0.010731 0.633778 -0.143327
v 0.011889 0.633778 -0.139510
v 0.013770 0.633778 -0.135991
v -0.020639 0.633778 -0.135992
v -0.018758 0.633778 -0.139510
v -0.017600 0.633778 -0.143326
v -0.003435 0.844018 -0.113796
v -0.003435 0.853096 -0.113796
v 0.007434 0.844018 -0.112726
v 0.007434 0.853096 -0.112726
v 0.017886 0.844018 -0.109555
v 0.017886 0.853096 -0.109555
v 0.027517 0.844018 -0.104406
v 0.027517 0.853096 -0.104406
v 0.035960 0.844018 -0.097477
v 0.035960 0.853096 -0.097477
v 0.042888 0.844018 -0.089036
v 0.042888 0.853096 -0.089036
v 0.048037 0.844018 -0.079404
v 0.048037 0.853096 -0.079404
v 0.051207 0.844018 -0.068952
v 0.051207 0.853096 -0.068952
v 0.052278 0.844018 -0.058083
v 0.052278 0.853096 -0.058083
v 0.051207 0.844018 -0.047214
v 0.051207 0.853096 -0.047214
v 0.048037 0.844018 -0.036763
v 0.048037 0.853096 -0.036763
v 0.042888 0.844018 -0.027133
v 0.042888 0.853096 -0.027133
v 0.035960 0.844018 -0.018689
v 0.035960 0.853096 -0.018689
v 0.027517 0.844018 -0.011761
v 0.027517 0.853096 -0.011761
v 0.017886 0.844018 -0.006611
v 0.017886 0.853096 -0.006611
v 0.007434 0.844018 -0.003441
v 0.007434 0.853096 -0.003441
v -0.003435 0.844018 -0.002372
v -0.003435 0.853096 -0.002372
v -0.014303 0.844018 -0.003441
v -0.014303 0.853096 -0.003441
v -0.024755 0.844018 -0.006611
v -0.024755 0.853096 -0.006611
v -0.034387 0.844018 -0.011761
v -0.034387 0.853096 -0.011761
v -0.042829 0.844018 -0.018689
v -0.042829 0.853096 -0.018689
v -0.049758 0.844018 -0.027133
v -0.049758 0.853096 -0.027133
v -0.054906 0.844018 -0.036763
v -0.054906 0.853096 -0.036763
v -0.058076 0.844018 -0.047214
v -0.058076 0.853096 -0.047214
v -0.059147 0.844018 -0.058083
v -0.059147 0.853096 -0.058083
v -0.058076 0.844018 -0.068952
v -0.058076 0.853096 -0.068952
v -0.054906 0.844018 -0.079404
v -0.054906 0.853096 -0.079404
v -0.049758 0.844018 -0.089036
v -0.049758 0.853096 -0.089036
v -0.042829 0.844018 -0.097477
v -0.042829 0.853096 -0.097477
v -0.034387 0.844018 -0.104406
v -0.034387 0.853096 -0.104406
v -0.024755 0.844018 -0.109555
v -0.024755 0.853096 -0.109555
v -0.014303 0.844018 -0.112726
v -0.014303 0.853096 -0.112726
v -0.003435 0.844018 -0.058083
v -0.003435 0.853096 -0.058083
v -0.003435 0.853096 -0.080093
v -0.003435 0.862018 -0.080093
v 0.000859 0.853096 -0.079669
v 0.000859 0.862018 -0.079669
v 0.004988 0.853096 -0.078417
v 0.004988 0.862018 -0.078417
v 0.008794 0.853096 -0.076383
v 0.008794 0.862018 -0.076383
v 0.012129 0.853096 -0.073646
v 0.012129 0.862018 -0.073646
v 0.014866 0.853096 -0.070311
v 0.014866 0.862018 -0.070311
v 0.016900 0.853096 -0.066504
v 0.016900 0.862018 -0.066504
v 0.018153 0.853096 -0.062377
v 0.018153 0.862018 -0.062377
v 0.018576 0.853096 -0.058082
v 0.018576 0.862018 -0.058082
v 0.018153 0.853096 -0.053789
v 0.018153 0.862018 -0.053789
v 0.016900 0.853096 -0.049659
v 0.016900 0.862018 -0.049659
v 0.014866 0.853096 -0.045854
v 0.014866 0.862018 -0.045854
v 0.012129 0.853096 -0.042519
v 0.012129 0.862018 -0.042519
v 0.008794 0.853096 -0.039782
v 0.008794 0.862018 -0.039782
v 0.004988 0.853096 -0.037748
v 0.004988 0.862018 -0.037748
v 0.000859 0.853096 -0.036495
v 0.000859 0.862018 -0.036495
v -0.003435 0.853096 -0.036071
v -0.003435 0.862018 -0.036071
v -0.007729 0.853096 -0.036495
v -0.007729 0.862018 -0.036495
v -0.011858 0.853096 -0.037748
v -0.011858 0.862018 -0.037748
v -0.015663 0.853096 -0.039782
v -0.015663 0.862018 -0.039782
v -0.018998 0.853096 -0.042519
v -0.018998 0.862018 -0.042519
v -0.021735 0.853096 -0.045854
v -0.021735 0.862018 -0.045854
v -0.023769 0.853096 -0.049659
v -0.023769 0.862018 -0.049659
v -0.025022 0.853096 -0.053789
v -0.025022 0.862018 -0.053789
v -0.025445 0.853096 -0.058082
v -0.025445 0.862018 -0.058082
v -0.025022 0.853096 -0.062377
v -0.025022 0.862018 -0.062377
v -0.023769 0.853096 -0.066504
v -0.023769 0.862018 -0.066504
v -0.021735 0.853096 -0.070311
v -0.021735 0.862018 -0.070311
v -0.018998 0.853096 -0.073646
v -0.018998 0.862018 -0.073646
v -0.015663 0.853096 -0.076383
v -0.015663 0.862018 -0.076383
v -0.011858 0.853096 -0.078417
v -0.011858 0.862018 -0.078417
v -0.007729 0.853096 -0.079669
v -0.007729 0.862018 -0.079669
v -0.003435 0.862018 -0.058083
v -0.003435 0.853096 -0.058083
v -0.003435 0.862018 -0.075782
v -0.003435 0.869192 -0.075782
v 0.000018 0.862018 -0.075443
v 0.000018 0.869192 -0.075443
v 0.003338 0.862018 -0.074436
v 0.003338 0.869192 -0.074436
v 0.006398 0.862018 -0.072800
v 0.006398 0.869192 -0.072800
v 0.009080 0.862018 -0.070599
v 0.009080 0.869192 -0.070599
v 0.011281 0.862018 -0.067917
v 0.011281 0.869192 -0.067917
v 0.012916 0.862018 -0.064857
v 0.012916 0.869192 -0.064857
v 0.013924 0.862018 -0.061537
v 0.013924 0.869192 -0.061537
v 0.014264 0.862018 -0.058084
v 0.014264 0.869192 -0.058084
v 0.013924 0.862018 -0.054632
v 0.013924 0.869192 -0.054632
v 0.012916 0.862018 -0.051311
v 0.012916 0.869192 -0.051311
v 0.011281 0.862018 -0.048252
v 0.011281 0.869192 -0.048252
v 0.009080 0.862018 -0.045570
v 0.009080 0.869192 -0.045570
v 0.006398 0.862018 -0.043369
v 0.006398 0.869192 -0.043369
v 0.003338 0.862018 -0.041733
v 0.003338 0.869192 -0.041733
v 0.000018 0.862018 -0.040726
v 0.000018 0.869192 -0.040726
v -0.003435 0.862018 -0.040386
v -0.003435 0.869192 -0.040386
v -0.006887 0.862018 -0.040726
v -0.006887 0.869192 -0.040726
v -0.010207 0.862018 -0.041733
v -0.010207 0.869192 -0.041733
v -0.013267 0.862018 -0.043369
v -0.013267 0.869192 -0.043369
v -0.015949 0.862018 -0.045570
v -0.015949 0.869192 -0.045570
v -0.018150 0.862018 -0.048252
v -0.018150 0.869192 -0.048252
v -0.019786 0.862018 -0.051311
v -0.019786 0.869192 -0.051311
v -0.020793 0.862018 -0.054632
v -0.020793 0.869192 -0.054632
v -0.021133 0.862018 -0.058084
v -0.021133 0.869192 -0.058084
v -0.020793 0.862018 -0.061537
v -0.020793 0.869192 -0.061537
v -0.019786 0.862018 -0.064857
v -0.019786 0.869192 -0.064857
v -0.018150 0.862018 -0.067917
v -0.018150 0.869192 -0.067917
v -0.015949 0.862018 -0.070599
v -0.015949 0.869192 -0.070599
v -0.013267 0.862018 -0.072800
v -0.013267 0.869192 -0.072800
v -0.010207 0.862018 -0.074436
v -0.010207 0.869192 -0.074436
v -0.006887 0.862018 -0.075443
v -0.006887 0.869192 -0.075443
v -0.003435 0.869192 -0.058084
v -0.003435 0.862018 -0.058084
v -0.003435 0.869192 -0.072411
v -0.003435 0.875001 -0.072411
v -0.000639 0.869192 -0.072136
v -0.000639 0.875001 -0.072136
v 0.002049 0.869192 -0.071321
v 0.002049 0.875001 -0.071321
v 0.004526 0.869192 -0.069997
v 0.004526 0.875001 -0.069997
v 0.006698 0.869192 -0.068215
v 0.006698 0.875001 -0.068215
v 0.008480 0.869192 -0.066044
v 0.008480 0.875001 -0.066044
v 0.009804 0.869192 -0.063567
v 0.009804 0.875001 -0.063567
v 0.010619 0.869192 -0.060877
v 0.010619 0.875001 -0.060877
v 0.010895 0.869192 -0.058082
v 0.010895 0.875001 -0.058082
v 0.010619 0.869192 -0.055287
v 0.010619 0.875001 -0.055287
v 0.009804 0.869192 -0.052599
v 0.009804 0.875001 -0.052599
v 0.008480 0.869192 -0.050121
v 0.008480 0.875001 -0.050121
v 0.006698 0.869192 -0.047949
v 0.006698 0.875001 -0.047949
v 0.004526 0.869192 -0.046168
v 0.004526 0.875001 -0.046168
v 0.002049 0.869192 -0.044844
v 0.002049 0.875001 -0.044844
v -0.000639 0.869192 -0.044029
v -0.000639 0.875001 -0.044029
v -0.003435 0.869192 -0.043753
v -0.003435 0.875001 -0.043753
v -0.006230 0.869192 -0.044029
v -0.006230 0.875001 -0.044029
v -0.008918 0.869192 -0.044844
v -0.008918 0.875001 -0.044844
v -0.011396 0.869192 -0.046168
v -0.011396 0.875001 -0.046168
v -0.013567 0.869192 -0.047949
v -0.013567 0.875001 -0.047949
v -0.015349 0.869192 -0.050121
v -0.015349 0.875001 -0.050121
v -0.016673 0.869192 -0.052599
v -0.016673 0.875001 -0.052599
v -0.017489 0.869192 -0.055287
v -0.017489 0.875001 -0.055287
v -0.017764 0.869192 -0.058082
v -0.017764 0.875001 -0.058082
v -0.017489 0.869192 -0.060877
v -0.017489 0.875001 -0.060877
v -0.016673 0.869192 -0.063567
v -0.016673 0.875001 -0.063567
v -0.015349 0.869192 -0.066044
v -0.015349 0.875001 -0.066044
v -0.013567 0.869192 -0.068215
v -0.013567 0.875001 -0.068215
v -0.011396 0.869192 -0.069997
v -0.011396 0.875001 -0.069997
v -0.008918 0.869192 -0.071321
v -0.008918 0.875001 -0.071321
v -0.006230 0.869192 -0.072136
v -0.006230 0.875001 -0.072136
v -0.003435 0.875001 -0.058084
v -0.003435 0.869192 -0.058084
v -0.003435 0.875001 -0.068193
v -0.003435 0.887474 -0.068193
v -0.001462 0.875001 -0.067998
v -0.001462 0.887474 -0.067998
v 0.000434 0.875001 -0.067424
v 0.000434 0.887474 -0.067424
v 0.002181 0.875001 -0.066490
v 0.002181 0.887474 -0.066490
v 0.003713 0.875001 -0.065233
v 0.003713 0.887474 -0.065233
v 0.004970 0.875001 -0.063701
v 0.004970 0.887474 -0.063701
v 0.005905 0.875001 -0.061954
v 0.005905 0.887474 -0.061954
v 0.006480 0.875001 -0.060057
v 0.006480 0.887474 -0.060057
v 0.006674 0.875001 -0.058084
v 0.006674 0.887474 -0.058084
v 0.006480 0.875001 -0.056114
v 0.006480 0.887474 -0.056114
v 0.005905 0.875001 -0.054217
v 0.005905 0.887474 -0.054217
v 0.004970 0.875001 -0.052469
v 0.004970 0.887474 -0.052469
v 0.003713 0.875001 -0.050936
v 0.003713 0.887474 -0.050936
v 0.002181 0.875001 -0.049680
v 0.002181 0.887474 -0.049680
v 0.000434 0.875001 -0.048747
v 0.000434 0.887474 -0.048747
v -0.001462 0.875001 -0.048170
v -0.001462 0.887474 -0.048170
v -0.003435 0.875001 -0.047976
v -0.003435 0.887474 -0.047976
v -0.005407 0.875001 -0.048170
v -0.005407 0.887474 -0.048170
v -0.007303 0.875001 -0.048747
v -0.007303 0.887474 -0.048747
v -0.009051 0.875001 -0.049680
v -0.009051 0.887474 -0.049680
v -0.010582 0.875001 -0.050936
v -0.010582 0.887474 -0.050936
v -0.011840 0.875001 -0.052469
v -0.011840 0.887474 -0.052469
v -0.012774 0.875001 -0.054217
v -0.012774 0.887474 -0.054217
v -0.013349 0.875001 -0.056114
v -0.013349 0.887474 -0.056114
v -0.013543 0.875001 -0.058084
v -0.013543 0.887474 -0.058084
v -0.013349 0.875001 -0.060057
v -0.013349 0.887474 -0.060057
v -0.012774 0.875001 -0.061954
v -0.012774 0.887474 -0.061954
v -0.011840 0.875001 -0.063701
v -0.011840 0.887474 -0.063701
v -0.010582 0.875001 -0.065233
v -0.010582 0.887474 -0.065233
v -0.009051 0.875001 -0.066490
v -0.009051 0.887474 -0.066490
v -0.007303 0.875001 -0.067424
v -0.007303 0.887474 -0.067424
v -0.005407 0.875001 -0.067998
v -0.005407 0.887474 -0.067998
v -0.003435 0.875001 -0.058083
v -0.003435 0.887474 -0.058083
v -0.003435 0.664873 -0.116854
v -0.003435 0.844018 -0.116854
v 0.008031 0.664873 -0.115726
v 0.008031 0.844018 -0.115726
v 0.019056 0.664873 -0.112381
v 0.019056 0.844018 -0.112381
v 0.029216 0.664873 -0.106949
v 0.029216 0.844018 -0.106949
v 0.038122 0.664873 -0.099640
v 0.038122 0.844018 -0.099640
v 0.045431 0.664873 -0.090735
v 0.045431 0.844018 -0.090735
v 0.050862 0.664873 -0.080575
v 0.050862 0.844018 -0.080575
v 0.054206 0.664873 -0.069549
v 0.054206 0.844018 -0.069549
v 0.055336 0.664873 -0.058084
v 0.055336 0.844018 -0.058084
v 0.054206 0.664873 -0.046619
v 0.054206 0.844018 -0.046619
v 0.050862 0.664873 -0.035594
v 0.050862 0.844018 -0.035594
v 0.045431 0.664873 -0.025434
v 0.045431 0.844018 -0.025434
v 0.038122 0.664873 -0.016528
v 0.038122 0.844018 -0.016528
v 0.029216 0.664873 -0.009218
v 0.029216 0.844018 -0.009218
v 0.019056 0.664873 -0.003788
v 0.019056 0.844018 -0.003788
v 0.008031 0.664873 -0.000443
v 0.008031 0.844018 -0.000443
v -0.003435 0.664873 0.000685
v -0.003435 0.844018 0.000685
v -0.014900 0.664873 -0.000443
v -0.014900 0.844018 -0.000443
v -0.025925 0.664873 -0.003788
v -0.025925 0.844018 -0.003788
v -0.036086 0.664873 -0.009218
v -0.036086 0.844018 -0.009218
v -0.044991 0.664873 -0.016528
v -0.044991 0.844018 -0.016528
v -0.052300 0.664873 -0.025434
v -0.052300 0.844018 -0.025434
v -0.057731 0.664873 -0.035594
v -0.057731 0.844018 -0.035594
v -0.061076 0.664873 -0.046619
v -0.061076 0.844018 -0.046619
v -0.062205 0.664873 -0.058084
v -0.062205 0.844018 -0.058084
v -0.061076 0.664873 -0.069549
v -0.061076 0.844018 -0.069549
v -0.057731 0.664873 -0.080575
v -0.057731 0.844018 -0.080575
v -0.052300 0.664873 -0.090735
v -0.052300 0.844018 -0.090735
v -0.044991 0.664873 -0.099640
v -0.044991 0.844018 -0.099640
v -0.036086 0.664873 -0.106949
v -0.036086 0.844018 -0.106949
v -0.025925 0.664873 -0.112381
v -0.025925 0.844018 -0.112381
v -0.014900 0.664873 -0.115726
v -0.014900 0.844018 -0.115726
v -0.003435 0.844018 -0.058084
v -0.003435 0.664873 -0.058085
v -0.003435 0.664873 0.039839
v -0.003435 0.725673 0.039839
v 0.009130 0.664873 0.041077
v 0.009130 0.725673 0.041077
v 0.021212 0.664873 0.044742
v 0.021212 0.725673 0.044742
v 0.032347 0.664873 0.050694
v 0.032347 0.725673 0.050694
v 0.042107 0.664873 0.058704
v 0.042107 0.725673 0.058704
v 0.050117 0.664873 0.068464
v 0.050117 0.725673 0.068464
v 0.056069 0.664873 0.079598
v 0.056069 0.725673 0.079598
v 0.059734 0.664873 0.091680
v 0.059734 0.725673 0.091680
v 0.060971 0.664873 0.104246
v 0.060971 0.725673 0.104246
v 0.059734 0.664873 0.116810
v 0.059734 0.725673 0.116810
v 0.056069 0.664873 0.128892
v 0.056069 0.725673 0.128892
v 0.050117 0.664873 0.140027
v 0.050117 0.725673 0.140027
v 0.042107 0.664873 0.149787
v 0.042107 0.725673 0.149787
v 0.032347 0.664873 0.157797
v 0.032347 0.725673 0.157797
v 0.021212 0.664873 0.163749
v 0.021212 0.725673 0.163749
v 0.009130 0.664873 0.167414
v 0.009130 0.725673 0.167414
v -0.003435 0.664873 0.168652
v -0.003435 0.725673 0.168652
v -0.016000 0.664873 0.167414
v -0.016000 0.725673 0.167414
v -0.028082 0.664873 0.163749
v -0.028082 0.725673 0.163749
v -0.039217 0.664873 0.157797
v -0.039217 0.725673 0.157797
v -0.048977 0.664873 0.149787
v -0.048977 0.725673 0.149787
v -0.056986 0.664873 0.140027
v -0.056986 0.725673 0.140027
v -0.062938 0.664873 0.128892
v -0.062938 0.725673 0.128892
v -0.066603 0.664873 0.116810
v -0.066603 0.725673 0.116810
v -0.067841 0.664873 0.104246
v -0.067841 0.725673 0.104246
v -0.066603 0.664873 0.091680
v -0.066603 0.725673 0.091680
v -0.062938 0.664873 0.079598
v -0.062938 0.725673 0.079598
v -0.056986 0.664873 0.068464
v -0.056986 0.725673 0.068464
v -0.048977 0.664873 0.058704
v -0.048977 0.725673 0.058704
v -0.039217 0.664873 0.050694
v -0.039217 0.725673 0.050694
v -0.028082 0.664873 0.044742
v -0.028082 0.725673 0.044742
v -0.016000 0.664873 0.041077
v -0.016000 0.725673 0.041077
v -0.067818 0.664873 0.104017
v 0.060949 0.664873 0.104018
v -0.003435 0.664873 0.104245
v -0.003435 0.725673 0.039841
v -0.003435 0.776417 0.014943
v 0.009130 0.725673 0.041078
v 0.013988 0.776417 0.016658
v 0.021212 0.725673 0.044743
v 0.030741 0.776417 0.021740
v 0.032347 0.725673 0.050695
v 0.046181 0.776417 0.029994
v 0.042107 0.725673 0.058705
v 0.059714 0.776417 0.041099
v 0.050117 0.725673 0.068465
v 0.070820 0.776417 0.054633
v 0.056069 0.725673 0.079600
v 0.079072 0.776417 0.070072
v 0.059734 0.725673 0.091682
v 0.084154 0.776417 0.086825
v 0.060971 0.725673 0.104247
v 0.085870 0.776417 0.104248
v 0.059734 0.725673 0.116812
v 0.084154 0.776417 0.121670
v 0.056069 0.725673 0.128894
v 0.079072 0.776417 0.138423
v 0.050117 0.725673 0.140028
v 0.070820 0.776417 0.153862
v 0.042107 0.725673 0.149788
v 0.059714 0.776417 0.167396
v 0.032347 0.725673 0.157798
v 0.046181 0.776417 0.178502
v 0.021212 0.725673 0.163750
v 0.030741 0.776417 0.186755
v 0.009130 0.725673 0.167415
v 0.013988 0.776417 0.191837
v -0.003435 0.725673 0.168653
v -0.003435 0.776417 0.193552
v -0.016000 0.725673 0.167415
v -0.020857 0.776417 0.191837
v -0.028082 0.725673 0.163750
v -0.037610 0.776417 0.186755
v -0.039217 0.725673 0.157798
v -0.053050 0.776417 0.178502
v -0.048977 0.725673 0.149788
v -0.066583 0.776417 0.167396
v -0.056986 0.725673 0.140028
v -0.077689 0.776417 0.153862
v -0.062938 0.725673 0.128894
v -0.085942 0.776417 0.138423
v -0.066603 0.725673 0.116812
v -0.091024 0.776417 0.121670
v -0.067841 0.725673 0.104247
v -0.092740 0.776417 0.104248
v -0.066603 0.725673 0.091682
v -0.091024 0.776417 0.086825
v -0.062938 0.725673 0.079600
v -0.085942 0.776417 0.070072
v -0.056986 0.725673 0.068465
v -0.077689 0.776417 0.054633
v -0.048977 0.725673 0.058705
v -0.066583 0.776417 0.041099
v -0.039217 0.725673 0.050695
v -0.053050 0.776417 0.029994
v -0.028082 0.725673 0.044743
v -0.037610 0.776417 0.021740
v -0.016000 0.725673 0.041078
v -0.020857 0.776417 0.016658
v -0.067818 0.725673 0.104018
v 0.060949 0.725673 0.104019
v -0.003435 0.776417 0.104248
v 0.013240 0.768605 0.020418
v -0.020109 0.768605 0.020418
v -0.003435 0.768604 0.018776
v -0.003435 0.776417 0.010172
v -0.003435 0.809693 0.010172
v 0.014919 0.776417 0.011980
v 0.014919 0.809693 0.011980
v 0.032566 0.776417 0.017333
v 0.032566 0.809693 0.017333
v 0.048831 0.776417 0.026027
v 0.048831 0.809693 0.026027
v 0.063086 0.776417 0.037726
v 0.063086 0.809693 0.037726
v 0.074786 0.776417 0.051982
v 0.074786 0.809693 0.051982
v 0.083479 0.776417 0.068246
v 0.083479 0.809693 0.068246
v 0.088833 0.776417 0.085894
v 0.088833 0.809693 0.085894
v 0.090640 0.776417 0.104248
v 0.090640 0.809693 0.104248
v 0.088833 0.776417 0.122600
v 0.088833 0.809693 0.122600
v 0.083479 0.776417 0.140248
v 0.083479 0.809693 0.140248
v 0.074786 0.776417 0.156513
v 0.074786 0.809693 0.156513
v 0.063086 0.776417 0.170768
v 0.063086 0.809693 0.170768
v 0.048831 0.776417 0.182468
v 0.048831 0.809693 0.182468
v 0.032566 0.776417 0.191162
v 0.032566 0.809693 0.191162
v 0.014919 0.776417 0.196515
v 0.014919 0.809693 0.196515
v -0.003435 0.776417 0.198322
v -0.003435 0.809693 0.198322
v -0.021788 0.776417 0.196515
v -0.021788 0.809693 0.196515
v -0.039436 0.776417 0.191162
v -0.039436 0.809693 0.191162
v -0.055700 0.776417 0.182468
v -0.055700 0.809693 0.182468
v -0.069956 0.776417 0.170768
v -0.069956 0.809693 0.170768
v -0.081655 0.776417 0.156513
v -0.081655 0.809693 0.156513
v -0.090349 0.776417 0.140248
v -0.090349 0.809693 0.140248
v -0.095702 0.776417 0.122600
v -0.095702 0.809693 0.122600
v -0.097510 0.776417 0.104248
v -0.097510 0.809693 0.104248
v -0.095702 0.776417 0.085894
v -0.095702 0.809693 0.085894
v -0.090349 0.776417 0.068246
v -0.090349 0.809693 0.068246
v -0.081655 0.776417 0.051982
v -0.081655 0.809693 0.051982
v -0.069956 0.776417 0.037726
v -0.069956 0.809693 0.037726
v -0.055700 0.776417 0.026027
v -0.055700 0.809693 0.026027
v -0.039436 0.776417 0.017333
v -0.039436 0.809693 0.017333
v -0.021788 0.776417 0.011980
v -0.021788 0.809693 0.011980
v -0.097477 0.776417 0.103913
v 0.090608 0.776417 0.103915
v -0.003435 0.809693 0.104248
v -0.003435 0.776417 0.104248
v -0.003435 0.809693 0.015275
v -0.003435 0.820278 0.015275
v 0.013923 0.809693 0.016985
v 0.013923 0.820278 0.016985
v 0.030613 0.809693 0.022048
v 0.030613 0.820278 0.022048
v 0.045995 0.809693 0.030270
v 0.045995 0.820278 0.030270
v 0.059478 0.809693 0.041335
v 0.059478 0.820278 0.041335
v 0.070542 0.809693 0.054817
v 0.070542 0.820278 0.054817
v 0.078764 0.809693 0.070199
v 0.078764 0.820278 0.070199
v 0.083827 0.809693 0.086890
v 0.083827 0.820278 0.086890
v 0.085537 0.809693 0.104247
v 0.085537 0.820278 0.104247
v 0.083827 0.809693 0.121604
v 0.083827 0.820278 0.121604
v 0.078764 0.809693 0.138295
v 0.078764 0.820278 0.138295
v 0.070542 0.809693 0.153676
v 0.070542 0.820278 0.153676
v 0.059478 0.809693 0.167159
v 0.059478 0.820278 0.167159
v 0.045995 0.809693 0.178224
v 0.045995 0.820278 0.178224
v 0.030613 0.809693 0.186446
v 0.030613 0.820278 0.186446
v 0.013923 0.809693 0.191509
v 0.013923 0.820278 0.191509
v -0.003435 0.809693 0.193218
v -0.003435 0.820278 0.193218
v -0.020792 0.809693 0.191509
v -0.020792 0.820278 0.191509
v -0.037482 0.809693 0.186446
v -0.037482 0.820278 0.186446
v -0.052864 0.809693 0.178224
v -0.052864 0.820278 0.178224
v -0.066347 0.809693 0.167159
v -0.066347 0.820278 0.167159
v -0.077411 0.809693 0.153676
v -0.077411 0.820278 0.153676
v -0.085633 0.809693 0.138295
v -0.085633 0.820278 0.138295
v -0.090696 0.809693 0.121604
v -0.090696 0.820278 0.121604
v -0.092406 0.809693 0.104247
v -0.092406 0.820278 0.104247
v -0.090696 0.809693 0.086890
v -0.090696 0.820278 0.086890
v -0.085633 0.809693 0.070199
v -0.085633 0.820278 0.070199
v -0.077411 0.809693 0.054817
v -0.077411 0.820278 0.054817
v -0.066347 0.809693 0.041335
v -0.066347 0.820278 0.041335
v -0.052864 0.809693 0.030270
v -0.052864 0.820278 0.030270
v -0.037482 0.809693 0.022048
v -0.037482 0.820278 0.022048
v -0.020792 0.809693 0.016985
v -0.020792 0.820278 0.016985
v -0.092375 0.809693 0.103931
v 0.085506 0.809693 0.103932
v -0.003435 0.820278 0.104247
v -0.003435 0.809693 0.104247
v -0.003435 0.820278 0.015277
v -0.003435 0.879339 0.015277
v 0.013923 0.820278 0.016987
v 0.013923 0.879339 0.016987
v 0.030613 0.820278 0.022049
v 0.030613 0.879339 0.022049
v 0.045995 0.820278 0.030272
v 0.045995 0.879339 0.030272
v 0.059478 0.820278 0.041337
v 0.059478 0.879339 0.041337
v 0.070542 0.820278 0.054819
v 0.070542 0.879339 0.054819
v 0.078764 0.820278 0.070200
v 0.078764 0.879339 0.070200
v 0.083827 0.820278 0.086891
v 0.083827 0.879339 0.086891
v 0.085537 0.820278 0.104248
v 0.085537 0.879339 0.104248
v 0.083827 0.820278 0.121606
v 0.083827 0.879339 0.121606
v 0.078764 0.820278 0.138297
v 0.078764 0.879339 0.138297
v 0.070542 0.820278 0.153678
v 0.070542 0.879339 0.153678
v 0.059478 0.820278 0.167160
v 0.059478 0.879339 0.167160
v 0.045995 0.820278 0.178225
v 0.045995 0.879339 0.178225
v 0.030613 0.820278 0.186448
v 0.030613 0.879339 0.186448
v 0.013923 0.820278 0.191511
v 0.013923 0.879339 0.191511
v -0.003435 0.820278 0.193220
v -0.003435 0.879339 0.193220
v -0.020792 0.820278 0.191511
v -0.020792 0.879339 0.191511
v -0.037482 0.820278 0.186448
v -0.037482 0.879339 0.186448
v -0.052864 0.820278 0.178225
v -0.052864 0.879339 0.178225
v -0.066347 0.820278 0.167160
v -0.066347 0.879339 0.167160
v -0.077411 0.820278 0.153678
v -0.077411 0.879339 0.153678
v -0.085633 0.820278 0.138297
v -0.085633 0.879339 0.138297
v -0.090696 0.820278 0.121606
v -0.090696 0.879339 0.121606
v -0.092406 0.820278 0.104248
v -0.092406 0.879339 0.104248
v -0.090696 0.820278 0.086891
v -0.090696 0.879339 0.086891
v -0.085633 0.820278 0.070200
v -0.085633 0.879339 0.070200
v -0.077411 0.820278 0.054819
v -0.077411 0.879339 0.054819
v -0.066347 0.820278 0.041337
v -0.066347 0.879339 0.041337
v -0.052864 0.820278 0.030272
v -0.052864 0.879339 0.030272
v -0.037482 0.820278 0.022049
v -0.037482 0.879339 0.022049
v -0.020792 0.820278 0.016987
v -0.020792 0.879339 0.016987
v -0.003435 0.879339 0.104247
v -0.003435 0.879339 0.104247
v -0.092375 0.820278 0.103932
v 0.085506 0.820278 0.103934
v -0.003435 0.820278 0.104248
v -0.003435 0.879338 0.038050
v -0.003435 0.968403 0.038050
v 0.009480 0.879338 0.039321
v 0.009480 0.968403 0.039321
v 0.021897 0.879338 0.043088
v 0.021897 0.968403 0.043088
v 0.033342 0.879338 0.049206
v 0.033342 0.968403 0.049206
v 0.043373 0.879338 0.057438
v 0.043373 0.968403 0.057438
v 0.051605 0.879338 0.067469
v 0.051605 0.968403 0.067469
v 0.057722 0.879338 0.078913
v 0.057722 0.968403 0.078913
v 0.061489 0.879338 0.091331
v 0.061489 0.968403 0.091331
v 0.062761 0.879338 0.104246
v 0.062761 0.968403 0.104246
v 0.061489 0.879338 0.117159
v 0.061489 0.968403 0.117159
v 0.057722 0.879338 0.129577
v 0.057722 0.968403 0.129577
v 0.051605 0.879338 0.141021
v 0.051605 0.968403 0.141021
v 0.043373 0.879338 0.151053
v 0.043373 0.968403 0.151053
v 0.033342 0.879338 0.159285
v 0.033342 0.968403 0.159285
v 0.021897 0.879338 0.165402
v 0.021897 0.968403 0.165402
v 0.009480 0.879338 0.169169
v 0.009480 0.968403 0.169169
v -0.003435 0.879338 0.170440
v -0.003435 0.968403 0.170440
v -0.016349 0.879338 0.169169
v -0.016349 0.968403 0.169169
v -0.028766 0.879338 0.165402
v -0.028766 0.968403 0.165402
v -0.040211 0.879338 0.159285
v -0.040211 0.968403 0.159285
v -0.050242 0.879338 0.151053
v -0.050242 0.968403 0.151053
v -0.058474 0.879338 0.141021
v -0.058474 0.968403 0.141021
v -0.064591 0.879338 0.129577
v -0.064591 0.968403 0.129577
v -0.068358 0.879338 0.117159
v -0.068358 0.968403 0.117159
v -0.069630 0.879338 0.104246
v -0.069630 0.968403 0.104246
v -0.068358 0.879338 0.091331
v -0.068358 0.968403 0.091331
v -0.064591 0.879338 0.078913
v -0.064591 0.968403 0.078913
v -0.058474 0.879338 0.067469
v -0.058474 0.968403 0.067469
v -0.050242 0.879338 0.057438
v -0.050242 0.968403 0.057438
v -0.040211 0.879338 0.049206
v -0.040211 0.968403 0.049206
v -0.028766 0.879338 0.043088
v -0.028766 0.968403 0.043088
v -0.016349 0.879338 0.039321
v -0.016349 0.968403 0.039321
v -0.003435 0.879338 0.104247
v -0.003435 0.968403 0.104247
v -0.003435 0.968403 0.060504
v -0.003435 1.027256 0.060504
v 0.005099 0.968403 0.061345
v 0.005099 1.027256 0.061345
v 0.013305 0.968403 0.063834
v 0.013305 1.027256 0.063834
v 0.020867 0.968403 0.067875
v 0.020867 1.027256 0.067875
v 0.027495 0.968403 0.073316
v 0.027495 1.027256 0.073316
v 0.032935 0.968403 0.079944
v 0.032935 1.027256 0.079944
v 0.036977 0.968403 0.087507
v 0.036977 1.027256 0.087507
v 0.039466 0.968403 0.095712
v 0.039466 1.027256 0.095712
v 0.040307 0.968403 0.104246
v 0.040307 1.027256 0.104246
v 0.039466 0.968403 0.112779
v 0.039466 1.027256 0.112779
v 0.036977 0.968403 0.120985
v 0.036977 1.027256 0.120985
v 0.032935 0.968403 0.128547
v 0.032935 1.027256 0.128547
v 0.027495 0.968403 0.135175
v 0.027495 1.027256 0.135175
v 0.020867 0.968403 0.140615
v 0.020867 1.027256 0.140615
v 0.013305 0.968403 0.144657
v 0.013305 1.027256 0.144657
v 0.005099 0.968403 0.147147
v 0.005099 1.027256 0.147147
v -0.003435 0.968403 0.147987
v -0.003435 1.027256 0.147987
v -0.011968 0.968403 0.147147
v -0.011968 1.027256 0.147147
v -0.020174 0.968403 0.144657
v -0.020174 1.027256 0.144657
v -0.027736 0.968403 0.140615
v -0.027736 1.027256 0.140615
v -0.034364 0.968403 0.135175
v -0.034364 1.027256 0.135175
v -0.039804 0.968403 0.128547
v -0.039804 1.027256 0.128547
v -0.043846 0.968403 0.120985
v -0.043846 1.027256 0.120985
v -0.046335 0.968403 0.112779
v -0.046335 1.027256 0.112779
v -0.047176 0.968403 0.104246
v -0.047176 1.027256 0.104246
v -0.046335 0.968403 0.095712
v -0.046335 1.027256 0.095712
v -0.043846 0.968403 0.087507
v -0.043846 1.027256 0.087507
v -0.039804 0.968403 0.079944
v -0.039804 1.027256 0.079944
v -0.034364 0.968403 0.073316
v -0.034364 1.027256 0.073316
v -0.027736 0.968403 0.067875
v -0.027736 1.027256 0.067875
v -0.020174 0.968403 0.063834
v -0.020174 1.027256 0.063834
v -0.011968 0.968403 0.061345
v -0.011968 1.027256 0.061345
v -0.003435 0.968403 0.104247
v -0.003435 1.027256 0.104247
v 0.043584 0.776417 0.032253
v 0.061195 0.664873 -0.002521
v 0.045591 0.768605 0.035108
v 0.033508 0.664873 0.052147
v 0.026777 0.776417 0.023741
v 0.044389 0.664873 -0.011033
v 0.023288 0.768605 0.023813
v 0.016702 0.664873 0.043637
v 0.035181 0.768604 0.027997
v 0.025664 0.664873 0.046788
v 0.035180 0.768584 0.027997
v 0.052792 0.664873 -0.006777
v 0.043584 0.706322 0.032253
v 0.033508 0.706322 0.052147
v 0.016702 0.706322 0.043637
v 0.026777 0.706322 0.023741
v 0.035180 0.706322 0.027997
v 0.025664 0.706322 0.046788
v 0.033508 0.725673 0.052147
v 0.016702 0.725673 0.043637
v 0.026777 0.725673 0.023741
v 0.035180 0.725673 0.027997
v 0.025664 0.725673 0.046788
v 0.043584 0.725673 0.032253
v -0.033571 0.776417 0.023713
v -0.051149 0.664873 -0.011078
v -0.030081 0.768605 0.023788
v -0.023514 0.664873 0.043618
v -0.050385 0.776417 0.032208
v -0.067963 0.664873 -0.002583
v -0.052395 0.768605 0.035062
v -0.040328 0.664873 0.052113
v -0.041978 0.768604 0.027960
v -0.032479 0.664873 0.046760
v -0.041978 0.768584 0.027960
v -0.059556 0.664873 -0.006831
v -0.033571 0.706322 0.023713
v -0.023514 0.706322 0.043618
v -0.040328 0.706322 0.052113
v -0.050385 0.706322 0.032208
v -0.041978 0.706322 0.027960
v -0.032479 0.706322 0.046760
v -0.023514 0.725673 0.043618
v -0.040328 0.725673 0.052113
v -0.050385 0.725673 0.032208
v -0.041978 0.725673 0.027960
v -0.032479 0.725673 0.046761
v -0.033571 0.725673 0.023713
v -0.003435 0.306963 -0.117548
v -0.003435 0.324196 -0.117548
v 0.008166 0.306963 -0.116406
v 0.008166 0.324196 -0.116406
v 0.019321 0.306963 -0.113022
v 0.019321 0.324196 -0.113022
v 0.029601 0.306963 -0.107527
v 0.029601 0.324196 -0.107527
v 0.038612 0.306963 -0.100132
v 0.038612 0.324196 -0.100132
v 0.046006 0.306963 -0.091122
v 0.046006 0.324196 -0.091122
v 0.051501 0.306963 -0.080842
v 0.051501 0.324196 -0.080842
v 0.054885 0.306963 -0.069686
v 0.054885 0.324196 -0.069686
v 0.056028 0.306963 -0.058086
v 0.056028 0.324196 -0.058086
v 0.054885 0.306963 -0.046485
v 0.054885 0.324196 -0.046485
v 0.051501 0.306963 -0.035331
v 0.051501 0.324196 -0.035331
v 0.046006 0.306963 -0.025051
v 0.046006 0.324196 -0.025051
v 0.038612 0.306963 -0.016040
v 0.038612 0.324196 -0.016040
v 0.029601 0.306963 -0.008646
v 0.029601 0.324196 -0.008646
v 0.019321 0.306963 -0.003150
v 0.019321 0.324196 -0.003150
v 0.008166 0.306963 0.000233
v 0.008166 0.324196 0.000233
v -0.003435 0.306963 0.001376
v -0.003435 0.324196 0.001376
v -0.015035 0.306963 0.000233
v -0.015035 0.324196 0.000233
v -0.026190 0.306963 -0.003150
v -0.026190 0.324196 -0.003150
v -0.036470 0.306963 -0.008646
v -0.036470 0.324196 -0.008646
v -0.045481 0.306963 -0.016040
v -0.045481 0.324196 -0.016040
v -0.052876 0.306963 -0.025051
v -0.052876 0.324196 -0.025051
v -0.058371 0.306963 -0.035331
v -0.058371 0.324196 -0.035331
v -0.061754 0.306963 -0.046485
v -0.061754 0.324196 -0.046485
v -0.062897 0.306963 -0.058086
v -0.062897 0.324196 -0.058086
v -0.061754 0.306963 -0.069686
v -0.061754 0.324196 -0.069686
v -0.058371 0.306963 -0.080842
v -0.058371 0.324196 -0.080842
v -0.052876 0.306963 -0.091122
v -0.052876 0.324196 -0.091122
v -0.045481 0.306963 -0.100132
v -0.045481 0.324196 -0.100132
v -0.036470 0.306963 -0.107527
v -0.036470 0.324196 -0.107527
v -0.026190 0.306963 -0.113022
v -0.026190 0.324196 -0.113022
v -0.015035 0.306963 -0.116406
v -0.015035 0.324196 -0.116406
v -0.003435 0.324196 -0.058085
v -0.003435 0.306963 -0.058298
v -0.062876 0.306963 -0.058298
v 0.056007 0.306963 -0.058297
v -0.003435 0.306963 -0.058298
v -0.003435 0.451951 0.104245
v -0.003435 0.644137 0.104245
v -0.003435 0.451951 0.104245
v -0.003435 0.548044 0.104245
vn 1.0000 -0.0000 -0.0000
vn -0.0000 -0.0000 1.0000
vn -1.0000 -0.0000 -0.0000
vn -0.0000 -0.0000 -1.0000
vn -0.0000 1.0000 -0.0000
vn -0.0000 -1.0000 -0.0000
vn -0.7730 -0.0000 -0.6344
vn 0.6344 -0.0000 -0.7730
vn 0.9955 -0.0000 -0.0948
vn -0.8819 -0.0000 -0.4714
vn 0.7730 -0.0000 -0.6344
vn -0.9955 -0.0000 -0.0948
vn 0.9569 -0.0000 -0.2903
vn 0.8819 -0.0000 -0.4714
vn -0.9569 -0.0000 -0.2903
vn -0.6344 -0.0000 -0.7730
vn -0.6343 0.0001 -0.7731
vn -0.6343 -0.0000 -0.7731
vn 0.4714 -0.0000 -0.8819
vn 0.3941 -0.0000 -0.9191
vn -0.4714 -0.0000 -0.8819
vn -0.4715 0.0001 -0.8819
vn -0.4715 -0.0000 -0.8819
vn 0.6343 -0.0000 -0.7731
vn -0.3941 -0.0000 -0.9190
vn -0.9952 -0.0000 -0.0980
vn 0.7730 -0.0000 -0.6345
vn 0.9952 -0.0000 -0.0980
vn 0.8820 -0.0000 -0.4713
vn -0.7731 -0.0000 -0.6343
vn -0.7732 -0.0000 -0.6342
vn -0.8820 -0.0000 -0.4713
vn -0.9570 -0.0000 -0.2902
vn -0.8820 -0.0001 -0.4713
vn -0.9570 -0.0001 -0.2902
vn 0.0980 -0.0000 -0.9952
vn 0.2903 -0.0000 -0.9569
vn 0.9952 -0.0000 0.0980
vn 0.9569 -0.0000 0.2903
vn 0.8819 -0.0000 0.4715
vn 0.7731 -0.0000 0.6343
vn 0.6343 -0.0000 0.7731
vn 0.4715 -0.0000 0.8819
vn 0.2903 -0.0000 0.9569
vn 0.0979 -0.0000 0.9952
vn -0.0979 -0.0000 0.9952
vn -0.2903 -0.0000 0.9569
vn -0.4715 -0.0000 0.8819
vn -0.6343 -0.0000 0.7731
vn -0.7731 -0.0000 0.6343
vn -0.8819 -0.0000 0.4715
vn -0.9569 -0.0000 0.2903
vn -0.9952 -0.0000 0.0980
vn -0.2903 -0.0000 -0.9569
vn -0.0980 -0.0000 -0.9952
vn 0.0984 -0.0000 -0.9952
vn 0.2900 -0.0000 -0.9570
vn 0.8820 -0.0000 -0.4712
vn 0.9569 -0.0000 -0.2904
vn 0.9570 -0.0000 0.2902
vn 0.8819 -0.0000 0.4714
vn 0.7730 -0.0000 0.6344
vn 0.6344 -0.0000 0.7730
vn 0.4714 -0.0000 0.8819
vn 0.2904 -0.0000 0.9569
vn 0.0981 -0.0000 0.9952
vn -0.0981 -0.0000 0.9952
vn -0.2904 -0.0000 0.9569
vn -0.4714 -0.0000 0.8819
vn -0.6344 -0.0000 0.7730
vn -0.7730 -0.0000 0.6344
vn -0.8819 -0.0000 0.4714
vn -0.9570 -0.0000 0.2902
vn -0.9569 -0.0000 -0.2904
vn -0.8820 -0.0000 -0.4712
vn -0.2900 -0.0000 -0.9570
vn -0.0984 -0.0000 -0.9952
vn 0.0979 -0.0000 -0.9952
vn -0.0979 -0.0000 -0.9952
vn 0.0978 -0.0000 -0.9952
vn 0.4713 -0.0000 -0.8820
vn 0.6345 -0.0000 -0.7729
vn 0.7729 -0.0000 -0.6345
vn 0.8819 -0.0000 -0.4713
vn 0.9570 -0.0000 -0.2902
vn 0.9952 -0.0000 -0.0981
vn 0.9952 -0.0000 0.0981
vn 0.9570 -0.0000 0.2903
vn 0.8819 -0.0000 0.4713
vn 0.4713 -0.0000 0.8820
vn -0.4713 -0.0000 0.8820
vn -0.8819 -0.0000 0.4713
vn -0.9570 -0.0000 0.2903
vn -0.8819 -0.0000 -0.4713
vn -0.7729 -0.0000 -0.6346
vn -0.6345 -0.0000 -0.7729
vn -0.4713 -0.0000 -0.8820
vn -0.0978 -0.0000 -0.9952
vn 0.0982 -0.0000 -0.9952
vn 0.2898 -0.0000 -0.9571
vn 0.4716 -0.0000 -0.8818
vn 0.8819 -0.0000 -0.4715
vn 0.8820 -0.0000 0.4713
vn 0.7732 -0.0000 0.6342
vn 0.6341 -0.0000 0.7733
vn 0.4712 -0.0000 0.8820
vn 0.2911 -0.0000 0.9567
vn 0.0977 -0.0000 0.9952
vn -0.0977 -0.0000 0.9952
vn -0.2911 -0.0000 0.9567
vn -0.4712 -0.0000 0.8820
vn -0.6341 -0.0000 0.7733
vn -0.7732 -0.0000 0.6342
vn -0.8820 -0.0000 0.4713
vn -0.9952 -0.0000 0.0981
vn -0.8819 -0.0000 -0.4715
vn -0.7730 -0.0000 -0.6345
vn -0.4716 -0.0000 -0.8818
vn -0.2898 -0.0000 -0.9571
vn -0.0982 -0.0000 -0.9952
vn 0.4715 -0.0000 -0.8819
vn 0.4713 -0.0000 0.8819
vn -0.4713 -0.0000 0.8819
vn -0.9570 -0.0000 -0.2903
vn 0.0980 -0.0000 0.9952
vn -0.0980 -0.0000 0.9952
vn 0.0880 -0.4388 -0.8943
vn 0.2609 -0.4388 -0.8599
vn 0.4236 -0.4388 -0.7925
vn 0.5701 -0.4388 -0.6946
vn 0.6946 -0.4388 -0.5701
vn 0.7925 -0.4388 -0.4236
vn 0.8599 -0.4388 -0.2608
vn 0.8943 -0.4388 -0.0881
vn 0.8943 -0.4388 0.0881
vn 0.8599 -0.4388 0.2608
vn 0.7925 -0.4388 0.4236
vn 0.6946 -0.4388 0.5700
vn 0.5700 -0.4388 0.6946
vn 0.4236 -0.4388 0.7925
vn 0.2608 -0.4388 0.8599
vn 0.0881 -0.4388 0.8943
vn -0.0881 -0.4388 0.8943
vn -0.2608 -0.4388 0.8599
vn -0.4236 -0.4388 0.7925
vn -0.5700 -0.4388 0.6946
vn -0.6946 -0.4388 0.5700
vn -0.7925 -0.4388 0.4236
vn -0.8599 -0.4388 0.2608
vn -0.8943 -0.4388 0.0881
vn -0.8943 -0.4388 -0.0881
vn -0.8599 -0.4388 -0.2608
vn -0.7925 -0.4388 -0.4236
vn -0.6946 -0.4388 -0.5701
vn -0.5701 -0.4388 -0.6946
vn -0.4236 -0.4388 -0.7925
vn -0.2609 -0.4388 -0.8599
vn -0.0880 -0.4388 -0.8943
vn -0.0881 -0.4388 -0.8943
vn 0.0881 -0.4388 -0.8943
vn 0.2902 -0.0000 -0.9570
vn -0.2902 -0.0000 -0.9570
vn 0.6345 -0.0000 -0.7730
vn -0.6345 -0.0000 -0.7730
vn 0.8921 -0.0000 0.4518
vn -0.3317 -0.0000 0.9434
vn -0.8921 -0.0000 -0.4518
vn 0.3291 0.6851 -0.6499
vn -0.3277 0.1552 0.9320
vn -0.5574 0.1551 0.8156
vn -0.5642 -0.0000 0.8257
vn 0.4519 -0.0000 -0.8921
vn 0.4518 -0.0000 -0.8921
vn 0.9473 -0.0651 0.3136
vn -0.2983 0.4375 0.8483
vn -0.8134 -0.0651 -0.5781
vn -0.5073 0.4375 0.7425
vn 0.8925 -0.0000 -0.4510
vn 0.5634 -0.0000 0.8262
vn -0.8925 -0.0000 0.4510
vn -0.3285 0.6851 -0.6502
vn 0.5567 0.1553 0.8161
vn 0.3267 0.1553 0.9323
vn 0.3308 -0.0000 0.9437
vn -0.4510 -0.0000 -0.8925
vn -0.8925 -0.0000 0.4509
vn 0.8925 -0.0000 -0.4509
vn 0.8139 -0.0651 -0.5773
vn 0.5066 0.4375 0.7430
vn -0.9476 -0.0652 0.3127
vn 0.2976 0.4375 0.8486
vt 0.588970 0.225901
vt 0.588970 0.250000
vt 0.625000 0.250000
vt 0.625000 0.225901
vt 0.588970 0.375000
vt 0.588970 0.500000
vt 0.625000 0.500000
vt 0.625000 0.375000
vt 0.588970 0.742491
vt 0.588970 0.750000
vt 0.625000 0.750000
vt 0.625000 0.742491
vt 0.588970 0.875000
vt 0.588970 1.000000
vt 0.625000 1.000000
vt 0.625000 0.875000
vt 0.250000 0.742491
vt 0.250000 0.750000
vt 0.375000 0.750000
vt 0.375000 0.742491
vt 0.750000 0.742491
vt 0.750000 0.750000
vt 0.875000 0.750000
vt 0.875000 0.742491
vt 0.750000 0.500000
vt 0.750000 0.524099
vt 0.875000 0.524099
vt 0.875000 0.500000
vt 0.750000 0.549099
vt 0.875000 0.549099
vt 0.750000 0.574099
vt 0.875000 0.574099
vt 0.750000 0.599099
vt 0.875000 0.599099
vt 0.750000 0.624099
vt 0.875000 0.624099
vt 0.750000 0.649099
vt 0.875000 0.649099
vt 0.750000 0.674099
vt 0.875000 0.674099
vt 0.750000 0.699099
vt 0.875000 0.699099
vt 0.750000 0.711599
vt 0.750000 0.724099
vt 0.875000 0.724099
vt 0.875000 0.711599
vt 0.250000 0.586443
vt 0.250000 0.599099
vt 0.375000 0.599099
vt 0.375000 0.586443
vt 0.250000 0.624099
vt 0.375000 0.624099
vt 0.250000 0.649099
vt 0.375000 0.649099
vt 0.250000 0.674099
vt 0.375000 0.674099
vt 0.250000 0.699099
vt 0.375000 0.699099
vt 0.250000 0.711599
vt 0.250000 0.724099
vt 0.375000 0.724099
vt 0.375000 0.711599
vt 0.588970 0.524099
vt 0.625000 0.524099
vt 0.588970 0.549099
vt 0.625000 0.549099
vt 0.588970 0.574099
vt 0.625000 0.574099
vt 0.588970 0.599099
vt 0.625000 0.599099
vt 0.588970 0.624099
vt 0.625000 0.624099
vt 0.588970 0.649099
vt 0.625000 0.649099
vt 0.588970 0.674099
vt 0.625000 0.674099
vt 0.588970 0.699099
vt 0.625000 0.699099
vt 0.588970 0.711599
vt 0.588970 0.724099
vt 0.625000 0.724099
vt 0.625000 0.711599
vt 0.588970 0.021090
vt 0.588970 0.025901
vt 0.625000 0.025901
vt 0.625000 0.021090
vt 0.588970 0.045656
vt 0.588970 0.050901
vt 0.625000 0.050901
vt 0.625000 0.045656
vt 0.588970 0.075901
vt 0.625000 0.075901
vt 0.588970 0.100901
vt 0.625000 0.100901
vt 0.588970 0.125901
vt 0.625000 0.125901
vt 0.588970 0.150901
vt 0.625000 0.150901
vt 0.588970 0.175901
vt 0.625000 0.175901
vt 0.588970 0.200901
vt 0.625000 0.200901
vt 0.517541 0.200901
vt 0.517541 0.225901
vt 0.553255 0.225901
vt 0.553255 0.200901
vt 0.517541 0.175901
vt 0.553255 0.175901
vt 0.375000 0.163557
vt 0.375000 0.175901
vt 0.410398 0.175901
vt 0.410398 0.163557
vt 0.517541 0.150901
vt 0.553255 0.150901
vt 0.375000 0.125901
vt 0.375000 0.150901
vt 0.410398 0.150901
vt 0.410398 0.125901
vt 0.375000 0.574099
vt 0.410398 0.574099
vt 0.410398 0.375000
vt 0.250000 0.574099
vt 0.553255 0.125901
vt 0.375000 0.100901
vt 0.410398 0.100901
vt 0.415255 0.100901
vt 0.415255 0.125901
vt 0.446112 0.125901
vt 0.446113 0.100901
vt 0.481827 0.125901
vt 0.481827 0.100901
vt 0.517541 0.125901
vt 0.517541 0.100901
vt 0.553255 0.100901
vt 0.375000 0.075901
vt 0.410398 0.075901
vt 0.415255 0.075901
vt 0.446113 0.075901
vt 0.481827 0.075901
vt 0.517541 0.075901
vt 0.553255 0.075901
vt 0.375000 0.050901
vt 0.410398 0.050901
vt 0.415255 0.050901
vt 0.446113 0.050901
vt 0.481827 0.050901
vt 0.517541 0.050901
vt 0.553255 0.050901
vt 0.375000 0.045656
vt 0.410398 0.045656
vt 0.415255 0.045656
vt 0.446113 0.045656
vt 0.481827 0.045656
vt 0.517541 0.045656
vt 0.553255 0.045656
vt 0.375000 0.021090
vt 0.375000 0.025901
vt 0.410398 0.025901
vt 0.410398 0.021090
vt 0.415255 0.021090
vt 0.415255 0.025901
vt 0.446113 0.025901
vt 0.446113 0.021090
vt 0.481827 0.025901
vt 0.481827 0.021090
vt 0.517541 0.025901
vt 0.517541 0.021090
vt 0.553255 0.025901
vt 0.553255 0.021090
vt 0.410398 0.724099
vt 0.410398 0.711599
vt 0.415255 0.711599
vt 0.415255 0.724099
vt 0.446112 0.724099
vt 0.446112 0.711599
vt 0.481827 0.724099
vt 0.481827 0.711599
vt 0.517541 0.724099
vt 0.517541 0.711599
vt 0.553255 0.724099
vt 0.553255 0.711599
vt 0.410398 0.699099
vt 0.410398 0.674099
vt 0.415255 0.674099
vt 0.415255 0.699099
vt 0.446112 0.699099
vt 0.446112 0.674099
vt 0.481827 0.699099
vt 0.481827 0.674099
vt 0.517541 0.699099
vt 0.517541 0.674099
vt 0.553255 0.699099
vt 0.553255 0.674099
vt 0.410398 0.649099
vt 0.415255 0.649099
vt 0.446112 0.649099
vt 0.481827 0.649099
vt 0.517541 0.649099
vt 0.553255 0.649099
vt 0.410398 0.624099
vt 0.415255 0.624099
vt 0.446113 0.624099
vt 0.481827 0.624099
vt 0.517541 0.624099
vt 0.553255 0.624099
vt 0.410398 0.599099
vt 0.553255 0.599099
vt 0.410398 0.586443
vt 0.517541 0.574099
vt 0.517541 0.599099
vt 0.553255 0.574099
vt 0.517541 0.549099
vt 0.553255 0.549099
vt 0.517541 0.524099
vt 0.553255 0.524099
vt 0.517541 0.500000
vt 0.553255 0.500000
vt 0.375000 0.875000
vt 0.375000 1.000000
vt 0.410398 1.000000
vt 0.410398 0.875000
vt 0.415255 0.875000
vt 0.415255 1.000000
vt 0.446113 1.000000
vt 0.446113 0.875000
vt 0.481827 1.000000
vt 0.481827 0.875000
vt 0.517541 1.000000
vt 0.517541 0.875000
vt 0.553255 1.000000
vt 0.553255 0.875000
vt 0.410398 0.750000
vt 0.410398 0.742491
vt 0.415255 0.742491
vt 0.415255 0.750000
vt 0.446113 0.750000
vt 0.446112 0.742491
vt 0.481827 0.750000
vt 0.481827 0.742491
vt 0.517541 0.750000
vt 0.517541 0.742491
vt 0.553255 0.750000
vt 0.553255 0.742491
vt 0.517541 0.375000
vt 0.553255 0.375000
vt 0.517541 0.250000
vt 0.553255 0.250000
vt 0.410398 0.375000
vt 0.410398 0.375000
vt 0.415255 0.375000
vt 0.446113 0.375000
vt 0.481827 0.375000
vt 0.517541 0.375000
vt 0.553255 0.375000
vt 0.517541 0.375000
vt 0.517541 0.375000
vt 0.553255 0.375000
vt 0.125000 0.711599
vt 0.125000 0.724099
vt 0.125000 0.674099
vt 0.125000 0.699099
vt 0.125000 0.649099
vt 0.125000 0.624099
vt 0.125000 0.599099
vt 0.125000 0.586443
vt 0.125000 0.742491
vt 0.125000 0.750000
vt 0.125000 0.574099
vt 0.625000 0.709401
vt 0.750000 0.709401
vt 0.125000 0.709401
vt 0.250000 0.709401
vt 0.553255 0.709401
vt 0.588970 0.709401
vt 0.517541 0.709401
vt 0.481827 0.709401
vt 0.446112 0.709401
vt 0.415255 0.709401
vt 0.375000 0.709401
vt 0.410398 0.709401
vt 0.553255 0.038401
vt 0.588970 0.038401
vt 0.517541 0.038401
vt 0.481827 0.038401
vt 0.446113 0.038401
vt 0.415255 0.038401
vt 0.375000 0.038401
vt 0.410398 0.038401
vt 0.625000 0.038401
vt 0.875000 0.709401
vt 0.750000 0.704344
vt 0.875000 0.704344
vt 0.250000 0.704344
vt 0.375000 0.704344
vt 0.588970 0.704344
vt 0.625000 0.704344
vt 0.410398 0.704344
vt 0.415255 0.704344
vt 0.446112 0.704344
vt 0.481827 0.704344
vt 0.517541 0.704344
vt 0.553255 0.704344
vt 0.125000 0.704344
vt 0.553255 0.040599
vt 0.588970 0.040599
vt 0.517541 0.040599
vt 0.481827 0.040599
vt 0.446113 0.040599
vt 0.415255 0.040599
vt 0.375000 0.040599
vt 0.410398 0.040599
vt 0.625000 0.040599
vt 0.125000 0.728910
vt 0.250000 0.728910
vt 0.625000 0.728910
vt 0.750000 0.728910
vt 0.553255 0.728910
vt 0.588970 0.728910
vt 0.517541 0.728910
vt 0.481827 0.728910
vt 0.446112 0.728910
vt 0.415255 0.728910
vt 0.375000 0.728910
vt 0.410398 0.728910
vt 0.553255 0.017515
vt 0.588970 0.017515
vt 0.517541 0.017515
vt 0.481827 0.017515
vt 0.446113 0.017515
vt 0.415255 0.017515
vt 0.375000 0.017515
vt 0.410398 0.017515
vt 0.625000 0.017515
vt 0.875000 0.728910
vt 0.588970 0.015313
vt 0.625000 0.015313
vt 0.375000 0.015313
vt 0.410398 0.015313
vt 0.415255 0.015313
vt 0.446113 0.015313
vt 0.481827 0.015313
vt 0.517541 0.015313
vt 0.553255 0.015313
vt 0.125000 0.732485
vt 0.250000 0.732485
vt 0.625000 0.732485
vt 0.750000 0.732485
vt 0.553255 0.732485
vt 0.588970 0.732485
vt 0.517541 0.732485
vt 0.481827 0.732485
vt 0.446112 0.732485
vt 0.415255 0.732485
vt 0.375000 0.732485
vt 0.410398 0.732485
vt 0.875000 0.732485
vt 0.553255 0.011411
vt 0.588970 0.011411
vt 0.517541 0.011411
vt 0.481827 0.011411
vt 0.446113 0.011411
vt 0.415255 0.011411
vt 0.375000 0.011411
vt 0.410398 0.011411
vt 0.625000 0.011411
vt 0.125000 0.734687
vt 0.250000 0.734687
vt 0.625000 0.734687
vt 0.750000 0.734687
vt 0.553255 0.734687
vt 0.588970 0.734687
vt 0.517541 0.734687
vt 0.481827 0.734687
vt 0.446112 0.734687
vt 0.415255 0.734687
vt 0.375000 0.734687
vt 0.410398 0.734687
vt 0.875000 0.734687
vt 0.588970 0.000000
vt 0.588970 0.007509
vt 0.625000 0.007509
vt 0.625000 0.000000
vt 0.375000 0.000000
vt 0.375000 0.007509
vt 0.410398 0.007509
vt 0.410398 0.000000
vt 0.415255 0.000000
vt 0.415255 0.007509
vt 0.446113 0.007509
vt 0.446112 0.000000
vt 0.481827 0.007509
vt 0.481827 0.000000
vt 0.517541 0.007509
vt 0.517541 0.000000
vt 0.553255 0.007509
vt 0.553255 0.000000
vt 0.125000 0.741467
vt 0.250000 0.741467
vt 0.625000 0.741467
vt 0.750000 0.741467
vt 0.553255 0.741467
vt 0.588970 0.741467
vt 0.517541 0.741467
vt 0.481827 0.741467
vt 0.446112 0.741467
vt 0.415255 0.741467
vt 0.375000 0.741467
vt 0.410398 0.741467
vt 0.875000 0.741467
vt 0.588970 0.738589
vt 0.625000 0.738589
vt 0.250000 0.738589
vt 0.375000 0.738589
vt 0.750000 0.738589
vt 0.875000 0.738589
vt 0.410398 0.738589
vt 0.415255 0.738589
vt 0.446112 0.738589
vt 0.481827 0.738589
vt 0.517541 0.738589
vt 0.553255 0.738589
vt 0.125000 0.738589
vt 0.588970 0.010484
vt 0.625000 0.010484
vt 0.375000 0.010484
vt 0.410398 0.010484
vt 0.415255 0.010484
vt 0.446113 0.010484
vt 0.481827 0.010484
vt 0.517541 0.010484
vt 0.553255 0.010484
vt 0.553255 0.008533
vt 0.588970 0.008533
vt 0.553255 0.009509
vt 0.588970 0.009509
vt 0.517541 0.008533
vt 0.517541 0.009509
vt 0.481827 0.008533
vt 0.481827 0.009509
vt 0.446113 0.008533
vt 0.446112 0.009509
vt 0.415255 0.008533
vt 0.415255 0.009509
vt 0.375000 0.008533
vt 0.410398 0.008533
vt 0.375000 0.009509
vt 0.410398 0.009509
vt 0.625000 0.008533
vt 0.625000 0.009509
vt 0.588970 0.739516
vt 0.625000 0.739516
vt 0.588970 0.740491
vt 0.625000 0.740491
vt 0.250000 0.739516
vt 0.375000 0.739516
vt 0.250000 0.740491
vt 0.375000 0.740491
vt 0.750000 0.739516
vt 0.875000 0.739516
vt 0.750000 0.740491
vt 0.875000 0.740491
vt 0.410398 0.739516
vt 0.410398 0.740491
vt 0.415255 0.739516
vt 0.446112 0.739516
vt 0.415255 0.740491
vt 0.446112 0.740491
vt 0.481827 0.739516
vt 0.481827 0.740491
vt 0.517541 0.739516
vt 0.517541 0.740491
vt 0.553255 0.739516
vt 0.553255 0.740491
vt 0.125000 0.739516
vt 0.125000 0.740491
vt 1.000000 0.500000
vt 1.000000 1.000000
vt 0.968750 1.000000
vt 0.968750 0.500000
vt 0.937500 1.000000
vt 0.937500 0.500000
vt 0.906250 1.000000
vt 0.906250 0.500000
vt 0.875000 1.000000
vt 0.843750 1.000000
vt 0.843750 0.500000
vt 0.812500 1.000000
vt 0.812500 0.500000
vt 0.781250 1.000000
vt 0.781250 0.500000
vt 0.750000 1.000000
vt 0.718750 1.000000
vt 0.718750 0.500000
vt 0.687500 1.000000
vt 0.687500 0.500000
vt 0.656250 1.000000
vt 0.656250 0.500000
vt 0.593750 1.000000
vt 0.593750 0.500000
vt 0.562500 1.000000
vt 0.562500 0.500000
vt 0.531250 1.000000
vt 0.531250 0.500000
vt 0.500000 1.000000
vt 0.500000 0.500000
vt 0.468750 1.000000
vt 0.468750 0.500000
vt 0.437500 1.000000
vt 0.437500 0.500000
vt 0.406250 1.000000
vt 0.406250 0.500000
vt 0.375000 0.500000
vt 0.343750 1.000000
vt 0.343750 0.500000
vt 0.312500 1.000000
vt 0.312500 0.500000
vt 0.281250 1.000000
vt 0.281250 0.500000
vt 0.250000 1.000000
vt 0.250000 0.500000
vt 0.218750 1.000000
vt 0.218750 0.500000
vt 0.187500 1.000000
vt 0.187500 0.500000
vt 0.156250 1.000000
vt 0.156250 0.500000
vt 0.125000 1.000000
vt 0.125000 0.500000
vt 0.093750 1.000000
vt 0.093750 0.500000
vt 0.062500 1.000000
vt 0.062500 0.500000
vt 0.031250 1.000000
vt 0.031250 0.500000
vt 0.000000 1.000000
vt 0.000000 0.500000
vt 0.990000 0.250000
vt 0.985388 0.203178
vt 0.971731 0.158156
vt 0.949553 0.116663
vt 0.919706 0.080294
vt 0.883337 0.050447
vt 0.841844 0.028269
vt 0.796822 0.014612
vt 0.750000 0.010000
vt 0.750000 0.249998
vt 0.250000 0.490000
vt 0.203178 0.485388
vt 0.158156 0.471731
vt 0.116663 0.449553
vt 0.080294 0.419706
vt 0.050447 0.383337
vt 0.028269 0.341844
vt 0.014612 0.296822
vt 0.010000 0.250000
vt 0.250000 0.249998
vt 0.750000 0.490000
vt 0.510000 0.250000
vt 0.514612 0.296822
vt 0.528269 0.341844
vt 0.550447 0.383337
vt 0.580294 0.419706
vt 0.616663 0.449553
vt 0.658156 0.471731
vt 0.703178 0.485388
vt 0.250000 0.010000
vt 0.296822 0.014612
vt 0.341844 0.028269
vt 0.383337 0.050447
vt 0.419706 0.080294
vt 0.449553 0.116663
vt 0.471731 0.158156
vt 0.485388 0.203178
vt 0.490000 0.250000
vt 0.796822 0.485388
vt 0.841844 0.471731
vt 0.883337 0.449553
vt 0.919706 0.419706
vt 0.949553 0.383337
vt 0.971731 0.341844
vt 0.985388 0.296822
vt 0.703178 0.014612
vt 0.658156 0.028269
vt 0.616663 0.050447
vt 0.580294 0.080294
vt 0.550447 0.116663
vt 0.528269 0.158156
vt 0.514612 0.203178
vt 0.014612 0.203178
vt 0.028269 0.158156
vt 0.050447 0.116663
vt 0.080294 0.080294
vt 0.116663 0.050447
vt 0.158156 0.028269
vt 0.203178 0.014612
vt 0.485388 0.296822
vt 0.471731 0.341844
vt 0.449553 0.383337
vt 0.419706 0.419706
vt 0.383337 0.449553
vt 0.341844 0.471731
vt 0.296822 0.485388
vt 0.250000 0.250016
vt 0.750000 0.250016
vt 0.250000 0.250000
vt 0.750000 0.250000
vt 0.250000 0.250040
vt 0.750000 0.250040
vt 0.250000 0.249966
vt 0.750000 0.249966
vt 0.750000 0.250004
vt 0.750567 0.500000
vt 0.249431 0.500000
vt 0.249996 0.500000
vt 1.000000 0.923013
vt 0.968750 0.923021
vt 0.031250 0.923027
vt 0.000000 0.923013
vt 0.500000 1.000000
vt 0.500000 0.500000
vt 0.249995 1.000000
vt 0.249997 0.500000
vt 0.250004 1.000000
vt 0.250004 0.500000
vt 0.749995 1.000000
vt 0.250005 0.500000
vt 0.525085 0.000000
vt 0.525085 0.250000
vt 0.525085 0.375000
vt 0.525085 0.500000
vt 0.625000 0.375000
vt 0.525085 0.750000
vt 0.525085 0.875000
vt 0.525085 1.000000
vt 0.250000 0.500000
vt 0.478439 0.250000
vt 0.478439 0.375000
vt 0.478439 0.750000
vt 0.478439 0.875000
vt 0.478439 1.000000
vt 0.478439 0.500000
vt 0.478439 0.000000
vt 0.375000 0.250000
vt 0.375000 0.375000
vt 0.375000 0.875000
vt 0.250000 0.249996
vt 0.750000 0.250853
vt 0.510084 0.250853
vt 0.989916 0.250849
s 0
f 182/31/10 85/32/10 43/33/10 62/34/10
f 213/35/11 88/36/11 46/37/11 185/38/11
f 346/39/12 91/40/12 45/41/12 340/42/12
f 209/43/13 84/44/13 42/45/13 187/46/13
f 348/47/14 186/48/14 44/49/14 350/50/14
f 347/51/15 187/52/15 42/53/15 349/54/15
f 185/55/15 188/56/15 62/57/15 43/58/15
f 188/56/15 189/59/15 61/60/15 62/57/15
f 189/59/15 190/61/15 60/62/15 61/60/15
f 190/61/15 191/63/15 59/64/15 60/62/15
f 191/63/15 192/65/15 58/66/15 59/64/15
f 192/65/15 193/67/15 57/68/15 58/66/15
f 193/67/15 194/69/15 56/70/15 57/68/15
f 194/69/15 195/71/15 55/72/15 56/70/15
f 248/73/15 196/74/15 54/75/15 232/76/15
f 230/77/14 198/78/14 68/79/14 226/80/14
f 198/78/14 199/81/14 67/82/14 68/79/14
f 199/81/14 200/83/14 66/84/14 67/82/14
f 200/83/14 201/85/14 65/86/14 66/84/14
f 201/85/14 202/87/14 64/88/14 65/86/14
f 247/89/14 203/90/14 63/91/14 233/92/14
f 88/36/12 97/93/12 70/94/12 46/37/12
f 97/93/12 100/95/12 71/96/12 70/94/12
f 100/95/12 103/97/12 72/98/12 71/96/12
f 103/97/12 107/99/12 73/100/12 72/98/12
f 107/99/12 111/101/12 74/102/12 73/100/12
f 111/101/12 117/103/12 75/104/12 74/102/12
f 117/103/12 123/105/12 76/106/12 75/104/12
f 123/105/12 129/107/12 77/108/12 76/106/12
f 246/109/16 135/110/16 78/111/16 234/112/16
f 294/113/17 141/114/17 54/115/17 287/116/17
f 256/117/18 147/118/18 55/119/18 249/120/18
f 147/118/10 153/121/10 56/122/10 55/119/10
f 153/121/10 159/123/10 57/124/10 56/122/10
f 159/123/10 165/125/10 58/126/10 57/124/10
f 165/125/10 171/127/10 59/128/10 58/126/10
f 171/127/10 175/129/10 60/130/10 59/128/10
f 175/129/10 179/131/10 61/132/10 60/130/10
f 179/131/10 182/31/10 62/34/10 61/132/10
f 181/133/10 184/134/10 183/135/10 180/136/10
f 180/136/10 183/135/10 182/31/10 179/131/10
f 177/137/10 181/133/10 180/136/10 176/138/10
f 176/138/10 180/136/10 179/131/10 175/129/10
f 225/139/10 47/140/10 178/141/10 227/142/10
f 173/143/10 177/137/10 176/138/10 172/144/10
f 172/144/10 176/138/10 175/129/10 171/127/10
f 49/145/10 48/146/10 174/147/10 170/148/10
f 69/149/11 106/150/11 210/151/11 197/152/11
f 166/153/10 172/144/10 171/127/10 165/125/10
f 50/154/10 49/145/10 170/148/10 164/155/10
f 439/156/10 440/157/10 169/158/10 163/159/10
f 163/159/10 169/158/10 168/160/10 162/161/10
f 162/161/10 168/160/10 167/162/10 161/163/10
f 161/163/10 167/162/10 166/153/10 160/164/10
f 160/164/10 166/153/10 165/125/10 159/123/10
f 51/165/10 50/154/10 164/155/10 158/166/10
f 438/167/10 439/156/10 163/159/10 157/168/10
f 157/168/10 163/159/10 162/161/10 156/169/10
f 156/169/10 162/161/10 161/163/10 155/170/10
f 155/170/10 161/163/10 160/164/10 154/171/10
f 154/171/10 160/164/10 159/123/10 153/121/10
f 52/172/10 51/165/10 158/166/10 152/173/10
f 437/174/10 438/167/10 157/168/10 151/175/10
f 151/175/10 157/168/10 156/169/10 150/176/10
f 150/176/10 156/169/10 155/170/10 149/177/10
f 149/177/10 155/170/10 154/171/10 148/178/10
f 148/178/10 154/171/10 153/121/10 147/118/10
f 257/179/18 52/172/18 152/173/18 251/180/18
f 446/181/18 437/174/18 151/175/18 252/182/18
f 252/182/18 151/175/18 150/176/18 253/183/18
f 253/183/18 150/176/18 149/177/18 254/184/18
f 254/184/18 149/177/18 148/178/18 255/185/18
f 255/185/18 148/178/18 147/118/18 256/117/18
f 285/186/17 53/187/17 146/188/17 289/189/17
f 450/190/17 436/191/17 145/192/17 290/193/17
f 290/193/17 145/192/17 144/194/17 291/195/17
f 291/195/17 144/194/17 143/196/17 292/197/17
f 292/197/17 143/196/17 142/198/17 293/199/17
f 293/199/17 142/198/17 141/114/17 294/113/17
f 233/92/16 63/91/16 140/200/16 241/201/16
f 443/202/16 435/203/16 139/204/16 242/205/16
f 242/205/16 139/204/16 138/206/16 243/207/16
f 243/207/16 138/206/16 137/208/16 244/209/16
f 244/209/16 137/208/16 136/210/16 245/211/16
f 245/211/16 136/210/16 135/110/16 246/109/16
f 65/86/12 64/88/12 134/212/12 128/213/12
f 433/214/12 434/215/12 133/216/12 127/217/12
f 127/217/12 133/216/12 132/218/12 126/219/12
f 126/219/12 132/218/12 131/220/12 125/221/12
f 125/221/12 131/220/12 130/222/12 124/223/12
f 124/223/12 130/222/12 129/107/12 123/105/12
f 66/84/12 65/86/12 128/213/12 122/224/12
f 432/225/12 433/214/12 127/217/12 121/226/12
f 121/226/12 127/217/12 126/219/12 120/227/12
f 120/227/12 126/219/12 125/221/12 119/228/12
f 119/228/12 125/221/12 124/223/12 118/229/12
f 118/229/12 124/223/12 123/105/12 117/103/12
f 67/82/12 66/84/12 122/224/12 116/230/12
f 431/231/12 432/225/12 121/226/12 115/232/12
f 115/232/12 121/226/12 120/227/12 114/233/12
f 114/233/12 120/227/12 119/228/12 113/234/12
f 113/234/12 119/228/12 118/229/12 112/235/12
f 112/235/12 118/229/12 117/103/12 111/101/12
f 68/79/12 67/82/12 116/230/12 110/236/12
f 108/237/12 112/235/12 111/101/12 107/99/12
f 226/80/12 68/79/12 110/236/12 228/238/12
f 105/239/12 109/240/12 108/237/12 104/241/12
f 104/241/12 108/237/12 107/99/12 103/97/12
f 102/242/12 105/239/12 104/241/12 101/243/12
f 101/243/12 104/241/12 103/97/12 100/95/12
f 99/244/12 102/242/12 101/243/12 98/245/12
f 98/245/12 101/243/12 100/95/12 97/93/12
f 90/246/12 99/244/12 98/245/12 89/247/12
f 89/247/12 98/245/12 97/93/12 88/36/12
f 186/248/13 41/249/13 79/250/13 204/251/13
f 442/252/13 429/253/13 80/254/13 205/255/13
f 205/255/13 80/254/13 81/256/13 206/257/13
f 206/257/13 81/256/13 82/258/13 207/259/13
f 207/259/13 82/258/13 83/260/13 208/261/13
f 208/261/13 83/260/13 84/44/13 209/43/13
f 350/50/12 44/49/12 96/262/12 341/263/12
f 456/264/12 430/265/12 95/266/12 342/267/12
f 342/267/12 95/266/12 94/268/12 343/269/12
f 343/269/12 94/268/12 93/270/12 344/271/12
f 344/271/12 93/270/12 92/272/12 345/273/12
f 345/273/12 92/272/12 91/40/12 346/39/12
f 211/274/11 90/246/11 89/247/11 212/275/11
f 212/275/11 89/247/11 88/36/11 213/35/11
f 184/134/10 87/276/10 86/277/10 183/135/10
f 183/135/10 86/277/10 85/32/10 182/31/10
f 229/278/15 210/151/15 106/150/15 228/238/15
f 215/278/15 214/279/15 110/236/15 116/230/15
f 441/280/11 216/281/11 169/158/11 440/157/11
f 216/281/11 217/282/11 168/160/11 169/158/11
f 217/282/11 218/283/11 167/162/11 168/160/11
f 218/283/11 219/284/11 166/153/11 167/162/11
f 220/285/14 109/240/14 105/239/14 221/286/14
f 221/286/14 105/239/14 102/242/14 222/285/14
f 222/285/14 102/242/14 99/244/14 223/285/14
f 211/274/14 87/276/14 184/134/14 223/285/14
f 220/285/13 173/143/13 172/144/13 224/287/13
f 219/284/14 112/235/14 108/237/14 224/287/14
f 166/153/14 219/284/14 224/287/14 172/144/14
f 109/240/13 220/285/13 224/287/13 108/237/13
f 90/246/14 211/274/14 223/285/14 99/244/14
f 181/133/14 222/285/14 223/285/14 184/134/14
f 177/137/14 221/286/14 222/285/14 181/133/14
f 173/143/14 220/285/14 221/286/14 177/137/14
f 113/234/11 112/235/11 219/284/11 218/283/11
f 114/233/11 113/234/11 218/283/11 217/282/11
f 115/232/11 114/233/11 217/282/11 216/281/11
f 431/231/11 115/232/11 216/281/11 441/280/11
f 170/148/15 174/147/15 214/279/15 215/278/15
f 227/142/15 178/141/15 210/151/15 229/278/15
f 86/277/11 212/275/11 213/35/11 85/32/11
f 87/276/11 211/274/11 212/275/11 86/277/11
f 92/272/13 208/261/13 209/43/13 91/40/13
f 93/270/13 207/259/13 208/261/13 92/272/13
f 94/268/13 206/257/13 207/259/13 93/270/13
f 95/266/13 205/255/13 206/257/13 94/268/13
f 430/265/13 442/252/13 205/255/13 95/266/13
f 44/49/13 186/248/13 204/251/13 96/262/13
f 197/152/11 210/151/11 178/141/11 47/140/11
f 231/288/14 53/289/14 203/90/14 247/89/14
f 51/290/14 52/291/14 202/87/14 201/85/14
f 50/292/14 51/290/14 201/85/14 200/83/14
f 49/293/14 50/292/14 200/83/14 199/81/14
f 48/294/14 49/293/14 199/81/14 198/78/14
f 225/295/14 48/294/14 198/78/14 230/77/14
f 234/112/15 78/111/15 196/74/15 248/73/15
f 76/106/15 77/108/15 195/71/15 194/69/15
f 75/104/15 76/106/15 194/69/15 193/67/15
f 74/102/15 75/104/15 193/67/15 192/65/15
f 73/100/15 74/102/15 192/65/15 191/63/15
f 72/98/15 73/100/15 191/63/15 190/61/15
f 71/96/15 72/98/15 190/61/15 189/59/15
f 70/94/15 71/96/15 189/59/15 188/56/15
f 46/37/15 70/94/15 188/56/15 185/55/15
f 340/42/15 45/41/15 187/52/15 347/51/15
f 339/296/14 41/297/14 186/48/14 348/47/14
f 91/40/13 209/43/13 187/46/13 45/41/13
f 85/32/11 213/35/11 185/38/11 43/33/11
f 47/298/14 225/295/14 230/77/14 197/152/14
f 174/147/15 227/142/15 229/278/15 214/279/15
f 214/279/15 229/278/15 228/238/15 110/236/15
f 69/149/12 226/80/12 228/238/12 106/150/12
f 48/146/10 225/139/10 227/142/10 174/147/10
f 197/152/14 230/77/14 226/80/14 69/149/14
f 268/299/15 234/112/15 248/73/15 276/300/15
f 267/301/14 231/288/14 247/89/14 275/302/14
f 273/303/19 245/211/19 246/109/19 274/304/19
f 272/305/19 244/209/19 245/211/19 273/303/19
f 271/306/19 243/207/19 244/209/19 272/305/19
f 270/307/19 242/205/19 243/207/19 271/306/19
f 448/308/19 443/202/19 242/205/19 270/307/19
f 278/309/19 233/92/19 241/201/19 269/310/19
f 142/198/20 239/311/20 240/312/20 141/114/20
f 143/196/20 238/313/20 239/311/20 142/198/20
f 144/194/20 237/314/20 238/313/20 143/196/20
f 145/192/20 236/315/20 237/314/20 144/194/20
f 436/191/20 444/316/20 236/315/20 145/192/20
f 53/187/20 231/317/20 235/318/20 146/188/20
f 141/114/20 240/312/20 232/319/20 54/115/20
f 274/304/19 246/109/19 234/112/19 268/299/19
f 275/302/14 247/89/14 233/92/14 278/309/14
f 276/300/15 248/73/15 232/76/15 277/320/15
f 195/71/15 266/321/15 249/322/15 55/72/15
f 202/87/14 265/323/14 250/324/14 64/88/14
f 129/107/21 264/325/21 258/326/21 77/108/21
f 64/88/21 250/324/21 259/327/21 134/212/21
f 434/215/21 445/328/21 260/329/21 133/216/21
f 133/216/21 260/329/21 261/330/21 132/218/21
f 132/218/21 261/330/21 262/331/21 131/220/21
f 131/220/21 262/331/21 263/332/21 130/222/21
f 130/222/21 263/332/21 264/325/21 129/107/21
f 52/291/14 257/333/14 265/323/14 202/87/14
f 77/108/15 258/326/15 266/321/15 195/71/15
f 283/334/22 255/185/22 256/117/22 284/335/22
f 282/336/22 254/184/22 255/185/22 283/334/22
f 281/337/22 253/183/22 254/184/22 282/336/22
f 280/338/22 252/182/22 253/183/22 281/337/22
f 447/339/22 446/181/22 252/182/22 280/338/22
f 267/340/22 257/179/22 251/180/22 279/341/22
f 284/335/22 256/117/22 249/120/22 277/342/22
f 240/312/23 284/335/23 277/342/23 232/319/23
f 231/317/23 267/340/23 279/341/23 235/318/23
f 444/316/23 447/339/23 280/338/23 236/315/23
f 236/315/23 280/338/23 281/337/23 237/314/23
f 237/314/23 281/337/23 282/336/23 238/313/23
f 238/313/23 282/336/23 283/334/23 239/311/23
f 239/311/23 283/334/23 284/335/23 240/312/23
f 266/321/15 276/300/15 277/320/15 249/322/15
f 265/323/14 275/302/14 278/309/14 250/324/14
f 264/325/24 274/304/24 268/299/24 258/326/24
f 250/324/24 278/309/24 269/310/24 259/327/24
f 445/328/24 448/308/24 270/307/24 260/329/24
f 260/329/24 270/307/24 271/306/24 261/330/24
f 261/330/24 271/306/24 272/305/24 262/331/24
f 262/331/24 272/305/24 273/303/24 263/332/24
f 263/332/24 273/303/24 274/304/24 264/325/24
f 257/333/14 267/301/14 275/302/14 265/323/14
f 258/326/15 268/299/15 276/300/15 266/321/15
f 53/289/14 285/343/14 302/344/14 203/90/14
f 78/111/15 286/345/15 301/346/15 196/74/15
f 136/210/25 299/347/25 300/348/25 135/110/25
f 137/208/26 298/349/26 299/347/26 136/210/26
f 138/206/27 297/350/27 298/349/27 137/208/27
f 139/204/25 296/351/25 297/350/25 138/206/25
f 435/203/25 449/352/25 296/351/25 139/204/25
f 63/91/25 288/353/25 295/354/25 140/200/25
f 319/355/28 293/199/28 294/113/28 320/356/28
f 318/357/28 292/197/28 293/199/28 319/355/28
f 317/358/28 291/195/28 292/197/28 318/357/28
f 316/359/28 290/193/28 291/195/28 317/358/28
f 451/360/28 450/190/28 290/193/28 316/359/28
f 303/361/28 285/186/28 289/189/28 315/362/28
f 320/356/28 294/113/28 287/116/28 313/363/28
f 196/74/15 301/346/15 287/364/15 54/75/15
f 203/90/14 302/344/14 288/353/14 63/91/14
f 135/110/25 300/348/25 286/345/25 78/111/25
f 338/365/29 320/356/29 313/363/29 331/366/29
f 321/367/29 303/361/29 315/362/29 333/368/29
f 453/369/29 451/360/29 316/359/29 334/370/29
f 334/370/29 316/359/29 317/358/29 335/371/29
f 335/371/29 317/358/29 318/357/29 336/372/29
f 336/372/29 318/357/29 319/355/29 337/373/29
f 337/373/29 319/355/29 320/356/29 338/365/29
f 285/343/14 303/374/14 312/375/14 302/344/14
f 286/345/15 304/376/15 311/377/15 301/346/15
f 299/347/30 309/378/30 310/379/30 300/348/30
f 298/349/31 308/380/31 309/378/31 299/347/31
f 297/350/32 307/381/32 308/380/32 298/349/32
f 296/351/30 306/382/30 307/381/30 297/350/30
f 449/352/30 452/383/30 306/382/30 296/351/30
f 288/353/30 314/384/30 305/385/30 295/354/30
f 301/346/15 311/377/15 313/386/15 287/364/15
f 302/344/14 312/375/14 314/384/14 288/353/14
f 300/348/30 310/379/30 304/376/30 286/345/30
f 363/387/33 337/373/33 338/365/33 364/388/33
f 362/389/33 336/372/33 337/373/33 363/387/33
f 361/390/33 335/371/33 336/372/33 362/389/33
f 360/391/33 334/370/33 335/371/33 361/390/33
f 458/392/33 453/369/33 334/370/33 360/391/33
f 365/393/33 321/367/33 333/368/33 359/394/33
f 364/388/33 338/365/33 331/366/33 357/395/33
f 303/374/14 321/396/14 330/397/14 312/375/14
f 304/376/15 322/398/15 329/399/15 311/377/15
f 309/378/34 327/400/34 328/401/34 310/379/34
f 308/380/34 326/402/34 327/400/34 309/378/34
f 307/381/34 325/403/34 326/402/34 308/380/34
f 306/382/34 324/404/34 325/403/34 307/381/34
f 452/383/34 454/405/34 324/404/34 306/382/34
f 314/384/34 332/406/34 323/407/34 305/385/34
f 311/377/15 329/399/15 331/408/15 313/386/15
f 312/375/14 330/397/14 332/406/14 314/384/14
f 310/379/34 328/401/34 322/398/34 304/376/34
f 84/409/10 356/410/10 349/411/10 42/412/10
f 41/413/10 339/414/10 351/415/10 79/416/10
f 429/417/10 455/418/10 352/419/10 80/420/10
f 80/420/10 352/419/10 353/421/10 81/422/10
f 81/422/10 353/421/10 354/423/10 82/424/10
f 82/424/10 354/423/10 355/425/10 83/426/10
f 83/426/10 355/425/10 356/410/10 84/409/10
f 377/427/14 339/296/14 348/47/14 404/428/14
f 380/429/15 340/42/15 347/51/15 401/430/15
f 395/431/35 345/273/35 346/39/35 398/432/35
f 392/433/35 344/271/35 345/273/35 395/431/35
f 389/434/35 343/269/35 344/271/35 392/433/35
f 386/435/35 342/267/35 343/269/35 389/434/35
f 464/436/35 456/264/35 342/267/35 386/435/35
f 408/437/35 350/50/35 341/263/35 383/438/35
f 401/430/15 347/51/15 349/54/15 405/439/15
f 404/428/14 348/47/14 350/50/14 408/437/14
f 398/432/35 346/39/35 340/42/35 380/429/35
f 328/401/27 372/440/27 366/441/27 322/398/27
f 330/397/14 374/442/14 358/443/14 332/406/14
f 329/399/15 373/444/15 357/445/15 331/408/15
f 332/406/27 358/443/27 367/446/27 323/407/27
f 454/405/27 457/447/27 368/448/27 324/404/27
f 324/404/27 368/448/27 369/449/27 325/403/27
f 325/403/27 369/449/27 370/450/27 326/402/27
f 326/402/27 370/450/27 371/451/27 327/400/27
f 327/400/27 371/451/27 372/440/27 328/401/27
f 322/398/15 366/441/15 373/444/15 329/399/15
f 321/396/14 365/452/14 374/442/14 330/397/14
f 428/453/36 364/388/36 357/395/36 407/454/36
f 375/455/36 365/393/36 359/394/36 413/456/36
f 461/457/36 458/392/36 360/391/36 416/458/36
f 416/458/36 360/391/36 361/390/36 419/459/36
f 419/459/36 361/390/36 362/389/36 422/460/36
f 422/460/36 362/389/36 363/387/36 425/461/36
f 425/461/36 363/387/36 364/388/36 428/453/36
f 355/425/37 423/462/37 426/463/37 356/410/37
f 423/462/22 424/464/22 427/465/22 426/463/22
f 424/464/38 425/461/38 428/453/38 427/465/38
f 354/423/37 420/466/37 423/462/37 355/425/37
f 420/466/22 421/467/22 424/464/22 423/462/22
f 421/467/38 422/460/38 425/461/38 424/464/38
f 353/421/37 417/468/37 420/466/37 354/423/37
f 417/468/22 418/469/22 421/467/22 420/466/22
f 418/469/38 419/459/38 422/460/38 421/467/38
f 352/419/37 414/470/37 417/468/37 353/421/37
f 414/470/22 415/471/22 418/469/22 417/468/22
f 415/471/38 416/458/38 419/459/38 418/469/38
f 455/418/37 459/472/37 414/470/37 352/419/37
f 459/472/22 460/473/22 415/471/22 414/470/22
f 460/473/38 461/457/38 416/458/38 415/471/38
f 339/414/37 377/474/37 411/475/37 351/415/37
f 377/474/22 376/476/22 412/477/22 411/475/22
f 376/476/38 375/455/38 413/456/38 412/477/38
f 356/410/37 426/463/37 405/478/37 349/411/37
f 426/463/22 427/465/22 406/479/22 405/478/22
f 427/465/38 428/453/38 407/454/38 406/479/38
f 372/440/39 396/480/39 378/481/39 366/441/39
f 396/480/19 397/482/19 379/483/19 378/481/19
f 397/482/24 398/432/24 380/429/24 379/483/24
f 374/442/14 402/484/14 410/485/14 358/443/14
f 402/484/14 403/486/14 409/487/14 410/485/14
f 403/486/14 404/428/14 408/437/14 409/487/14
f 373/444/15 399/488/15 407/489/15 357/445/15
f 399/488/15 400/490/15 406/491/15 407/489/15
f 400/490/15 401/430/15 405/439/15 406/491/15
f 358/443/39 410/485/39 381/492/39 367/446/39
f 410/485/19 409/487/19 382/493/19 381/492/19
f 409/487/24 408/437/24 383/438/24 382/493/24
f 457/447/39 462/494/39 384/495/39 368/448/39
f 462/494/19 463/496/19 385/497/19 384/495/19
f 463/496/24 464/436/24 386/435/24 385/497/24
f 368/448/39 384/495/39 387/498/39 369/449/39
f 384/495/19 385/497/19 388/499/19 387/498/19
f 385/497/24 386/435/24 389/434/24 388/499/24
f 369/449/40 387/498/40 390/500/40 370/450/40
f 387/498/41 388/499/41 391/501/41 390/500/41
f 388/499/42 389/434/42 392/433/42 391/501/42
f 370/450/40 390/500/40 393/502/40 371/451/40
f 390/500/43 391/501/43 394/503/43 393/502/43
f 391/501/44 392/433/44 395/431/44 394/503/44
f 371/451/39 393/502/39 396/480/39 372/440/39
f 393/502/19 394/503/19 397/482/19 396/480/19
f 394/503/24 395/431/24 398/432/24 397/482/24
f 366/441/15 378/481/15 399/488/15 373/444/15
f 378/481/15 379/483/15 400/490/15 399/488/15
f 379/483/15 380/429/15 401/430/15 400/490/15
f 365/452/14 375/504/14 402/484/14 374/442/14
f 375/504/14 376/505/14 403/486/14 402/484/14
f 376/505/14 377/427/14 404/428/14 403/486/14
f 382/493/24 383/438/24 464/436/24 463/496/24
f 381/492/19 382/493/19 463/496/19 462/494/19
f 367/446/39 381/492/39 462/494/39 457/447/39
f 412/477/38 413/456/38 461/457/38 460/473/38
f 411/475/22 412/477/22 460/473/22 459/472/22
f 351/415/37 411/475/37 459/472/37 455/418/37
f 413/456/36 359/394/36 458/392/36 461/457/36
f 323/407/27 367/446/27 457/447/27 454/405/27
f 383/438/35 341/263/35 456/264/35 464/436/35
f 79/416/10 351/415/10 455/418/10 429/417/10
f 305/385/34 323/407/34 454/405/34 452/383/34
f 359/394/33 333/368/33 453/369/33 458/392/33
f 295/354/30 305/385/30 452/383/30 449/352/30
f 333/368/29 315/362/29 451/360/29 453/369/29
f 315/362/28 289/189/28 450/190/28 451/360/28
f 140/200/25 295/354/25 449/352/25 435/203/25
f 259/327/24 269/310/24 448/308/24 445/328/24
f 235/318/23 279/341/23 447/339/23 444/316/23
f 279/341/22 251/180/22 446/181/22 447/339/22
f 134/212/21 259/327/21 445/328/21 434/215/21
f 146/188/20 235/318/20 444/316/20 436/191/20
f 269/310/19 241/201/19 443/202/19 448/308/19
f 96/262/13 204/251/13 442/252/13 430/265/13
f 116/230/11 431/231/11 441/280/11 215/278/11
f 215/278/11 441/280/11 440/157/11 170/148/11
f 341/263/12 96/262/12 430/265/12 456/264/12
f 204/251/13 79/250/13 429/253/13 442/252/13
f 116/230/12 122/224/12 432/225/12 431/231/12
f 122/224/12 128/213/12 433/214/12 432/225/12
f 128/213/12 134/212/12 434/215/12 433/214/12
f 241/201/16 140/200/16 435/203/16 443/202/16
f 289/189/17 146/188/17 436/191/17 450/190/17
f 251/180/18 152/173/18 437/174/18 446/181/18
f 152/173/10 158/166/10 438/167/10 437/174/10
f 158/166/10 164/155/10 439/156/10 438/167/10
f 164/155/10 170/148/10 440/157/10 439/156/10
f 465/506/45 466/507/45 468/508/45 467/509/45
f 467/509/46 468/508/46 470/510/46 469/511/46
f 469/511/28 470/510/28 472/512/28 471/513/28
f 471/513/17 472/512/17 474/514/17 473/58/17
f 473/58/20 474/514/20 476/515/20 475/516/20
f 475/516/23 476/515/23 478/517/23 477/518/23
f 477/518/22 478/517/22 480/519/22 479/520/22
f 479/520/37 480/519/37 482/521/37 481/55/37
f 481/55/47 482/521/47 484/522/47 483/523/47
f 483/523/48 484/522/48 486/524/48 485/525/48
f 485/525/49 486/524/49 488/526/49 487/527/49
f 487/527/50 488/526/50 490/45/50 489/37/50
f 489/37/51 490/45/51 492/528/51 491/529/51
f 491/529/52 492/528/52 494/530/52 493/531/52
f 493/531/53 494/530/53 496/532/53 495/533/53
f 495/533/54 496/532/54 498/534/54 497/535/54
f 497/535/55 498/534/55 500/536/55 499/537/55
f 499/537/56 500/536/56 502/538/56 501/539/56
f 501/539/57 502/538/57 504/540/57 503/541/57
f 503/541/58 504/540/58 506/249/58 505/542/58
f 505/542/59 506/249/59 508/543/59 507/544/59
f 507/544/60 508/543/60 510/545/60 509/546/60
f 509/546/61 510/545/61 512/547/61 511/548/61
f 511/548/62 512/547/62 514/549/62 513/550/62
f 513/550/35 514/549/35 516/551/35 515/552/35
f 515/552/24 516/551/24 518/553/24 517/554/24
f 517/554/19 518/553/19 520/555/19 519/556/19
f 519/556/16 520/555/16 522/557/16 521/558/16
f 521/558/25 522/557/25 524/559/25 523/560/25
f 523/560/30 524/559/30 526/561/30 525/562/30
f 525/562/63 526/561/63 528/563/63 527/564/63
f 527/564/64 528/563/64 466/565/64 465/566/64
f 481/567/15 483/568/15 485/569/15 487/570/15 489/571/15 491/572/15 493/573/15 495/574/15 497/575/15 529/576/15
f 466/577/14 528/578/14 526/579/14 524/580/14 522/581/14 520/582/14 518/583/14 516/584/14 514/585/14 530/586/14
f 465/587/15 529/576/15 513/588/15 515/589/15 517/590/15 519/591/15 521/592/15 523/593/15 525/594/15 527/595/15
f 498/596/14 496/597/14 494/598/14 492/599/14 490/600/14 488/601/14 486/602/14 484/603/14 482/604/14 530/586/14
f 529/576/15 465/587/15 467/605/15 469/606/15 471/607/15 473/608/15 475/609/15 477/610/15 479/611/15 481/567/15
f 513/588/15 529/576/15 497/575/15 499/612/15 501/613/15 503/614/15 505/615/15 507/616/15 509/617/15 511/618/15
f 530/586/14 514/585/14 512/619/14 510/620/14 508/621/14 506/622/14 504/623/14 502/624/14 500/625/14 498/596/14
f 530/586/14 482/604/14 480/626/14 478/627/14 476/628/14 474/629/14 472/630/14 470/631/14 468/632/14 466/577/14
f 531/506/65 532/507/65 534/508/65 533/509/65
f 533/509/66 534/508/66 536/510/66 535/511/66
f 535/511/28 536/510/28 538/512/28 537/513/28
f 537/513/17 538/512/17 540/514/17 539/58/17
f 539/58/20 540/514/20 542/515/20 541/516/20
f 541/516/67 542/515/67 544/517/67 543/518/67
f 543/518/68 544/517/68 546/519/68 545/520/68
f 545/520/37 546/519/37 548/521/37 547/55/37
f 547/55/47 548/521/47 550/522/47 549/523/47
f 549/523/69 550/522/69 552/524/69 551/525/69
f 551/525/70 552/524/70 554/526/70 553/527/70
f 553/527/71 554/526/71 556/45/71 555/37/71
f 555/37/72 556/45/72 558/528/72 557/529/72
f 557/529/73 558/528/73 560/530/73 559/531/73
f 559/531/74 560/530/74 562/532/74 561/533/74
f 561/533/75 562/532/75 564/534/75 563/535/75
f 563/535/76 564/534/76 566/536/76 565/537/76
f 565/537/77 566/536/77 568/538/77 567/539/77
f 567/539/78 568/538/78 570/540/78 569/541/78
f 569/541/79 570/540/79 572/249/79 571/542/79
f 571/542/80 572/249/80 574/543/80 573/544/80
f 573/544/81 574/543/81 576/545/81 575/546/81
f 575/546/82 576/545/82 578/547/82 577/548/82
f 577/548/62 578/547/62 580/549/62 579/550/62
f 579/550/35 580/549/35 582/551/35 581/552/35
f 581/552/83 582/551/83 584/553/83 583/554/83
f 583/554/84 584/553/84 586/555/84 585/556/84
f 585/556/16 586/555/16 588/557/16 587/558/16
f 587/558/25 588/557/25 590/559/25 589/560/25
f 589/560/30 590/559/30 592/561/30 591/562/30
f 548/604/14 595/633/14 564/596/14 562/597/14 560/598/14 558/599/14 556/600/14 554/601/14 552/602/14 550/603/14
f 591/562/85 592/561/85 594/563/85 593/564/85
f 593/564/86 594/563/86 532/565/86 531/566/86
f 547/567/15 596/634/15 531/587/15 533/605/15 535/606/15 537/607/15 539/608/15 541/609/15 543/610/15 545/611/15
f 564/596/14 595/633/14 580/585/14 578/619/14 576/620/14 574/621/14 572/622/14 570/623/14 568/624/14 566/625/14
f 531/587/15 596/634/15 579/588/15 581/589/15 583/590/15 585/591/15 587/592/15 589/593/15 591/594/15 593/595/15
f 580/585/14 595/633/14 532/577/14 594/578/14 592/579/14 590/580/14 588/581/14 586/582/14 584/583/14 582/584/14
f 595/633/14 548/604/14 546/626/14 544/627/14 542/628/14 540/629/14 538/630/14 536/631/14 534/632/14 532/577/14
f 579/588/15 596/634/15 563/575/15 565/612/15 567/613/15 569/614/15 571/615/15 573/616/15 575/617/15 577/618/15
f 596/634/15 547/567/15 549/568/15 551/569/15 553/570/15 555/571/15 557/572/15 559/573/15 561/574/15 563/575/15
f 597/506/87 598/507/87 600/508/87 599/509/87
f 599/509/46 600/508/46 602/510/46 601/511/46
f 601/511/28 602/510/28 604/512/28 603/513/28
f 603/513/17 604/512/17 606/514/17 605/58/17
f 605/58/20 606/514/20 608/515/20 607/516/20
f 607/516/38 608/515/38 610/517/38 609/518/38
f 609/518/22 610/517/22 612/519/22 611/520/22
f 611/520/37 612/519/37 614/521/37 613/55/37
f 613/55/47 614/521/47 616/522/47 615/523/47
f 615/523/69 616/522/69 618/524/69 617/525/69
f 617/525/49 618/524/49 620/526/49 619/527/49
f 619/527/71 620/526/71 622/45/71 621/37/71
f 621/37/72 622/45/72 624/528/72 623/529/72
f 623/529/73 624/528/73 626/530/73 625/531/73
f 625/531/53 626/530/53 628/532/53 627/533/53
f 627/533/75 628/532/75 630/534/75 629/535/75
f 629/535/76 630/534/76 632/536/76 631/537/76
f 631/537/56 632/536/56 634/538/56 633/539/56
f 633/539/78 634/538/78 636/540/78 635/541/78
f 635/541/79 636/540/79 638/249/79 637/542/79
f 637/542/80 638/249/80 640/543/80 639/544/80
f 639/544/81 640/543/81 642/545/81 641/546/81
f 641/546/82 642/545/82 644/547/82 643/548/82
f 643/548/62 644/547/62 646/549/62 645/550/62
f 645/550/35 646/549/35 648/551/35 647/552/35
f 647/552/24 648/551/24 650/553/24 649/554/24
f 649/554/41 650/553/41 652/555/41 651/556/41
f 651/556/16 652/555/16 654/557/16 653/558/16
f 653/558/25 654/557/25 656/559/25 655/560/25
f 655/560/30 656/559/30 658/561/30 657/562/30
f 614/604/14 661/635/14 630/596/14 628/597/14 626/598/14 624/599/14 622/600/14 620/601/14 618/602/14 616/603/14
f 657/562/63 658/561/63 660/563/63 659/564/63
f 659/564/88 660/563/88 598/565/88 597/566/88
f 613/567/15 662/636/15 597/587/15 599/605/15 601/606/15 603/607/15 605/608/15 607/609/15 609/610/15 611/611/15
f 630/596/14 661/635/14 646/585/14 644/619/14 642/620/14 640/621/14 638/622/14 636/623/14 634/624/14 632/625/14
f 597/587/15 662/636/15 645/588/15 647/589/15 649/590/15 651/591/15 653/592/15 655/593/15 657/594/15 659/595/15
f 646/585/14 661/635/14 598/577/14 660/578/14 658/579/14 656/580/14 654/581/14 652/582/14 650/583/14 648/584/14
f 661/635/14 614/604/14 612/626/14 610/627/14 608/628/14 606/629/14 604/630/14 602/631/14 600/632/14 598/577/14
f 645/588/15 662/636/15 629/575/15 631/612/15 633/613/15 635/614/15 637/615/15 639/616/15 641/617/15 643/618/15
f 662/636/15 613/567/15 615/568/15 617/569/15 619/570/15 621/571/15 623/572/15 625/573/15 627/574/15 629/575/15
f 663/506/89 664/507/89 666/508/89 665/509/89
f 665/509/46 666/508/46 668/510/46 667/511/46
f 667/511/90 668/510/90 670/512/90 669/513/90
f 669/513/91 670/512/91 672/514/91 671/58/91
f 671/58/92 672/514/92 674/515/92 673/516/92
f 673/516/93 674/515/93 676/517/93 675/518/93
f 675/518/94 676/517/94 678/519/94 677/520/94
f 677/520/95 678/519/95 680/521/95 679/55/95
f 679/55/96 680/521/96 682/522/96 681/523/96
f 681/523/97 682/522/97 684/524/97 683/525/97
f 683/525/98 684/524/98 686/526/98 685/527/98
f 685/527/71 686/526/71 688/45/71 687/37/71
f 687/37/51 688/45/51 690/528/51 689/529/51
f 689/529/99 690/528/99 692/530/99 691/531/99
f 691/531/53 692/530/53 694/532/53 693/533/53
f 693/533/75 694/532/75 696/534/75 695/535/75
f 695/535/76 696/534/76 698/536/76 697/537/76
f 697/537/56 698/536/56 700/538/56 699/539/56
f 699/539/100 700/538/100 702/540/100 701/541/100
f 701/541/58 702/540/58 704/249/58 703/542/58
f 703/542/80 704/249/80 706/543/80 705/544/80
f 705/544/101 706/543/101 708/545/101 707/546/101
f 707/546/102 708/545/102 710/547/102 709/548/102
f 709/548/62 710/547/62 712/549/62 711/550/62
f 711/550/35 712/549/35 714/551/35 713/552/35
f 713/552/42 714/551/42 716/553/42 715/554/42
f 715/554/103 716/553/103 718/555/103 717/556/103
f 717/556/104 718/555/104 720/557/104 719/558/104
f 719/558/105 720/557/105 722/559/105 721/560/105
f 721/560/106 722/559/106 724/561/106 723/562/106
f 680/604/14 727/637/14 696/596/14 694/597/14 692/598/14 690/599/14 688/600/14 686/601/14 684/602/14 682/603/14
f 723/562/63 724/561/63 726/563/63 725/564/63
f 725/564/107 726/563/107 664/565/107 663/566/107
f 679/567/15 728/638/15 663/587/15 665/605/15 667/606/15 669/607/15 671/608/15 673/609/15 675/610/15 677/611/15
f 696/596/14 727/637/14 712/585/14 710/619/14 708/620/14 706/621/14 704/622/14 702/623/14 700/624/14 698/625/14
f 663/587/15 728/638/15 711/588/15 713/589/15 715/590/15 717/591/15 719/592/15 721/593/15 723/594/15 725/595/15
f 727/637/14 680/604/14 678/626/14 676/627/14 674/628/14 672/629/14 670/630/14 668/631/14 666/632/14 664/577/14
f 712/585/14 727/637/14 664/577/14 726/578/14 724/579/14 722/580/14 720/581/14 718/582/14 716/583/14 714/584/14
f 728/638/15 679/567/15 681/568/15 683/569/15 685/570/15 687/571/15 689/572/15 691/573/15 693/574/15 695/575/15
f 711/588/15 728/638/15 695/575/15 697/612/15 699/613/15 701/614/15 703/615/15 705/616/15 707/617/15 709/618/15
f 729/506/108 730/507/108 732/508/108 731/509/108
f 731/509/109 732/508/109 734/510/109 733/511/109
f 733/511/110 734/510/110 736/512/110 735/513/110
f 735/513/33 736/512/33 738/514/33 737/58/33
f 737/58/20 738/514/20 740/515/20 739/516/20
f 739/516/111 740/515/111 742/517/111 741/518/111
f 741/518/94 742/517/94 744/519/94 743/520/94
f 743/520/37 744/519/37 746/521/37 745/55/37
f 745/55/96 746/521/96 748/522/96 747/523/96
f 747/523/69 748/522/69 750/524/69 749/525/69
f 749/525/112 750/524/112 752/526/112 751/527/112
f 751/527/113 752/526/113 754/45/113 753/37/113
f 753/37/114 754/45/114 756/528/114 755/529/114
f 755/529/115 756/528/115 758/530/115 757/531/115
f 757/531/116 758/530/116 760/532/116 759/533/116
f 759/533/117 760/532/117 762/534/117 761/535/117
f 761/535/118 762/534/118 764/536/118 763/537/118
f 763/537/119 764/536/119 766/538/119 765/539/119
f 765/539/120 766/538/120 768/540/120 767/541/120
f 767/541/121 768/540/121 770/249/121 769/542/121
f 769/542/122 770/249/122 772/543/122 771/544/122
f 771/544/123 772/543/123 774/545/123 773/546/123
f 773/546/82 774/545/82 776/547/82 775/548/82
f 775/548/124 776/547/124 778/549/124 777/550/124
f 777/550/35 778/549/35 780/551/35 779/552/35
f 779/552/42 780/551/42 782/553/42 781/554/42
f 781/554/125 782/553/125 784/555/125 783/556/125
f 783/556/126 784/555/126 786/557/126 785/558/126
f 785/558/27 786/557/27 788/559/27 787/560/27
f 787/560/127 788/559/127 790/561/127 789/562/127
f 746/604/14 794/639/14 762/596/14 760/597/14 758/598/14 756/599/14 754/600/14 752/601/14 750/602/14 748/603/14
f 789/562/128 790/561/128 792/563/128 791/564/128
f 791/564/129 792/563/129 730/565/129 729/566/129
f 745/567/15 793/640/15 729/587/15 731/605/15 733/606/15 735/607/15 737/608/15 739/609/15 741/610/15 743/611/15
f 729/587/15 793/640/15 777/588/15 779/589/15 781/590/15 783/591/15 785/592/15 787/593/15 789/594/15 791/595/15
f 762/596/14 794/639/14 778/585/14 776/619/14 774/620/14 772/621/14 770/622/14 768/623/14 766/624/14 764/625/14
f 793/640/15 745/567/15 747/568/15 749/569/15 751/570/15 753/571/15 755/572/15 757/573/15 759/574/15 761/575/15
f 778/585/14 794/639/14 730/577/14 792/578/14 790/579/14 788/580/14 786/581/14 784/582/14 782/583/14 780/584/14
f 794/639/14 746/604/14 744/626/14 742/627/14 740/628/14 738/629/14 736/630/14 734/631/14 732/632/14 730/577/14
f 777/588/15 793/640/15 761/575/15 763/612/15 765/613/15 767/614/15 769/615/15 771/616/15 773/617/15 775/618/15
f 795/506/87 796/507/87 798/508/87 797/509/87
f 797/509/46 798/508/46 800/510/46 799/511/46
f 799/511/130 800/510/130 802/512/130 801/513/130
f 801/513/17 802/512/17 804/514/17 803/58/17
f 803/58/20 804/514/20 806/515/20 805/516/20
f 805/516/23 806/515/23 808/517/23 807/518/23
f 807/518/94 808/517/94 810/519/94 809/520/94
f 809/520/37 810/519/37 812/521/37 811/55/37
f 811/55/47 812/521/47 814/522/47 813/523/47
f 813/523/48 814/522/48 816/524/48 815/525/48
f 815/525/70 816/524/70 818/526/70 817/527/70
f 817/527/71 818/526/71 820/45/71 819/37/71
f 819/37/72 820/45/72 822/528/72 821/529/72
f 821/529/131 822/528/131 824/530/131 823/531/131
f 823/531/53 824/530/53 826/532/53 825/533/53
f 825/533/54 826/532/54 828/534/54 827/535/54
f 827/535/55 828/534/55 830/536/55 829/537/55
f 829/537/56 830/536/56 832/538/56 831/539/56
f 831/539/132 832/538/132 834/540/132 833/541/132
f 833/541/79 834/540/79 836/249/79 835/542/79
f 835/542/80 836/249/80 838/543/80 837/544/80
f 837/544/81 838/543/81 840/545/81 839/546/81
f 839/546/61 840/545/61 842/547/61 841/548/61
f 841/548/62 842/547/62 844/549/62 843/550/62
f 843/550/35 844/549/35 846/551/35 845/552/35
f 845/552/133 846/551/133 848/553/133 847/554/133
f 847/554/19 848/553/19 850/555/19 849/556/19
f 849/556/16 850/555/16 852/557/16 851/558/16
f 851/558/25 852/557/25 854/559/25 853/560/25
f 853/560/32 854/559/32 856/561/32 855/562/32
f 812/604/14 859/635/14 828/596/14 826/597/14 824/598/14 822/599/14 820/600/14 818/601/14 816/602/14 814/603/14
f 855/562/63 856/561/63 858/563/63 857/564/63
f 857/564/88 858/563/88 796/565/88 795/566/88
f 811/567/15 860/641/15 795/587/15 797/605/15 799/606/15 801/607/15 803/608/15 805/609/15 807/610/15 809/611/15
f 828/596/14 859/635/14 844/585/14 842/619/14 840/620/14 838/621/14 836/622/14 834/623/14 832/624/14 830/625/14
f 795/587/15 860/641/15 843/588/15 845/589/15 847/590/15 849/591/15 851/592/15 853/593/15 855/594/15 857/595/15
f 859/635/14 812/604/14 810/626/14 808/627/14 806/628/14 804/629/14 802/630/14 800/631/14 798/632/14 796/577/14
f 844/585/14 859/635/14 796/577/14 858/578/14 856/579/14 854/580/14 852/581/14 850/582/14 848/583/14 846/584/14
f 860/641/15 811/567/15 813/568/15 815/569/15 817/570/15 819/571/15 821/572/15 823/573/15 825/574/15 827/575/15
f 843/588/15 860/641/15 827/575/15 829/612/15 831/613/15 833/614/15 835/615/15 837/616/15 839/617/15 841/618/15
f 861/506/45 862/507/45 864/508/45 863/509/45
f 863/509/46 864/508/46 866/510/46 865/511/46
f 865/511/28 866/510/28 868/512/28 867/513/28
f 867/513/17 868/512/17 870/514/17 869/58/17
f 869/58/20 870/514/20 872/515/20 871/516/20
f 871/516/23 872/515/23 874/517/23 873/518/23
f 873/518/22 874/517/22 876/519/22 875/520/22
f 875/520/37 876/519/37 878/521/37 877/55/37 926/642/37
f 877/55/47 878/521/47 880/522/47 879/523/47
f 879/523/48 880/522/48 882/524/48 881/525/48
f 881/525/70 882/524/70 884/526/70 883/527/70
f 883/527/71 884/526/71 886/45/71 885/37/71
f 885/37/72 886/45/72 888/528/72 887/529/72
f 887/529/73 888/528/73 890/530/73 889/531/73
f 889/531/53 890/530/53 892/532/53 891/533/53
f 891/533/134 892/532/134 894/534/134 893/535/134
f 893/535/135 894/534/135 896/536/135 895/537/135
f 895/537/56 896/536/56 898/538/56 897/539/56
f 897/539/78 898/538/78 900/540/78 899/541/78
f 899/541/79 900/540/79 902/249/79 901/542/79
f 901/542/80 902/249/80 904/543/80 903/544/80
f 903/544/81 904/543/81 906/545/81 905/546/81
f 905/546/61 906/545/61 908/547/61 907/548/61
f 907/548/62 908/547/62 910/549/62 909/550/62
f 909/550/35 910/549/35 912/551/35 911/552/35 925/643/35
f 911/552/24 912/551/24 914/553/24 913/554/24
f 913/554/19 914/553/19 916/555/19 915/556/19
f 915/556/16 916/555/16 918/557/16 917/558/16
f 917/558/25 918/557/25 920/559/25 919/560/25
f 919/560/30 920/559/30 922/561/30 921/562/30
f 921/562/63 922/561/63 924/563/63 923/564/63
f 923/564/64 924/563/64 862/565/64 861/566/64
f 861/566/15 927/644/15 909/550/15 925/643/15 911/552/15 913/554/15 915/556/15 917/558/15 919/560/15 921/562/15 923/564/15
f 893/535/15 927/644/15 877/55/15 879/523/15 881/525/15 883/527/15 885/37/15 887/529/15 889/531/15 891/533/15
f 877/55/15 927/644/15 861/566/15 863/509/15 865/511/15 867/513/15 869/58/15 871/516/15 873/518/15 875/520/15 926/642/15
f 909/550/15 927/644/15 893/535/15 895/537/15 897/539/15 899/541/15 901/542/15 903/544/15 905/546/15 907/548/15
f 928/506/136 997/645/136 995/646/136 930/509/136
f 930/509/137 995/646/137 931/508/137 933/510/137 932/511/137
f 932/511/138 933/510/138 935/512/138 934/513/138
f 934/513/139 935/512/139 937/514/139 936/58/139
f 936/58/140 937/514/140 939/515/140 938/516/140
f 938/516/141 939/515/141 941/517/141 940/518/141
f 940/518/142 941/517/142 943/519/142 942/520/142
f 942/520/143 943/519/143 945/521/143 944/55/143 993/642/143
f 944/55/144 945/521/144 947/522/144 946/523/144
f 946/523/145 947/522/145 949/524/145 948/525/145
f 948/525/146 949/524/146 951/526/146 950/527/146
f 950/527/147 951/526/147 953/45/147 952/37/147
f 952/37/148 953/45/148 955/528/148 954/529/148
f 954/529/149 955/528/149 957/530/149 956/531/149
f 956/531/150 957/530/150 959/532/150 958/533/150
f 958/533/151 959/532/151 961/534/151 960/535/151
f 960/535/152 961/534/152 963/536/152 962/537/152
f 962/537/153 963/536/153 965/538/153 964/539/153
f 964/539/154 965/538/154 967/540/154 966/541/154
f 966/541/155 967/540/155 969/249/155 968/542/155
f 968/542/156 969/249/156 971/543/156 970/544/156
f 970/544/157 971/543/157 973/545/157 972/546/157
f 972/546/158 973/545/158 975/547/158 974/548/158
f 974/548/159 975/547/159 977/549/159 976/550/159
f 976/550/160 977/549/160 979/551/160 978/552/160 992/643/160
f 978/552/161 979/551/161 981/553/161 980/554/161
f 980/554/162 981/553/162 983/555/162 982/556/162
f 982/556/163 983/555/163 985/557/163 984/558/163
f 984/558/164 985/557/164 987/559/164 986/560/164
f 986/560/165 987/559/165 989/561/165 988/562/165
f 931/508/14 929/565/14 994/549/14 945/521/14 943/519/14 941/517/14 939/515/14 937/514/14 935/512/14 933/510/14
f 988/562/166 989/561/166 991/563/166 996/647/166 990/564/166
f 990/564/167 996/647/167 997/648/167 928/566/167
f 961/534/14 994/549/14 977/549/14 975/547/14 973/545/14 971/543/14 969/249/14 967/540/14 965/538/14 963/536/14
f 977/549/14 994/549/14 929/565/14 991/563/14 989/561/14 987/559/14 985/557/14 983/555/14 981/553/14 979/551/14
f 945/521/14 994/549/14 961/534/14 959/532/14 957/530/14 955/528/14 953/45/14 951/526/14 949/524/14 947/522/14
f 997/648/168 996/647/168 991/563/168 929/565/168
f 995/646/169 997/645/169 929/507/169 931/508/169
f 998/506/45 999/507/45 1001/508/45 1000/509/45
f 1000/509/46 1001/508/46 1003/510/46 1002/511/46
f 1002/511/28 1003/510/28 1005/512/28 1004/513/28
f 1004/513/17 1005/512/17 1007/514/17 1006/58/17
f 1006/58/20 1007/514/20 1009/515/20 1008/516/20
f 1008/516/23 1009/515/23 1011/517/23 1010/518/23
f 1010/518/22 1011/517/22 1013/519/22 1012/520/22
f 1012/520/37 1013/519/37 1015/521/37 1014/55/37 1063/642/37
f 1014/55/47 1015/521/47 1017/522/47 1016/523/47
f 1016/523/48 1017/522/48 1019/524/48 1018/525/48
f 1018/525/70 1019/524/70 1021/526/70 1020/527/70
f 1020/527/71 1021/526/71 1023/45/71 1022/37/71
f 1022/37/72 1023/45/72 1025/528/72 1024/529/72
f 1024/529/73 1025/528/73 1027/530/73 1026/531/73
f 1026/531/53 1027/530/53 1029/532/53 1028/533/53
f 1028/533/134 1029/532/134 1031/534/134 1030/535/134
f 1030/535/135 1031/534/135 1033/536/135 1032/537/135
f 1032/537/56 1033/536/56 1035/538/56 1034/539/56
f 1034/539/78 1035/538/78 1037/540/78 1036/541/78
f 1036/541/79 1037/540/79 1039/249/79 1038/542/79
f 1038/542/80 1039/249/80 1041/543/80 1040/544/80
f 1040/544/81 1041/543/81 1043/545/81 1042/546/81
f 1042/546/61 1043/545/61 1045/547/61 1044/548/61
f 1044/548/62 1045/547/62 1047/549/62 1046/550/62
f 1046/550/35 1047/549/35 1049/551/35 1048/552/35 1062/643/35
f 1048/552/24 1049/551/24 1051/553/24 1050/554/24
f 1050/554/19 1051/553/19 1053/555/19 1052/556/19
f 1052/556/16 1053/555/16 1055/557/16 1054/558/16
f 1054/558/25 1055/557/25 1057/559/25 1056/560/25
f 1056/560/30 1057/559/30 1059/561/30 1058/562/30
f 1058/562/63 1059/561/63 1061/563/63 1060/564/63
f 1060/564/64 1061/563/64 999/565/64 998/566/64
f 1001/508/14 999/565/14 1064/649/14 1015/521/14 1013/519/14 1011/517/14 1009/515/14 1007/514/14 1005/512/14 1003/510/14
f 998/566/15 1065/650/15 1046/550/15 1062/643/15 1048/552/15 1050/554/15 1052/556/15 1054/558/15 1056/560/15 1058/562/15 1060/564/15
f 1015/521/14 1064/649/14 1031/534/14 1029/532/14 1027/530/14 1025/528/14 1023/45/14 1021/526/14 1019/524/14 1017/522/14
f 1064/649/14 999/565/14 1061/563/14 1059/561/14 1057/559/14 1055/557/14 1053/555/14 1051/553/14 1049/551/14 1047/549/14
f 1031/534/14 1064/649/14 1047/549/14 1045/547/14 1043/545/14 1041/543/14 1039/249/14 1037/540/14 1035/538/14 1033/536/14
f 1046/550/15 1065/650/15 1030/535/15 1032/537/15 1034/539/15 1036/541/15 1038/542/15 1040/544/15 1042/546/15 1044/548/15
f 1065/650/15 998/566/15 1000/509/15 1002/511/15 1004/513/15 1006/58/15 1008/516/15 1010/518/15 1012/520/15 1063/642/15 1014/55/15
f 1030/535/15 1065/650/15 1014/55/15 1016/523/15 1018/525/15 1020/527/15 1022/37/15 1024/529/15 1026/531/15 1028/533/15
f 1066/506/45 1067/507/45 1069/508/45 1068/509/45
f 1068/509/46 1069/508/46 1071/510/46 1070/511/46
f 1070/511/28 1071/510/28 1073/512/28 1072/513/28
f 1072/513/17 1073/512/17 1075/514/17 1074/58/17
f 1074/58/20 1075/514/20 1077/515/20 1076/516/20
f 1076/516/23 1077/515/23 1079/517/23 1078/518/23
f 1078/518/22 1079/517/22 1081/519/22 1080/520/22
f 1080/520/37 1081/519/37 1083/521/37 1082/55/37 1131/642/37
f 1082/55/47 1083/521/47 1085/522/47 1084/523/47
f 1084/523/48 1085/522/48 1087/524/48 1086/525/48
f 1086/525/70 1087/524/70 1089/526/70 1088/527/70
f 1088/527/71 1089/526/71 1091/45/71 1090/37/71
f 1090/37/72 1091/45/72 1093/528/72 1092/529/72
f 1092/529/73 1093/528/73 1095/530/73 1094/531/73
f 1094/531/53 1095/530/53 1097/532/53 1096/533/53
f 1096/533/134 1097/532/134 1099/534/134 1098/535/134
f 1098/535/135 1099/534/135 1101/536/135 1100/537/135
f 1100/537/56 1101/536/56 1103/538/56 1102/539/56
f 1102/539/78 1103/538/78 1105/540/78 1104/541/78
f 1104/541/79 1105/540/79 1107/249/79 1106/542/79
f 1106/542/80 1107/249/80 1109/543/80 1108/544/80
f 1108/544/81 1109/543/81 1111/545/81 1110/546/81
f 1110/546/61 1111/545/61 1113/547/61 1112/548/61
f 1112/548/62 1113/547/62 1115/549/62 1114/550/62
f 1114/550/35 1115/549/35 1117/551/35 1116/552/35 1130/643/35
f 1116/552/24 1117/551/24 1119/553/24 1118/554/24
f 1118/554/19 1119/553/19 1121/555/19 1120/556/19
f 1120/556/16 1121/555/16 1123/557/16 1122/558/16
f 1122/558/25 1123/557/25 1125/559/25 1124/560/25
f 1124/560/30 1125/559/30 1127/561/30 1126/562/30
f 1126/562/63 1127/561/63 1129/563/63 1128/564/63
f 1128/564/64 1129/563/64 1067/565/64 1066/566/64
f 1069/508/14 1067/565/14 1132/549/14 1083/521/14 1081/519/14 1079/517/14 1077/515/14 1075/514/14 1073/512/14 1071/510/14
f 1066/566/15 1133/550/15 1114/550/15 1130/643/15 1116/552/15 1118/554/15 1120/556/15 1122/558/15 1124/560/15 1126/562/15 1128/564/15
f 1099/534/14 1132/549/14 1115/549/14 1113/547/14 1111/545/14 1109/543/14 1107/249/14 1105/540/14 1103/538/14 1101/536/14
f 1083/521/14 1132/549/14 1099/534/14 1097/532/14 1095/530/14 1093/528/14 1091/45/14 1089/526/14 1087/524/14 1085/522/14
f 1115/549/14 1132/549/14 1067/565/14 1129/563/14 1127/561/14 1125/559/14 1123/557/14 1121/555/14 1119/553/14 1117/551/14
f 1098/535/15 1133/550/15 1082/55/15 1084/523/15 1086/525/15 1088/527/15 1090/37/15 1092/529/15 1094/531/15 1096/533/15
f 1114/550/15 1133/550/15 1098/535/15 1100/537/15 1102/539/15 1104/541/15 1106/542/15 1108/544/15 1110/546/15 1112/548/15
f 1082/55/15 1133/550/15 1066/566/15 1068/509/15 1070/511/15 1072/513/15 1074/58/15 1076/516/15 1078/518/15 1080/520/15 1131/642/15
f 1134/506/45 1135/507/45 1137/508/45 1136/509/45
f 1136/509/170 1137/508/170 1139/510/170 1138/511/170
f 1138/511/28 1139/510/28 1141/512/28 1140/513/28
f 1140/513/17 1141/512/17 1143/514/17 1142/58/17
f 1142/58/20 1143/514/20 1145/515/20 1144/516/20
f 1144/516/23 1145/515/23 1147/517/23 1146/518/23
f 1146/518/22 1147/517/22 1149/519/22 1148/520/22
f 1148/520/37 1149/519/37 1151/521/37 1150/55/37 1201/642/37
f 1150/55/47 1151/521/47 1153/522/47 1152/523/47
f 1152/523/48 1153/522/48 1155/524/48 1154/525/48
f 1154/525/70 1155/524/70 1157/526/70 1156/527/70
f 1156/527/71 1157/526/71 1159/45/71 1158/37/71
f 1158/37/72 1159/45/72 1161/528/72 1160/529/72
f 1160/529/73 1161/528/73 1163/530/73 1162/531/73
f 1162/531/53 1163/530/53 1165/532/53 1164/533/53
f 1164/533/134 1165/532/134 1167/534/134 1166/535/134
f 1166/535/135 1167/534/135 1169/536/135 1168/537/135
f 1168/537/56 1169/536/56 1171/538/56 1170/539/56
f 1170/539/78 1171/538/78 1173/540/78 1172/541/78
f 1172/541/79 1173/540/79 1175/249/79 1174/542/79
f 1174/542/80 1175/249/80 1177/543/80 1176/544/80
f 1176/544/81 1177/543/81 1179/545/81 1178/546/81
f 1178/546/61 1179/545/61 1181/547/61 1180/548/61
f 1180/548/62 1181/547/62 1183/549/62 1182/550/62
f 1182/550/35 1183/549/35 1185/551/35 1184/552/35 1200/643/35
f 1184/552/24 1185/551/24 1187/553/24 1186/554/24
f 1186/554/19 1187/553/19 1189/555/19 1188/556/19
f 1188/556/16 1189/555/16 1191/557/16 1190/558/16
f 1190/558/25 1191/557/25 1193/559/25 1192/560/25
f 1192/560/30 1193/559/30 1195/561/30 1194/562/30
f 1183/549/14 1199/651/14 1135/565/14 1197/563/14 1195/561/14 1193/559/14 1191/557/14 1189/555/14 1187/553/14 1185/551/14
f 1194/562/171 1195/561/171 1197/563/171 1196/564/171
f 1196/564/64 1197/563/64 1135/565/64 1134/566/64
f 1167/534/14 1199/651/14 1183/549/14 1181/547/14 1179/545/14 1177/543/14 1175/249/14 1173/540/14 1171/538/14 1169/536/14
f 1137/508/14 1135/565/14 1199/651/14 1151/521/14 1149/519/14 1147/517/14 1145/515/14 1143/514/14 1141/512/14 1139/510/14
f 1134/566/15 1202/652/15 1182/550/15 1200/643/15 1184/552/15 1186/554/15 1188/556/15 1190/558/15 1192/560/15 1194/562/15 1196/564/15
f 1151/521/14 1199/651/14 1167/534/14 1165/532/14 1163/530/14 1161/528/14 1159/45/14 1157/526/14 1155/524/14 1153/522/14
f 1166/535/15 1202/652/15 1150/55/15 1152/523/15 1154/525/15 1156/527/15 1158/37/15 1160/529/15 1162/531/15 1164/533/15
f 1182/550/15 1202/652/15 1166/535/15 1168/537/15 1170/539/15 1172/541/15 1174/542/15 1176/544/15 1178/546/15 1180/548/15
f 1150/55/15 1202/652/15 1134/566/15 1136/509/15 1138/511/15 1140/513/15 1142/58/15 1144/516/15 1146/518/15 1148/520/15 1201/642/15
f 1203/506/45 1204/507/45 1206/508/45 1205/509/45
f 1205/509/46 1206/508/46 1208/510/46 1207/511/46
f 1207/511/28 1208/510/28 1210/512/28 1209/513/28
f 1209/513/17 1210/512/17 1212/514/17 1211/58/17
f 1211/58/20 1212/514/20 1214/515/20 1213/516/20
f 1213/516/23 1214/515/23 1216/517/23 1215/518/23
f 1215/518/22 1216/517/22 1218/519/22 1217/520/22
f 1217/520/37 1218/519/37 1220/521/37 1219/55/37
f 1219/55/47 1220/521/47 1222/522/47 1221/523/47
f 1221/523/48 1222/522/48 1224/524/48 1223/525/48
f 1223/525/70 1224/524/70 1226/526/70 1225/527/70
f 1225/527/71 1226/526/71 1228/45/71 1227/37/71
f 1227/37/72 1228/45/72 1230/528/72 1229/529/72
f 1229/529/73 1230/528/73 1232/530/73 1231/531/73
f 1231/531/53 1232/530/53 1234/532/53 1233/533/53
f 1233/533/134 1234/532/134 1236/534/134 1235/535/134
f 1235/535/135 1236/534/135 1238/536/135 1237/537/135
f 1237/537/56 1238/536/56 1240/538/56 1239/539/56
f 1239/539/78 1240/538/78 1242/540/78 1241/541/78
f 1241/541/79 1242/540/79 1244/249/79 1243/542/79
f 1243/542/80 1244/249/80 1246/543/80 1245/544/80
f 1245/544/81 1246/543/81 1248/545/81 1247/546/81
f 1247/546/61 1248/545/61 1250/547/61 1249/548/61
f 1249/548/62 1250/547/62 1252/549/62 1251/550/62
f 1251/550/35 1252/549/35 1254/551/35 1253/552/35
f 1253/552/24 1254/551/24 1256/553/24 1255/554/24
f 1255/554/19 1256/553/19 1258/555/19 1257/556/19
f 1257/556/16 1258/555/16 1260/557/16 1259/558/16
f 1259/558/25 1260/557/25 1262/559/25 1261/560/25
f 1261/560/30 1262/559/30 1264/561/30 1263/562/30
f 1263/562/63 1264/561/63 1266/563/63 1265/564/63
f 1265/564/64 1266/563/64 1204/565/64 1203/566/64
f 1206/508/14 1204/565/14 1268/653/14 1220/521/14 1218/519/14 1216/517/14 1214/515/14 1212/514/14 1210/512/14 1208/510/14
f 1203/566/15 1267/654/15 1251/550/15 1253/552/15 1255/554/15 1257/556/15 1259/558/15 1261/560/15 1263/562/15 1265/564/15
f 1235/535/15 1267/654/15 1219/55/15 1221/523/15 1223/525/15 1225/527/15 1227/37/15 1229/529/15 1231/531/15 1233/533/15
f 1236/534/14 1268/653/14 1252/549/14 1250/547/14 1248/545/14 1246/543/14 1244/249/14 1242/540/14 1240/538/14 1238/536/14
f 1251/550/15 1267/654/15 1235/535/15 1237/537/15 1239/539/15 1241/541/15 1243/542/15 1245/544/15 1247/546/15 1249/548/15
f 1252/549/14 1268/653/14 1204/565/14 1266/563/14 1264/561/14 1262/559/14 1260/557/14 1258/555/14 1256/553/14 1254/551/14
f 1220/521/14 1268/653/14 1236/534/14 1234/532/14 1232/530/14 1230/528/14 1228/45/14 1226/526/14 1224/524/14 1222/522/14
f 1219/55/15 1267/654/15 1203/566/15 1205/509/15 1207/511/15 1209/513/15 1211/58/15 1213/516/15 1215/518/15 1217/520/15
f 1269/506/45 1270/507/45 1272/508/45 1271/509/45
f 1271/509/46 1272/508/46 1274/510/46 1273/511/46
f 1273/511/28 1274/510/28 1276/512/28 1275/513/28
f 1275/513/172 1276/512/172 1278/514/172 1277/58/172
f 1277/58/20 1278/514/20 1280/515/20 1279/516/20
f 1279/516/23 1280/515/23 1282/517/23 1281/518/23
f 1281/518/22 1282/517/22 1284/519/22 1283/520/22
f 1283/520/37 1284/519/37 1286/521/37 1285/55/37
f 1285/55/47 1286/521/47 1288/522/47 1287/523/47
f 1287/523/48 1288/522/48 1290/524/48 1289/525/48
f 1289/525/70 1290/524/70 1292/526/70 1291/527/70
f 1291/527/71 1292/526/71 1294/45/71 1293/37/71
f 1293/37/72 1294/45/72 1296/528/72 1295/529/72
f 1295/529/73 1296/528/73 1298/530/73 1297/531/73
f 1297/531/74 1298/530/74 1300/532/74 1299/533/74
f 1299/533/134 1300/532/134 1302/534/134 1301/535/134
f 1301/535/135 1302/534/135 1304/536/135 1303/537/135
f 1303/537/77 1304/536/77 1306/538/77 1305/539/77
f 1305/539/78 1306/538/78 1308/540/78 1307/541/78
f 1307/541/79 1308/540/79 1310/249/79 1309/542/79
f 1309/542/80 1310/249/80 1312/543/80 1311/544/80
f 1311/544/81 1312/543/81 1314/545/81 1313/546/81
f 1313/546/61 1314/545/61 1316/547/61 1315/548/61
f 1315/548/62 1316/547/62 1318/549/62 1317/550/62
f 1317/550/35 1318/549/35 1320/551/35 1319/552/35
f 1319/552/24 1320/551/24 1322/553/24 1321/554/24
f 1321/554/19 1322/553/19 1324/555/19 1323/556/19
f 1323/556/16 1324/555/16 1326/557/16 1325/558/16
f 1325/558/173 1326/557/173 1328/559/173 1327/560/173
f 1327/560/30 1328/559/30 1330/561/30 1329/562/30
f 1286/521/14 1334/655/14 1302/534/14 1300/532/14 1298/530/14 1296/528/14 1294/45/14 1292/526/14 1290/524/14 1288/522/14
f 1329/562/63 1330/561/63 1332/563/63 1331/564/63
f 1331/564/64 1332/563/64 1270/565/64 1269/566/64
f 1302/534/14 1334/655/14 1318/549/14 1316/547/14 1314/545/14 1312/543/14 1310/249/14 1308/540/14 1306/538/14 1304/536/14
f 1285/55/15 1333/656/15 1269/566/15 1271/509/15 1273/511/15 1275/513/15 1277/58/15 1279/516/15 1281/518/15 1283/520/15
f 1269/566/15 1333/656/15 1317/550/15 1319/552/15 1321/554/15 1323/556/15 1325/558/15 1327/560/15 1329/562/15 1331/564/15
f 1318/549/14 1334/655/14 1270/507/14 1332/563/14 1330/561/14 1328/559/14 1326/557/14 1324/555/14 1322/553/14 1320/551/14
f 1333/656/15 1285/55/15 1287/523/15 1289/525/15 1291/527/15 1293/37/15 1295/529/15 1297/531/15 1299/533/15 1301/535/15
f 1334/655/14 1286/521/14 1284/519/14 1282/517/14 1280/515/14 1278/514/14 1276/512/14 1274/510/14 1272/508/14 1270/507/14
f 1317/550/15 1333/656/15 1301/535/15 1303/537/15 1305/539/15 1307/541/15 1309/542/15 1311/544/15 1313/546/15 1315/548/15
f 1347/657/174 1348/658/174 1338/33/174 1336/412/174
f 1352/659/175 1349/660/175 1342/37/175 1344/661/175
f 1349/660/176 1350/662/176 1340/41/176 1342/37/176
f 1351/663/177 1347/664/177 1336/45/177 1346/46/177
f 1343/665/178 1345/48/178 1339/49/178 1341/542/178
f 1344/55/15 1346/52/15 1336/53/15 1338/58/15
f 1342/37/15 1340/41/15 1346/52/15 1344/55/15
f 1337/558/179 1335/297/179 1345/48/179 1343/665/179
f 1350/662/177 1351/663/177 1346/46/177 1340/41/177
f 1348/658/180 1352/659/180 1344/661/180 1338/33/180
f 1353/666/180 1357/667/180 1352/659/180 1348/658/180
f 1355/668/181 1356/669/181 1351/663/181 1350/662/181
f 1356/669/182 1358/670/182 1347/664/182 1351/663/182
f 1354/671/176 1355/668/176 1350/662/176 1349/660/176
f 1357/667/175 1354/671/175 1349/660/175 1352/659/175
f 1358/672/174 1353/666/174 1348/658/174 1347/657/174
f 1335/413/183 1337/673/183 1353/666/183 1358/672/183
f 1343/674/184 1341/542/184 1354/671/184 1357/667/184
f 1341/542/185 1339/49/185 1355/668/185 1354/671/185
f 1345/675/182 1335/249/182 1358/670/182 1356/669/182
f 1339/49/181 1345/675/181 1356/669/181 1355/668/181
f 1337/673/186 1343/674/186 1357/667/186 1353/666/186
f 1371/657/187 1372/658/187 1362/33/187 1360/412/187
f 1376/659/188 1373/660/188 1366/37/188 1368/661/188
f 1373/660/189 1374/662/189 1364/41/189 1366/37/189
f 1375/663/190 1371/664/190 1360/45/190 1370/46/190
f 1367/665/191 1369/48/191 1363/49/191 1365/542/191
f 1368/55/15 1370/52/15 1360/53/15 1362/58/15
f 1366/37/15 1364/41/15 1370/52/15 1368/55/15
f 1361/558/192 1359/297/192 1369/48/192 1367/665/192
f 1374/662/190 1375/663/190 1370/46/190 1364/41/190
f 1372/658/193 1376/659/193 1368/661/193 1362/33/193
f 1377/666/193 1381/667/193 1376/659/193 1372/658/193
f 1379/668/194 1380/669/194 1375/663/194 1374/662/194
f 1380/669/194 1382/670/194 1371/664/194 1375/663/194
f 1378/671/195 1379/668/195 1374/662/195 1373/660/195
f 1381/667/188 1378/671/188 1373/660/188 1376/659/188
f 1382/672/196 1377/666/196 1372/658/196 1371/657/196
f 1359/413/197 1361/673/197 1377/666/197 1382/672/197
f 1367/674/198 1365/542/198 1378/671/198 1381/667/198
f 1365/542/199 1363/49/199 1379/668/199 1378/671/199
f 1369/675/194 1359/249/194 1382/670/194 1380/669/194
f 1363/49/194 1369/675/194 1380/669/194 1379/668/194
f 1361/673/200 1367/674/200 1381/667/200 1377/666/200
f 1383/506/45 1384/507/45 1386/508/45 1385/509/45
f 1385/509/46 1386/508/46 1388/510/46 1387/511/46
f 1387/511/28 1388/510/28 1390/512/28 1389/513/28
f 1389/513/17 1390/512/17 1392/514/17 1391/58/17
f 1391/58/20 1392/514/20 1394/515/20 1393/516/20
f 1393/516/23 1394/515/23 1396/517/23 1395/518/23
f 1395/518/22 1396/517/22 1398/519/22 1397/520/22
f 1397/520/37 1398/519/37 1400/521/37 1399/55/37 1450/642/37
f 1399/55/47 1400/521/47 1402/522/47 1401/523/47
f 1401/523/48 1402/522/48 1404/524/48 1403/525/48
f 1403/525/70 1404/524/70 1406/526/70 1405/527/70
f 1405/527/71 1406/526/71 1408/45/71 1407/37/71
f 1407/37/72 1408/45/72 1410/528/72 1409/529/72
f 1409/529/73 1410/528/73 1412/530/73 1411/531/73
f 1411/531/53 1412/530/53 1414/532/53 1413/533/53
f 1413/533/134 1414/532/134 1416/534/134 1415/535/134
f 1415/535/135 1416/534/135 1418/536/135 1417/537/135
f 1417/537/56 1418/536/56 1420/538/56 1419/539/56
f 1419/539/78 1420/538/78 1422/540/78 1421/541/78
f 1421/541/79 1422/540/79 1424/249/79 1423/542/79
f 1423/542/80 1424/249/80 1426/543/80 1425/544/80
f 1425/544/81 1426/543/81 1428/545/81 1427/546/81
f 1427/546/61 1428/545/61 1430/547/61 1429/548/61
f 1429/548/62 1430/547/62 1432/549/62 1431/550/62
f 1431/550/35 1432/549/35 1434/551/35 1433/552/35 1449/643/35
f 1433/552/24 1434/551/24 1436/553/24 1435/554/24
f 1435/554/19 1436/553/19 1438/555/19 1437/556/19
f 1437/556/16 1438/555/16 1440/557/16 1439/558/16
f 1439/558/25 1440/557/25 1442/559/25 1441/560/25
f 1441/560/30 1442/559/30 1444/561/30 1443/562/30
f 1386/632/14 1384/577/14 1447/676/14 1400/604/14 1398/626/14 1396/627/14 1394/628/14 1392/629/14 1390/630/14 1388/631/14
f 1443/562/63 1444/561/63 1446/563/63 1445/564/63
f 1445/564/64 1446/563/64 1384/565/64 1383/566/64
f 1383/587/15 1448/677/15 1449/678/15 1433/589/15 1435/590/15 1437/591/15 1439/592/15 1441/593/15 1443/594/15 1445/595/15
f 1416/596/14 1447/676/14 1432/585/14 1430/619/14 1428/620/14 1426/621/14 1424/622/14 1422/623/14 1420/624/14 1418/625/14
f 1400/604/14 1447/676/14 1416/596/14 1414/597/14 1412/598/14 1410/599/14 1408/600/14 1406/601/14 1404/602/14 1402/603/14
f 1432/585/14 1447/676/14 1384/577/14 1446/578/14 1444/579/14 1442/580/14 1440/581/14 1438/582/14 1436/583/14 1434/584/14
f 1415/575/15 1448/677/15 1450/679/15 1399/567/15 1401/568/15 1403/569/15 1405/570/15 1407/571/15 1409/572/15 1411/573/15 1413/574/15
f 1449/678/15 1448/677/15 1415/575/15 1417/612/15 1419/613/15 1421/614/15 1423/615/15 1425/616/15 1427/617/15 1429/618/15 1431/588/15
f 1450/679/15 1448/677/15 1383/587/15 1385/605/15 1387/606/15 1389/607/15 1391/608/15 1393/609/15 1395/610/15 1397/611/15
l 229 1453
l 1452 1454
l 1455 1454
l 1453 1455
o Object_3
v -0.004493 0.634650 0.053921
v -0.004493 0.457825 0.053921
v 0.012795 0.634650 0.632591
v 0.012795 0.457825 0.632591
v 0.046417 0.634650 0.445366
v 0.046417 0.457825 0.445366
v 0.005824 0.634650 0.054991
v 0.005824 0.457825 0.054991
v 0.048146 0.457825 0.107373
v 0.048146 0.634650 0.107373
v 0.045708 0.457825 0.583875
v 0.045708 0.634650 0.583875
v -0.004493 0.627849 0.053921
v 0.012795 0.627849 0.632591
v 0.046417 0.627849 0.445366
v 0.005824 0.627849 0.054991
v 0.048146 0.627849 0.107373
v 0.045708 0.627849 0.583875
v -0.004528 0.618741 0.060770
v 0.010297 0.618741 0.626470
v 0.039807 0.618741 0.445332
v 0.004500 0.618741 0.061706
v 0.041536 0.618741 0.107339
v 0.039098 0.618741 0.583841
v 0.010297 0.513235 0.626470
v 0.039807 0.513235 0.445332
v 0.004500 0.513235 0.061706
v 0.041536 0.513235 0.107339
v 0.039098 0.513235 0.583841
v -0.004493 0.497510 0.053921
v 0.012795 0.497510 0.632591
v 0.046417 0.497510 0.445366
v 0.005824 0.497510 0.054991
v 0.048146 0.497510 0.107373
v 0.045708 0.497510 0.583875
v -0.004493 0.634650 0.053921
v -0.004493 0.457825 0.053921
v -0.007453 0.457825 0.632488
v -0.007453 0.634650 0.632488
v -0.006494 0.457825 0.445095
v -0.006494 0.634650 0.445095
v -0.004528 0.457825 0.060770
v -0.004528 0.634650 0.060770
v -0.004765 0.634650 0.107102
v -0.004765 0.457825 0.107102
v -0.007203 0.634650 0.583604
v -0.007203 0.457825 0.583604
v -0.004493 0.627849 0.053921
v -0.004528 0.513235 0.060770
v -0.004493 0.497510 0.053921
v -0.004528 0.497510 0.060770
v -0.004528 0.618741 0.060770
v 0.044639 0.457825 0.594192
v 0.044639 0.634650 0.594192
v 0.044639 0.627849 0.594192
v 0.038163 0.618741 0.592749
v 0.038163 0.513235 0.592749
v 0.044639 0.497510 0.594192
v -0.007256 0.457825 0.593926
v -0.007256 0.634650 0.593926
v 0.041577 0.457825 0.604103
v 0.041577 0.627849 0.604103
v 0.035483 0.618741 0.601541
v 0.035483 0.513235 0.601541
v 0.041577 0.497510 0.604103
v 0.041577 0.634650 0.604103
v -0.007306 0.457825 0.603853
v -0.007306 0.634650 0.603853
v 0.036641 0.457825 0.613225
v 0.036641 0.627849 0.613225
v 0.031163 0.618741 0.609523
v 0.031163 0.513235 0.609523
v 0.036641 0.497510 0.613225
v 0.036641 0.634650 0.613225
v -0.007353 0.457825 0.613000
v -0.007353 0.634650 0.613000
v 0.030020 0.457825 0.621208
v 0.030020 0.627849 0.621208
v 0.025370 0.618741 0.616510
v 0.025370 0.513235 0.616510
v 0.030020 0.497510 0.621208
v 0.030020 0.634650 0.621208
v -0.007394 0.457825 0.621017
v -0.007394 0.634650 0.621017
v 0.021968 0.457825 0.627749
v 0.021968 0.627849 0.627749
v 0.018324 0.618741 0.622233
v 0.018324 0.513235 0.622233
v 0.021968 0.497510 0.627749
v 0.021968 0.634650 0.627749
v -0.007428 0.457825 0.627598
v -0.007428 0.634650 0.627598
v 0.010297 0.497510 0.626470
v 0.039807 0.497510 0.445332
v 0.004500 0.497510 0.061706
v 0.041536 0.497510 0.107339
v 0.039098 0.497510 0.583841
v -0.004528 0.497510 0.060770
v 0.038163 0.497510 0.592749
v 0.035483 0.497510 0.601541
v 0.031163 0.497510 0.609523
v 0.025369 0.497510 0.616510
v 0.018324 0.497510 0.622233
v 0.010297 0.627849 0.626470
v 0.039807 0.627849 0.445332
v 0.004500 0.627849 0.061706
v 0.041536 0.627849 0.107339
v 0.039098 0.627849 0.583841
v -0.004528 0.627849 0.060770
v -0.004493 0.627849 0.053921
v 0.038163 0.627849 0.592749
v 0.035483 0.627849 0.601541
v 0.031163 0.627849 0.609523
v 0.025369 0.627849 0.616510
v 0.018324 0.627849 0.622233
v 0.002854 0.457825 0.635552
v -0.007473 0.457825 0.636516
v -0.007473 0.634650 0.636516
v 0.002854 0.634650 0.635552
v 0.002854 0.627849 0.635552
v -0.007473 0.627849 0.636516
v 0.001598 0.618741 0.629061
v 0.001598 0.513235 0.629061
v 0.002854 0.497510 0.635552
v -0.007473 0.497510 0.636516
v -0.007440 0.634650 0.629904
v -0.007440 0.457825 0.629904
v 0.001598 0.497510 0.629061
v -0.007440 0.497510 0.629904
v 0.001598 0.627849 0.629061
v -0.007440 0.627849 0.629904
v 0.047183 0.634650 0.096775
v 0.047183 0.457825 0.096775
v 0.047183 0.627849 0.096775
v 0.040692 0.618741 0.098270
v 0.040692 0.513235 0.098270
v 0.047183 0.497510 0.096775
v -0.004711 0.634650 0.096510
v -0.004711 0.457825 0.096510
v 0.040692 0.497510 0.098270
v 0.040692 0.627849 0.098270
v 0.044223 0.634650 0.086834
v -0.004660 0.634650 0.086584
v -0.004660 0.457825 0.086584
v 0.044223 0.457825 0.086834
v 0.044223 0.627849 0.086834
v 0.038102 0.618741 0.089571
v 0.038102 0.513235 0.089571
v 0.044223 0.497510 0.086834
v 0.038102 0.497510 0.089571
v 0.038102 0.627849 0.089571
v 0.039381 0.634650 0.077662
v -0.004613 0.634650 0.077437
v -0.004613 0.457825 0.077437
v 0.039381 0.457825 0.077662
v 0.039381 0.627849 0.077662
v 0.033864 0.618741 0.081545
v 0.033864 0.513235 0.081545
v 0.039381 0.497510 0.077662
v 0.033864 0.497510 0.081545
v 0.033864 0.627849 0.081545
v 0.032841 0.634650 0.069611
v -0.004572 0.634650 0.069419
v -0.004572 0.457825 0.069419
v 0.032841 0.457825 0.069611
v 0.032841 0.627849 0.069611
v 0.028142 0.618741 0.074499
v 0.028142 0.513235 0.074499
v 0.032841 0.497510 0.069611
v 0.028142 0.497510 0.074499
v 0.028142 0.627849 0.074499
v 0.024857 0.634650 0.062989
v -0.004539 0.634650 0.062839
v -0.004539 0.457825 0.062839
v 0.024857 0.457825 0.062989
v 0.024857 0.627849 0.062989
v 0.021155 0.618741 0.068705
v 0.021155 0.513235 0.068705
v 0.024857 0.497510 0.062989
v 0.021155 0.497510 0.068705
v 0.021155 0.627849 0.068705
v 0.015734 0.634650 0.058053
v -0.004533 0.634650 0.061660
v -0.004533 0.457825 0.061660
v 0.015734 0.457825 0.058053
v 0.015734 0.627849 0.058053
v 0.013173 0.618741 0.064386
v 0.013173 0.513235 0.064386
v 0.015734 0.497510 0.058053
v 0.013173 0.497510 0.064386
v 0.013172 0.627849 0.064386
v -0.007440 0.618741 0.629904
v -0.007428 0.627849 0.627598
v -0.007394 0.627849 0.621017
v -0.007353 0.627849 0.613000
v -0.007306 0.627849 0.603853
v -0.007256 0.627849 0.593926
v -0.004711 0.627849 0.096510
v -0.004660 0.627849 0.086584
v -0.004613 0.627849 0.077437
v -0.004572 0.627849 0.069419
v -0.004539 0.627849 0.062839
v -0.004533 0.627849 0.061660
v -0.007428 0.618741 0.627598
v -0.007394 0.618741 0.621017
v -0.007353 0.618741 0.613000
v -0.007306 0.618741 0.603853
v -0.007256 0.618741 0.593926
v -0.004711 0.618741 0.096510
v -0.004660 0.618741 0.086584
v -0.004613 0.618741 0.077437
v -0.004572 0.618741 0.069419
v -0.004539 0.618741 0.062839
v -0.004533 0.618741 0.061660
v -0.007394 0.513235 0.621017
v -0.007353 0.513235 0.613000
v -0.007306 0.513235 0.603853
v -0.007256 0.513235 0.593926
v -0.004711 0.513235 0.096510
v -0.004660 0.513235 0.086584
v -0.004613 0.513235 0.077437
v -0.004572 0.513235 0.069419
v -0.004539 0.513235 0.062839
v -0.004533 0.513235 0.061660
v -0.007440 0.513235 0.629904
v -0.007440 0.497510 0.629904
v -0.007394 0.497511 0.621017
v -0.007353 0.497511 0.613000
v -0.007306 0.497511 0.603853
v -0.007256 0.497511 0.593926
v -0.004711 0.497510 0.096510
v -0.004660 0.497510 0.086584
v -0.004613 0.497510 0.077437
v -0.004572 0.497510 0.069419
v -0.004539 0.497510 0.062839
v -0.004533 0.497510 0.061660
v -0.006494 0.627849 0.445095
v -0.006494 0.618741 0.445095
v -0.006494 0.513235 0.445095
v -0.006494 0.497511 0.445095
v -0.007440 0.627849 0.629904
v -0.004528 0.634650 0.060770
v -0.004528 0.644200 0.060770
v 0.004500 0.634650 0.061706
v 0.004500 0.644200 0.061706
v 0.013172 0.634650 0.064386
v 0.013172 0.644200 0.064386
v 0.021155 0.634650 0.068705
v 0.021155 0.644200 0.068705
v 0.028142 0.634650 0.074499
v 0.028142 0.644200 0.074499
v 0.033864 0.634650 0.081545
v 0.033864 0.644200 0.081545
v 0.038101 0.634650 0.089571
v 0.038101 0.644200 0.089571
v 0.040692 0.634650 0.098270
v 0.040692 0.644200 0.098270
v 0.041535 0.634650 0.107308
v 0.041535 0.644200 0.107308
v 0.040599 0.634650 0.116336
v 0.040599 0.644200 0.116336
v 0.037920 0.634650 0.125008
v 0.037920 0.644200 0.125008
v 0.033601 0.634650 0.132991
v 0.033601 0.644200 0.132991
v 0.027807 0.634650 0.139977
v 0.027807 0.644200 0.139977
v 0.020761 0.634650 0.145700
v 0.020761 0.644200 0.145700
v 0.012734 0.634650 0.149937
v 0.012734 0.644200 0.149937
v 0.004035 0.634650 0.152527
v 0.004035 0.644200 0.152527
v -0.005002 0.634650 0.153371
v -0.005002 0.644200 0.153371
v -0.014030 0.634650 0.152435
v -0.014030 0.644200 0.152435
v -0.022702 0.634650 0.149756
v -0.022702 0.644200 0.149756
v -0.030685 0.634650 0.145436
v -0.030685 0.644200 0.145436
v -0.037672 0.634650 0.139642
v -0.037672 0.644200 0.139642
v -0.043394 0.634650 0.132597
v -0.043394 0.644200 0.132597
v -0.047632 0.634650 0.124570
v -0.047632 0.644200 0.124570
v -0.050222 0.634650 0.115871
v -0.050222 0.644200 0.115871
v -0.051066 0.634650 0.106834
v -0.051066 0.644200 0.106834
v -0.050130 0.634650 0.097805
v -0.050130 0.644200 0.097805
v -0.047450 0.634650 0.089134
v -0.047450 0.644200 0.089134
v -0.043131 0.634650 0.081151
v -0.043131 0.644200 0.081151
v -0.037337 0.634650 0.074164
v -0.037337 0.644200 0.074164
v -0.030291 0.634650 0.068442
v -0.030291 0.644200 0.068442
v -0.022265 0.634650 0.064205
v -0.022265 0.644200 0.064205
v -0.013566 0.634650 0.061614
v -0.013566 0.644200 0.061614
v -0.004528 0.452513 0.060770
v -0.004528 0.457825 0.060770
v 0.004500 0.452513 0.061706
v 0.004500 0.457825 0.061706
v 0.013172 0.452513 0.064386
v 0.013172 0.457825 0.064386
v 0.021155 0.452513 0.068705
v 0.021155 0.457825 0.068705
v 0.028142 0.452513 0.074499
v 0.028142 0.457825 0.074499
v 0.033864 0.452513 0.081545
v 0.033864 0.457825 0.081545
v 0.038101 0.452513 0.089571
v 0.038101 0.457825 0.089571
v 0.040692 0.452513 0.098270
v 0.040692 0.457825 0.098270
v 0.041535 0.452513 0.107308
v 0.041535 0.457825 0.107308
v 0.040599 0.452513 0.116336
v 0.040599 0.457825 0.116336
v 0.037920 0.452513 0.125008
v 0.037920 0.457825 0.125008
v 0.033601 0.452513 0.132991
v 0.033601 0.457825 0.132991
v 0.027807 0.452513 0.139977
v 0.027807 0.457825 0.139977
v 0.020761 0.452513 0.145700
v 0.020761 0.457825 0.145700
v 0.012734 0.452513 0.149937
v 0.012734 0.457825 0.149937
v 0.004035 0.452513 0.152527
v 0.004035 0.457825 0.152527
v -0.005002 0.452513 0.153371
v -0.005002 0.457825 0.153371
v -0.014030 0.452513 0.152435
v -0.014030 0.457825 0.152435
v -0.022702 0.452513 0.149756
v -0.022702 0.457825 0.149756
v -0.030685 0.452513 0.145436
v -0.030685 0.457825 0.145436
v -0.037672 0.452513 0.139642
v -0.037672 0.457825 0.139642
v -0.043394 0.452513 0.132597
v -0.043394 0.457825 0.132597
v -0.047632 0.452513 0.124570
v -0.047632 0.457825 0.124570
v -0.050222 0.452513 0.115871
v -0.050222 0.457825 0.115871
v -0.051066 0.452513 0.106834
v -0.051066 0.457825 0.106834
v -0.050130 0.452513 0.097805
v -0.050130 0.457825 0.097805
v -0.047450 0.452513 0.089134
v -0.047450 0.457825 0.089134
v -0.043131 0.452513 0.081151
v -0.043131 0.457825 0.081151
v -0.037337 0.452513 0.074164
v -0.037337 0.457825 0.074164
v -0.030291 0.452513 0.068442
v -0.030291 0.457825 0.068442
v -0.022265 0.452513 0.064205
v -0.022265 0.457825 0.064205
v -0.013566 0.452513 0.061614
v -0.013566 0.457825 0.061614
v -0.007473 0.683618 0.636515
v -0.007473 0.627849 0.636515
v -0.017791 0.683618 0.635445
v -0.017791 0.627849 0.635445
v -0.027701 0.683618 0.632384
v -0.027701 0.627849 0.632384
v -0.036824 0.683618 0.627448
v -0.036824 0.627849 0.627448
v -0.044808 0.683618 0.620827
v -0.044808 0.627849 0.620827
v -0.051347 0.683618 0.612774
v -0.051347 0.627849 0.612774
v -0.056190 0.683618 0.603602
v -0.056190 0.627849 0.603602
v -0.059150 0.683618 0.593661
v -0.059150 0.627849 0.593661
v -0.060114 0.683618 0.583333
v -0.060114 0.627849 0.583333
v -0.059045 0.683618 0.573016
v -0.059045 0.627849 0.573016
v -0.055983 0.683618 0.563106
v -0.055983 0.627849 0.563106
v -0.051047 0.683618 0.553983
v -0.051047 0.627849 0.553983
v -0.044425 0.683618 0.545998
v -0.044425 0.627849 0.545998
v -0.036374 0.683618 0.539459
v -0.036374 0.627849 0.539459
v -0.027201 0.683618 0.534617
v -0.027201 0.627849 0.534617
v -0.017260 0.683618 0.531657
v -0.017260 0.627849 0.531657
v -0.006932 0.683618 0.530693
v -0.006932 0.627849 0.530693
v 0.003385 0.683618 0.531762
v 0.003385 0.627849 0.531762
v 0.013296 0.683618 0.534824
v 0.013296 0.627849 0.534824
v 0.022418 0.683618 0.539760
v 0.022418 0.627849 0.539760
v 0.030403 0.683618 0.546381
v 0.030403 0.627849 0.546381
v 0.036942 0.683618 0.554433
v 0.036942 0.627849 0.554433
v 0.041784 0.683618 0.563606
v 0.041784 0.627849 0.563606
v 0.044745 0.683618 0.573547
v 0.044745 0.627849 0.573547
v 0.045708 0.683618 0.583875
v 0.045708 0.627849 0.583875
v 0.044639 0.683618 0.594192
v 0.044639 0.627849 0.594192
v 0.041577 0.683618 0.604102
v 0.041577 0.627849 0.604102
v 0.036641 0.683618 0.613225
v 0.036641 0.627849 0.613225
v 0.030020 0.683618 0.621209
v 0.030020 0.627849 0.621209
v 0.021968 0.683618 0.627749
v 0.021968 0.627849 0.627749
v 0.012795 0.683618 0.632591
v 0.012795 0.627849 0.632591
v 0.002854 0.683618 0.635551
v 0.002854 0.627849 0.635551
v -0.007203 0.627849 0.583602
v -0.007203 0.683618 0.583602
v -0.007572 0.736336 0.655795
v -0.007473 0.683618 0.636515
v -0.021649 0.736336 0.654336
v -0.017791 0.683618 0.635445
v -0.035170 0.736336 0.650159
v -0.027701 0.683618 0.632384
v -0.047617 0.736336 0.643424
v -0.036824 0.683618 0.627448
v -0.058511 0.736336 0.634390
v -0.044808 0.683618 0.620827
v -0.067433 0.736336 0.623405
v -0.051347 0.683618 0.612774
v -0.074040 0.736336 0.610889
v -0.056190 0.683618 0.603602
v -0.078079 0.736336 0.597326
v -0.059150 0.683618 0.593661
v -0.079394 0.736336 0.583235
v -0.060114 0.683618 0.583333
v -0.077935 0.736336 0.569158
v -0.059045 0.683618 0.573016
v -0.073757 0.736336 0.555637
v -0.055983 0.683618 0.563106
v -0.067022 0.736336 0.543190
v -0.051047 0.683618 0.553983
v -0.057989 0.736336 0.532296
v -0.044425 0.683618 0.545998
v -0.047003 0.736336 0.523374
v -0.036374 0.683618 0.539459
v -0.034488 0.736336 0.516767
v -0.027201 0.683618 0.534617
v -0.020924 0.736336 0.512728
v -0.017260 0.683618 0.531657
v -0.006833 0.736336 0.511413
v -0.006932 0.683618 0.530693
v 0.007243 0.736336 0.512872
v 0.003385 0.683618 0.531762
v 0.020765 0.736336 0.517050
v 0.013296 0.683618 0.534824
v 0.033211 0.736336 0.523785
v 0.022418 0.683618 0.539760
v 0.044105 0.736336 0.532818
v 0.030403 0.683618 0.546381
v 0.053027 0.736336 0.543804
v 0.036942 0.683618 0.554433
v 0.059634 0.736336 0.556319
v 0.041784 0.683618 0.563606
v 0.063673 0.736336 0.569882
v 0.044745 0.683618 0.573547
v 0.064988 0.736336 0.583973
v 0.045708 0.683618 0.583875
v 0.063529 0.736336 0.598051
v 0.044639 0.683618 0.594192
v 0.059352 0.736336 0.611572
v 0.041577 0.683618 0.604102
v 0.052617 0.736336 0.624019
v 0.036641 0.683618 0.613225
v 0.043583 0.736336 0.634913
v 0.030020 0.683618 0.621209
v 0.032597 0.736336 0.643834
v 0.021968 0.683618 0.627749
v 0.020082 0.736336 0.650441
v 0.012795 0.683618 0.632591
v 0.006519 0.736336 0.654481
v 0.002854 0.683618 0.635551
v -0.007203 0.683618 0.583602
v -0.007203 0.736336 0.583602
v -0.007572 0.755238 0.655795
v -0.007572 0.736336 0.655795
v -0.021649 0.755238 0.654335
v -0.021649 0.736336 0.654335
v -0.035170 0.755238 0.650159
v -0.035170 0.736336 0.650159
v -0.047617 0.755238 0.643423
v -0.047617 0.736336 0.643423
v -0.058511 0.755238 0.634389
v -0.058511 0.736336 0.634389
v -0.067433 0.755238 0.623404
v -0.067433 0.736336 0.623404
v -0.074040 0.755238 0.610889
v -0.074040 0.736336 0.610889
v -0.078079 0.755238 0.597325
v -0.078079 0.736336 0.597325
v -0.079394 0.755238 0.583235
v -0.079394 0.736336 0.583235
v -0.077935 0.755238 0.569158
v -0.077935 0.736336 0.569158
v -0.073757 0.755238 0.555636
v -0.073757 0.736336 0.555636
v -0.067022 0.755238 0.543190
v -0.067022 0.736336 0.543190
v -0.057989 0.755238 0.532296
v -0.057989 0.736336 0.532296
v -0.047003 0.755238 0.523374
v -0.047003 0.736336 0.523374
v -0.034488 0.755238 0.516767
v -0.034488 0.736336 0.516767
v -0.020924 0.755238 0.512728
v -0.020924 0.736336 0.512728
v -0.006833 0.755238 0.511413
v -0.006833 0.736336 0.511413
v 0.007243 0.755238 0.512872
v 0.007243 0.736336 0.512872
v 0.020765 0.755238 0.517050
v 0.020765 0.736336 0.517050
v 0.033211 0.755238 0.523785
v 0.033211 0.736336 0.523785
v 0.044105 0.755238 0.532818
v 0.044105 0.736336 0.532818
v 0.053027 0.755238 0.543804
v 0.053027 0.736336 0.543804
v 0.059634 0.755238 0.556319
v 0.059634 0.736336 0.556319
v 0.063673 0.755238 0.569882
v 0.063673 0.736336 0.569882
v 0.064988 0.755238 0.583973
v 0.064988 0.736336 0.583973
v 0.063529 0.755238 0.598050
v 0.063529 0.736336 0.598050
v 0.059352 0.755238 0.611572
v 0.059352 0.736336 0.611572
v 0.052617 0.755238 0.624018
v 0.052617 0.736336 0.624018
v 0.043583 0.755238 0.634912
v 0.043583 0.736336 0.634912
v 0.032597 0.755238 0.643834
v 0.032597 0.736336 0.643834
v 0.020082 0.755238 0.650441
v 0.020082 0.736336 0.650441
v 0.006519 0.755238 0.654480
v 0.006519 0.736336 0.654480
v -0.007203 0.736336 0.583601
v -0.007203 0.755238 0.583601
v -0.007572 0.809057 0.655795
v -0.007572 0.755238 0.655795
v -0.021649 0.809057 0.654335
v -0.021649 0.755238 0.654335
v -0.035170 0.809057 0.650159
v -0.035170 0.755238 0.650159
v -0.047617 0.809057 0.643423
v -0.047617 0.755238 0.643423
v -0.058511 0.809057 0.634389
v -0.058511 0.755238 0.634389
v -0.067433 0.809057 0.623404
v -0.067433 0.755238 0.623404
v -0.074040 0.809057 0.610889
v -0.074040 0.755238 0.610889
v -0.078079 0.809057 0.597325
v -0.078079 0.755238 0.597325
v -0.079394 0.809057 0.583235
v -0.079394 0.755238 0.583235
v -0.077935 0.809057 0.569158
v -0.077935 0.755238 0.569158
v -0.073757 0.809057 0.555636
v -0.073757 0.755238 0.555636
v -0.067022 0.809057 0.543190
v -0.067022 0.755238 0.543190
v -0.057989 0.809057 0.532296
v -0.057989 0.755238 0.532296
v -0.047003 0.809057 0.523374
v -0.047003 0.755238 0.523374
v -0.034488 0.809057 0.516767
v -0.034488 0.755238 0.516767
v -0.020924 0.809057 0.512728
v -0.020924 0.755238 0.512728
v -0.006833 0.809057 0.511413
v -0.006833 0.755238 0.511413
v 0.007243 0.809057 0.512872
v 0.007243 0.755238 0.512872
v 0.020765 0.809057 0.517050
v 0.020765 0.755238 0.517050
v 0.033211 0.809057 0.523785
v 0.033211 0.755238 0.523785
v 0.044105 0.809057 0.532818
v 0.044105 0.755238 0.532818
v 0.053027 0.809057 0.543804
v 0.053027 0.755238 0.543804
v 0.059634 0.809057 0.556319
v 0.059634 0.755238 0.556319
v 0.063673 0.809057 0.569882
v 0.063673 0.755238 0.569882
v 0.064988 0.809057 0.583973
v 0.064988 0.755238 0.583973
v 0.063529 0.809057 0.598050
v 0.063529 0.755238 0.598050
v 0.059352 0.809057 0.611572
v 0.059352 0.755238 0.611572
v 0.052617 0.809057 0.624018
v 0.052617 0.755238 0.624018
v 0.043583 0.809057 0.634912
v 0.043583 0.755238 0.634912
v 0.032597 0.809057 0.643834
v 0.032597 0.755238 0.643834
v 0.020082 0.809057 0.650441
v 0.020082 0.755238 0.650441
v 0.006519 0.809057 0.654480
v 0.006519 0.755238 0.654480
v -0.007203 0.755238 0.583601
v -0.007203 0.809057 0.583601
v -0.007541 0.894870 0.649658
v -0.007541 0.809057 0.649658
v -0.021618 0.894870 0.648317
v -0.021618 0.809057 0.648317
v -0.035141 0.894870 0.644488
v -0.035141 0.809057 0.644488
v -0.047591 0.894870 0.638321
v -0.047591 0.809057 0.638321
v -0.058489 0.894870 0.630050
v -0.058489 0.809057 0.630050
v -0.067415 0.894870 0.619995
v -0.067415 0.809057 0.619995
v -0.074028 0.894870 0.608540
v -0.074028 0.809057 0.608540
v -0.078073 0.894870 0.596129
v -0.078073 0.809057 0.596129
v -0.079394 0.894870 0.583235
v -0.079394 0.809057 0.583235
v -0.077941 0.894870 0.570355
v -0.077941 0.809057 0.570355
v -0.073769 0.894870 0.557985
v -0.073769 0.809057 0.557985
v -0.067040 0.894870 0.546599
v -0.067040 0.809057 0.546599
v -0.058011 0.894870 0.536635
v -0.058011 0.809057 0.536635
v -0.047029 0.894870 0.528476
v -0.047029 0.809057 0.528476
v -0.034517 0.894870 0.522437
v -0.034517 0.809057 0.522437
v -0.020955 0.894870 0.518747
v -0.020955 0.809057 0.518747
v -0.006865 0.894870 0.517550
v -0.006865 0.809057 0.517550
v 0.007212 0.894870 0.518891
v 0.007212 0.809057 0.518891
v 0.020736 0.894870 0.522720
v 0.020736 0.809057 0.522720
v 0.033185 0.894870 0.528887
v 0.033185 0.809057 0.528887
v 0.044083 0.894870 0.537158
v 0.044083 0.809057 0.537158
v 0.053010 0.894870 0.547213
v 0.053010 0.809057 0.547213
v 0.059622 0.894870 0.558667
v 0.059622 0.809057 0.558667
v 0.063667 0.894870 0.571079
v 0.063667 0.809057 0.571079
v 0.064988 0.894870 0.583973
v 0.064988 0.809057 0.583973
v 0.063535 0.894870 0.596853
v 0.063535 0.809057 0.596853
v 0.059364 0.894870 0.609223
v 0.059364 0.809057 0.609223
v 0.052634 0.894870 0.620609
v 0.052634 0.809057 0.620609
v 0.043605 0.894870 0.630573
v 0.043605 0.809057 0.630573
v 0.032623 0.894870 0.638731
v 0.032623 0.809057 0.638731
v 0.020111 0.894870 0.644771
v 0.020111 0.809057 0.644771
v 0.006549 0.894870 0.648461
v 0.006549 0.809057 0.648461
v -0.007203 0.809057 0.583602
v -0.007203 0.894870 0.583602
v -0.007420 0.953775 0.625980
v -0.007420 0.894870 0.625980
v -0.015683 0.953775 0.625123
v -0.015683 0.894870 0.625123
v -0.023620 0.953775 0.622671
v -0.023620 0.894870 0.622671
v -0.030926 0.953775 0.618717
v -0.030926 0.894870 0.618717
v -0.037320 0.953775 0.613415
v -0.037320 0.894870 0.613415
v -0.042557 0.953775 0.606967
v -0.042557 0.894870 0.606967
v -0.046436 0.953775 0.599620
v -0.046436 0.894870 0.599620
v -0.048806 0.953775 0.591659
v -0.048806 0.894870 0.591659
v -0.049578 0.953775 0.583387
v -0.049578 0.894870 0.583387
v -0.048722 0.953775 0.575124
v -0.048722 0.894870 0.575124
v -0.046270 0.953775 0.567188
v -0.046270 0.894870 0.567188
v -0.042316 0.953775 0.559882
v -0.042316 0.894870 0.559882
v -0.037014 0.953775 0.553487
v -0.037014 0.894870 0.553487
v -0.030565 0.953775 0.548249
v -0.030565 0.894870 0.548249
v -0.023219 0.953775 0.544371
v -0.023219 0.894870 0.544371
v -0.015257 0.953775 0.542000
v -0.015257 0.894870 0.542000
v -0.006986 0.953775 0.541229
v -0.006986 0.894870 0.541229
v 0.001277 0.953775 0.542085
v 0.001277 0.894870 0.542085
v 0.009214 0.953775 0.544537
v 0.009214 0.894870 0.544537
v 0.016520 0.953775 0.548490
v 0.016520 0.894870 0.548490
v 0.022914 0.953775 0.553793
v 0.022914 0.894870 0.553793
v 0.028151 0.953775 0.560242
v 0.028151 0.894870 0.560242
v 0.032030 0.953775 0.567588
v 0.032030 0.894870 0.567588
v 0.034401 0.953775 0.575549
v 0.034401 0.894870 0.575549
v 0.035173 0.953775 0.583821
v 0.035173 0.894870 0.583821
v 0.034316 0.953775 0.592084
v 0.034316 0.894870 0.592084
v 0.031864 0.953775 0.600020
v 0.031864 0.894870 0.600020
v 0.027911 0.953775 0.607327
v 0.027911 0.894870 0.607327
v 0.022608 0.953775 0.613721
v 0.022608 0.894870 0.613721
v 0.016159 0.953775 0.618958
v 0.016159 0.894870 0.618958
v 0.008813 0.953775 0.622837
v 0.008813 0.894870 0.622837
v 0.000852 0.953775 0.625208
v 0.000852 0.894870 0.625208
v -0.007203 0.894870 0.583603
v -0.007203 0.953775 0.583603
v 0.020304 0.634650 0.539740
v 0.020304 0.674844 0.539740
v 0.035765 0.634650 0.504705
v 0.020304 0.674844 0.539741
v 0.006660 0.634650 0.533719
v 0.006660 0.674844 0.533719
v 0.022121 0.634650 0.498684
v 0.006660 0.674844 0.533719
v 0.028943 0.634650 0.501695
v 0.014159 0.674844 0.535196
v 0.014159 0.634650 0.535195
v 0.014159 0.674844 0.535195
v -0.007517 0.618517 0.645101
v -0.007517 0.666287 0.645101
v -0.006438 0.618517 0.645212
v -0.006438 0.666287 0.645212
v -0.005401 0.618517 0.645532
v -0.005401 0.666287 0.645532
v -0.004447 0.618517 0.646049
v -0.004447 0.666287 0.646049
v -0.003611 0.618517 0.646742
v -0.003611 0.666287 0.646742
v -0.002927 0.618517 0.647585
v -0.002927 0.666287 0.647585
v -0.002420 0.618517 0.648544
v -0.002420 0.666287 0.648544
v -0.002111 0.618517 0.649584
v -0.002111 0.666287 0.649584
v -0.002010 0.618517 0.650665
v -0.002010 0.666287 0.650665
v -0.002122 0.618517 0.651744
v -0.002122 0.666287 0.651744
v -0.002442 0.618517 0.652781
v -0.002442 0.666287 0.652781
v -0.002958 0.618517 0.653736
v -0.002958 0.666287 0.653736
v -0.003651 0.618517 0.654571
v -0.003651 0.666287 0.654571
v -0.004494 0.618517 0.655255
v -0.004494 0.666287 0.655255
v -0.005453 0.618517 0.655762
v -0.005453 0.666287 0.655762
v -0.006493 0.618517 0.656072
v -0.006493 0.666287 0.656072
v -0.007574 0.618517 0.656173
v -0.007574 0.666287 0.656173
v -0.008654 0.618517 0.656060
v -0.008654 0.666287 0.656060
v -0.009690 0.618517 0.655740
v -0.009690 0.666287 0.655740
v -0.010645 0.618517 0.655223
v -0.010645 0.666287 0.655223
v -0.011480 0.618517 0.654531
v -0.011480 0.666287 0.654531
v -0.012165 0.618517 0.653689
v -0.012165 0.666287 0.653689
v -0.012671 0.618517 0.652729
v -0.012671 0.666287 0.652729
v -0.012981 0.618517 0.651689
v -0.012981 0.666287 0.651689
v -0.013082 0.618517 0.650608
v -0.013082 0.666287 0.650608
v -0.012970 0.618517 0.649529
v -0.012970 0.666287 0.649529
v -0.012650 0.618517 0.648492
v -0.012650 0.666287 0.648492
v -0.012133 0.618517 0.647538
v -0.012133 0.666287 0.647538
v -0.011440 0.618517 0.646702
v -0.011440 0.666287 0.646702
v -0.010598 0.618517 0.646018
v -0.010598 0.666287 0.646018
v -0.009638 0.618517 0.645510
v -0.009638 0.666287 0.645510
v -0.008598 0.618517 0.645201
v -0.008598 0.666287 0.645201
v -0.007546 0.666287 0.650637
v -0.007546 0.618517 0.650637
v -0.007590 0.625933 0.659294
v -0.007590 0.639036 0.659294
v -0.023744 0.625933 0.626569
v -0.023744 0.639036 0.626569
v -0.007590 0.625933 0.659294
v -0.007590 0.639036 0.659294
v 0.008898 0.625933 0.626736
v 0.008898 0.639036 0.626736
v -0.007423 0.625933 0.626652
v -0.007423 0.639036 0.626652
v -0.007590 0.625933 0.659294
v -0.007590 0.639036 0.659294
v -0.023827 0.625933 0.642890
v -0.023827 0.639036 0.642890
v 0.008814 0.625933 0.643057
v 0.008814 0.639036 0.643057
v -0.007506 0.639036 0.642973
v -0.007506 0.625933 0.642973
v -0.010772 0.625933 0.658964
v -0.004404 0.639036 0.658997
v -0.007588 0.639036 0.658980
v -0.007588 0.625933 0.658980
v -0.010772 0.639036 0.658964
v -0.004404 0.625933 0.658997
v -0.013829 0.639036 0.658020
v -0.001338 0.625933 0.658083
v -0.013829 0.625933 0.658020
v -0.001338 0.639036 0.658083
v -0.007584 0.639036 0.658051
v -0.007584 0.625933 0.658051
v -0.016643 0.639036 0.656497
v 0.001491 0.625933 0.656590
v -0.016643 0.625933 0.656497
v 0.001491 0.639036 0.656590
v -0.007576 0.639036 0.656544
v -0.007576 0.625933 0.656544
v -0.019106 0.639036 0.654454
v 0.003975 0.625933 0.654572
v -0.019106 0.625933 0.654454
v 0.003975 0.639036 0.654572
v -0.007566 0.639036 0.654513
v -0.007566 0.625933 0.654513
v -0.021123 0.639036 0.651971
v 0.006017 0.625933 0.652110
v -0.021123 0.625933 0.651971
v 0.006017 0.639036 0.652110
v -0.007553 0.639036 0.652041
v -0.007553 0.625933 0.652041
v -0.022617 0.639036 0.649142
v 0.007540 0.625933 0.649296
v -0.022617 0.625933 0.649142
v 0.007540 0.639036 0.649296
v -0.007538 0.639036 0.649219
v -0.007538 0.625933 0.649219
v -0.023530 0.639036 0.646075
v 0.008484 0.625933 0.646239
v -0.023530 0.625933 0.646075
v 0.008484 0.639036 0.646239
v -0.007523 0.639036 0.646157
v -0.007523 0.625933 0.646157
v -0.027701 0.634650 0.632384
v -0.027701 0.457825 0.632384
v -0.059405 0.634650 0.444824
v -0.059405 0.457825 0.444824
v -0.014821 0.634650 0.054885
v -0.014821 0.457825 0.054885
v -0.057676 0.457825 0.106831
v -0.057676 0.634650 0.106831
v -0.060114 0.457825 0.583333
v -0.060114 0.634650 0.583333
v -0.027701 0.627849 0.632384
v -0.059405 0.627849 0.444824
v -0.014821 0.627849 0.054885
v -0.057676 0.627849 0.106831
v -0.060114 0.627849 0.583333
v -0.025140 0.618741 0.626289
v -0.052795 0.618741 0.444858
v -0.013566 0.618741 0.061614
v -0.051066 0.618741 0.106865
v -0.053504 0.618741 0.583367
v -0.025140 0.513235 0.626289
v -0.052795 0.513235 0.444858
v -0.013566 0.513235 0.061614
v -0.051066 0.513235 0.106865
v -0.053504 0.513235 0.583367
v -0.027701 0.497510 0.632384
v -0.059405 0.497510 0.444824
v -0.014821 0.497510 0.054885
v -0.057676 0.497510 0.106831
v -0.060114 0.497510 0.583333
v -0.059150 0.457825 0.593661
v -0.059150 0.634650 0.593661
v -0.059150 0.627849 0.593661
v -0.052660 0.618741 0.592285
v -0.052660 0.513235 0.592285
v -0.059150 0.497510 0.593661
v -0.056190 0.457825 0.603603
v -0.056190 0.627849 0.603603
v -0.050070 0.618741 0.601103
v -0.050070 0.513235 0.601103
v -0.056190 0.497510 0.603603
v -0.056190 0.634650 0.603603
v -0.051347 0.457825 0.612774
v -0.051347 0.627849 0.612774
v -0.045832 0.618741 0.609129
v -0.045832 0.513235 0.609129
v -0.051347 0.497510 0.612774
v -0.051347 0.634650 0.612774
v -0.044808 0.457825 0.620826
v -0.044808 0.627849 0.620826
v -0.040110 0.618741 0.616175
v -0.040110 0.513235 0.616175
v -0.044808 0.497510 0.620826
v -0.044808 0.634650 0.620826
v -0.036824 0.457825 0.627448
v -0.036824 0.627849 0.627448
v -0.033123 0.618741 0.621970
v -0.033123 0.513235 0.621970
v -0.036824 0.497510 0.627448
v -0.036824 0.634650 0.627448
v -0.025140 0.497510 0.626289
v -0.052795 0.497510 0.444858
v -0.013566 0.497510 0.061614
v -0.051066 0.497510 0.106865
v -0.053504 0.497510 0.583367
v -0.052659 0.497510 0.592285
v -0.050070 0.497510 0.601103
v -0.045832 0.497510 0.609129
v -0.040110 0.497510 0.616175
v -0.033123 0.497510 0.621970
v -0.025140 0.627849 0.626289
v -0.052795 0.627849 0.444858
v -0.013566 0.627849 0.061614
v -0.051066 0.627849 0.106865
v -0.053504 0.627849 0.583367
v -0.052659 0.627849 0.592285
v -0.050070 0.627849 0.601103
v -0.045832 0.627849 0.609129
v -0.040110 0.627849 0.616175
v -0.033123 0.627849 0.621970
v -0.017791 0.457825 0.635446
v -0.017791 0.634650 0.635446
v -0.017791 0.627849 0.635446
v -0.016468 0.618741 0.628968
v -0.016468 0.513235 0.628968
v -0.017791 0.497510 0.635446
v -0.016468 0.497510 0.628968
v -0.016468 0.627849 0.628968
v -0.056606 0.634650 0.096244
v -0.056606 0.457825 0.096244
v -0.056606 0.627849 0.096244
v -0.050130 0.618741 0.097805
v -0.050130 0.513235 0.097805
v -0.056606 0.497510 0.096244
v -0.050130 0.497510 0.097805
v -0.050130 0.627849 0.097805
v -0.053544 0.634650 0.086334
v -0.053544 0.457825 0.086334
v -0.053544 0.627849 0.086334
v -0.047451 0.618741 0.089134
v -0.047451 0.513235 0.089134
v -0.053544 0.497510 0.086334
v -0.047451 0.497510 0.089134
v -0.047451 0.627849 0.089134
v -0.048608 0.634650 0.077212
v -0.048608 0.457825 0.077212
v -0.048608 0.627849 0.077212
v -0.043131 0.618741 0.081151
v -0.043131 0.513235 0.081151
v -0.048608 0.497510 0.077212
v -0.043131 0.497510 0.081151
v -0.043131 0.627849 0.081151
v -0.041986 0.634650 0.069228
v -0.041986 0.457825 0.069228
v -0.041986 0.627849 0.069228
v -0.037337 0.618741 0.074164
v -0.037337 0.513235 0.074164
v -0.041986 0.497510 0.069228
v -0.037337 0.497510 0.074164
v -0.037337 0.627849 0.074164
v -0.033935 0.634650 0.062689
v -0.033935 0.457825 0.062689
v -0.033935 0.627849 0.062689
v -0.030292 0.618741 0.068442
v -0.030292 0.513235 0.068442
v -0.033935 0.497510 0.062689
v -0.030292 0.497510 0.068442
v -0.030292 0.627849 0.068442
v -0.024762 0.634650 0.057846
v -0.024762 0.457825 0.057846
v -0.024762 0.627849 0.057846
v -0.022265 0.618741 0.064205
v -0.022265 0.513235 0.064205
v -0.024762 0.497510 0.057846
v -0.022265 0.497510 0.064205
v -0.022265 0.627849 0.064205
v -0.013565 0.634650 0.061614
v -0.013565 0.644200 0.061614
v -0.022265 0.634650 0.064205
v -0.022265 0.644200 0.064205
v -0.030291 0.634650 0.068442
v -0.030291 0.644200 0.068442
v -0.037337 0.634650 0.074164
v -0.037337 0.644200 0.074164
v -0.043131 0.634650 0.081151
v -0.043131 0.644200 0.081151
v -0.047450 0.634650 0.089134
v -0.047450 0.644200 0.089134
v -0.050130 0.634650 0.097805
v -0.050130 0.644200 0.097805
v -0.051065 0.634650 0.106834
v -0.051065 0.644200 0.106834
v -0.050222 0.634650 0.115871
v -0.050222 0.644200 0.115871
v -0.047632 0.634650 0.124570
v -0.047632 0.644200 0.124570
v -0.043394 0.634650 0.132597
v -0.043394 0.644200 0.132597
v -0.037672 0.634650 0.139642
v -0.037672 0.644200 0.139642
v -0.030685 0.634650 0.145436
v -0.030685 0.644200 0.145436
v -0.022702 0.634650 0.149756
v -0.022702 0.644200 0.149756
v -0.014030 0.634650 0.152435
v -0.014030 0.644200 0.152435
v 0.004035 0.634650 0.152527
v 0.004035 0.644200 0.152527
v 0.012735 0.634650 0.149937
v 0.012735 0.644200 0.149937
v 0.020761 0.634650 0.145700
v 0.020761 0.644200 0.145700
v 0.027807 0.634650 0.139977
v 0.027807 0.644200 0.139977
v 0.033601 0.634650 0.132991
v 0.033601 0.644200 0.132991
v 0.037920 0.634650 0.125008
v 0.037920 0.644200 0.125008
v 0.040599 0.634650 0.116336
v 0.040599 0.644200 0.116336
v 0.041535 0.634650 0.107308
v 0.041535 0.644200 0.107308
v 0.040692 0.634650 0.098270
v 0.040692 0.644200 0.098270
v 0.038102 0.634650 0.089571
v 0.038102 0.644200 0.089571
v 0.033864 0.634650 0.081545
v 0.033864 0.644200 0.081545
v 0.028142 0.634650 0.074499
v 0.028142 0.644200 0.074499
v 0.021155 0.634650 0.068705
v 0.021155 0.644200 0.068705
v 0.013172 0.634650 0.064386
v 0.013172 0.644200 0.064386
v 0.004500 0.634650 0.061706
v 0.004500 0.644200 0.061706
v -0.013565 0.452513 0.061614
v -0.013565 0.457825 0.061614
v -0.022265 0.452513 0.064205
v -0.022265 0.457825 0.064205
v -0.030291 0.452513 0.068442
v -0.030291 0.457825 0.068442
v -0.037337 0.452513 0.074164
v -0.037337 0.457825 0.074164
v -0.043131 0.452513 0.081151
v -0.043131 0.457825 0.081151
v -0.047450 0.452513 0.089134
v -0.047450 0.457825 0.089134
v -0.050130 0.452513 0.097805
v -0.050130 0.457825 0.097805
v -0.051065 0.452513 0.106834
v -0.051065 0.457825 0.106834
v -0.050222 0.452513 0.115871
v -0.050222 0.457825 0.115871
v -0.047632 0.452513 0.124570
v -0.047632 0.457825 0.124570
v -0.043394 0.452513 0.132597
v -0.043394 0.457825 0.132597
v -0.037672 0.452513 0.139642
v -0.037672 0.457825 0.139642
v -0.030685 0.452513 0.145436
v -0.030685 0.457825 0.145436
v -0.022702 0.452513 0.149756
v -0.022702 0.457825 0.149756
v -0.014030 0.452513 0.152435
v -0.014030 0.457825 0.152435
v 0.004035 0.452513 0.152527
v 0.004035 0.457825 0.152527
v 0.012735 0.452513 0.149937
v 0.012735 0.457825 0.149937
v 0.020761 0.452513 0.145700
v 0.020761 0.457825 0.145700
v 0.027807 0.452513 0.139977
v 0.027807 0.457825 0.139977
v 0.033601 0.452513 0.132991
v 0.033601 0.457825 0.132991
v 0.037920 0.452513 0.125008
v 0.037920 0.457825 0.125008
v 0.040599 0.452513 0.116336
v 0.040599 0.457825 0.116336
v 0.041535 0.452513 0.107308
v 0.041535 0.457825 0.107308
v 0.040692 0.452513 0.098270
v 0.040692 0.457825 0.098270
v 0.038102 0.452513 0.089571
v 0.038102 0.457825 0.089571
v 0.033864 0.452513 0.081545
v 0.033864 0.457825 0.081545
v 0.028142 0.452513 0.074499
v 0.028142 0.457825 0.074499
v 0.021155 0.452513 0.068705
v 0.021155 0.457825 0.068705
v 0.013172 0.452513 0.064386
v 0.013172 0.457825 0.064386
v 0.004500 0.452513 0.061706
v 0.004500 0.457825 0.061706
v 0.002854 0.683618 0.635551
v 0.002854 0.627849 0.635551
v 0.012795 0.683618 0.632591
v 0.012795 0.627849 0.632591
v 0.021968 0.683618 0.627749
v 0.021968 0.627849 0.627749
v 0.030020 0.683618 0.621209
v 0.030020 0.627849 0.621209
v 0.036641 0.683618 0.613225
v 0.036641 0.627849 0.613225
v 0.041577 0.683618 0.604102
v 0.041577 0.627849 0.604102
v 0.044639 0.683618 0.594192
v 0.044639 0.627849 0.594192
v 0.045709 0.683618 0.583875
v 0.045709 0.627849 0.583875
v 0.044745 0.683618 0.573547
v 0.044745 0.627849 0.573547
v 0.041785 0.683618 0.563606
v 0.041785 0.627849 0.563606
v 0.036942 0.683618 0.554433
v 0.036942 0.627849 0.554433
v 0.030403 0.683618 0.546381
v 0.030403 0.627849 0.546381
v 0.022418 0.683618 0.539760
v 0.022418 0.627849 0.539760
v 0.013296 0.683618 0.534824
v 0.013296 0.627849 0.534824
v 0.003385 0.683618 0.531762
v 0.003385 0.627849 0.531762
v -0.017260 0.683618 0.531657
v -0.017260 0.627849 0.531657
v -0.027201 0.683618 0.534617
v -0.027201 0.627849 0.534617
v -0.036374 0.683618 0.539459
v -0.036374 0.627849 0.539459
v -0.044425 0.683618 0.545998
v -0.044425 0.627849 0.545998
v -0.051046 0.683618 0.553983
v -0.051046 0.627849 0.553983
v -0.055983 0.683618 0.563106
v -0.055983 0.627849 0.563106
v -0.059045 0.683618 0.573016
v -0.059045 0.627849 0.573016
v -0.060114 0.683618 0.583333
v -0.060114 0.627849 0.583333
v -0.059150 0.683618 0.593661
v -0.059150 0.627849 0.593661
v -0.056190 0.683618 0.603602
v -0.056190 0.627849 0.603602
v -0.051347 0.683618 0.612774
v -0.051347 0.627849 0.612774
v -0.044808 0.683618 0.620827
v -0.044808 0.627849 0.620827
v -0.036824 0.683618 0.627448
v -0.036824 0.627849 0.627448
v -0.027701 0.683618 0.632384
v -0.027701 0.627849 0.632384
v -0.017791 0.683618 0.635445
v -0.017791 0.627849 0.635445
v 0.006519 0.736336 0.654481
v 0.002854 0.683618 0.635551
v 0.020083 0.736336 0.650441
v 0.012795 0.683618 0.632591
v 0.032598 0.736336 0.643834
v 0.021968 0.683618 0.627749
v 0.043583 0.736336 0.634913
v 0.030020 0.683618 0.621209
v 0.052617 0.736336 0.624019
v 0.036641 0.683618 0.613225
v 0.059352 0.736336 0.611572
v 0.041577 0.683618 0.604102
v 0.063529 0.736336 0.598051
v 0.044639 0.683618 0.594192
v 0.064988 0.736336 0.583973
v 0.045709 0.683618 0.583875
v 0.063673 0.736336 0.569882
v 0.044745 0.683618 0.573547
v 0.059635 0.736336 0.556319
v 0.041785 0.683618 0.563606
v 0.053027 0.736336 0.543804
v 0.036942 0.683618 0.554433
v 0.044105 0.736336 0.532818
v 0.030403 0.683618 0.546381
v 0.033212 0.736336 0.523785
v 0.022418 0.683618 0.539760
v 0.020765 0.736336 0.517050
v 0.013296 0.683618 0.534824
v 0.007243 0.736336 0.512872
v 0.003385 0.683618 0.531762
v -0.020924 0.736336 0.512728
v -0.017260 0.683618 0.531657
v -0.034488 0.736336 0.516767
v -0.027201 0.683618 0.534617
v -0.047003 0.736336 0.523374
v -0.036374 0.683618 0.539459
v -0.057988 0.736336 0.532296
v -0.044425 0.683618 0.545998
v -0.067022 0.736336 0.543190
v -0.051046 0.683618 0.553983
v -0.073757 0.736336 0.555637
v -0.055983 0.683618 0.563106
v -0.077935 0.736336 0.569158
v -0.059045 0.683618 0.573016
v -0.079394 0.736336 0.583235
v -0.060114 0.683618 0.583333
v -0.078079 0.736336 0.597326
v -0.059150 0.683618 0.593661
v -0.074040 0.736336 0.610889
v -0.056190 0.683618 0.603602
v -0.067433 0.736336 0.623405
v -0.051347 0.683618 0.612774
v -0.058511 0.736336 0.634390
v -0.044808 0.683618 0.620827
v -0.047617 0.736336 0.643424
v -0.036824 0.683618 0.627448
v -0.035170 0.736336 0.650159
v -0.027701 0.683618 0.632384
v -0.021649 0.736336 0.654336
v -0.017791 0.683618 0.635445
v 0.006519 0.755238 0.654480
v 0.006519 0.736336 0.654480
v 0.020082 0.755238 0.650441
v 0.020082 0.736336 0.650441
v 0.032597 0.755238 0.643834
v 0.032597 0.736336 0.643834
v 0.043583 0.755238 0.634912
v 0.043583 0.736336 0.634912
v 0.052617 0.755238 0.624018
v 0.052617 0.736336 0.624018
v 0.059352 0.755238 0.611572
v 0.059352 0.736336 0.611572
v 0.063529 0.755238 0.598050
v 0.063529 0.736336 0.598050
v 0.064988 0.755238 0.583973
v 0.064988 0.736336 0.583973
v 0.063673 0.755238 0.569882
v 0.063673 0.736336 0.569882
v 0.059634 0.755238 0.556319
v 0.059634 0.736336 0.556319
v 0.053027 0.755238 0.543804
v 0.053027 0.736336 0.543804
v 0.044105 0.755238 0.532818
v 0.044105 0.736336 0.532818
v 0.033212 0.755238 0.523785
v 0.033212 0.736336 0.523785
v 0.020765 0.755238 0.517050
v 0.020765 0.736336 0.517050
v 0.007243 0.755238 0.512872
v 0.007243 0.736336 0.512872
v -0.020924 0.755238 0.512728
v -0.020924 0.736336 0.512728
v -0.034488 0.755238 0.516767
v -0.034488 0.736336 0.516767
v -0.047003 0.755238 0.523374
v -0.047003 0.736336 0.523374
v -0.057988 0.755238 0.532296
v -0.057988 0.736336 0.532296
v -0.067022 0.755238 0.543190
v -0.067022 0.736336 0.543190
v -0.073757 0.755238 0.555636
v -0.073757 0.736336 0.555636
v -0.077935 0.755238 0.569158
v -0.077935 0.736336 0.569158
v -0.079394 0.755238 0.583235
v -0.079394 0.736336 0.583235
v -0.078079 0.755238 0.597325
v -0.078079 0.736336 0.597325
v -0.074040 0.755238 0.610889
v -0.074040 0.736336 0.610889
v -0.067432 0.755238 0.623404
v -0.067432 0.736336 0.623404
v -0.058511 0.755238 0.634389
v -0.058511 0.736336 0.634389
v -0.047617 0.755238 0.643423
v -0.047617 0.736336 0.643423
v -0.035170 0.755238 0.650159
v -0.035170 0.736336 0.650159
v -0.021649 0.755238 0.654335
v -0.021649 0.736336 0.654335
v 0.006519 0.809057 0.654480
v 0.006519 0.755238 0.654480
v 0.020082 0.809057 0.650441
v 0.020082 0.755238 0.650441
v 0.032597 0.809057 0.643834
v 0.032597 0.755238 0.643834
v 0.043583 0.809057 0.634912
v 0.043583 0.755238 0.634912
v 0.052617 0.809057 0.624018
v 0.052617 0.755238 0.624018
v 0.059352 0.809057 0.611572
v 0.059352 0.755238 0.611572
v 0.063529 0.809057 0.598050
v 0.063529 0.755238 0.598050
v 0.064988 0.809057 0.583973
v 0.064988 0.755238 0.583973
v 0.063673 0.809057 0.569882
v 0.063673 0.755238 0.569882
v 0.059634 0.809057 0.556319
v 0.059634 0.755238 0.556319
v 0.053027 0.809057 0.543804
v 0.053027 0.755238 0.543804
v 0.044105 0.809057 0.532818
v 0.044105 0.755238 0.532818
v 0.033212 0.809057 0.523785
v 0.033212 0.755238 0.523785
v 0.020765 0.809057 0.517050
v 0.020765 0.755238 0.517050
v 0.007243 0.809057 0.512872
v 0.007243 0.755238 0.512872
v -0.020924 0.809057 0.512728
v -0.020924 0.755238 0.512728
v -0.034488 0.809057 0.516767
v -0.034488 0.755238 0.516767
v -0.047003 0.809057 0.523374
v -0.047003 0.755238 0.523374
v -0.057988 0.809057 0.532296
v -0.057988 0.755238 0.532296
v -0.067022 0.809057 0.543190
v -0.067022 0.755238 0.543190
v -0.073757 0.809057 0.555636
v -0.073757 0.755238 0.555636
v -0.077935 0.809057 0.569158
v -0.077935 0.755238 0.569158
v -0.079394 0.809057 0.583235
v -0.079394 0.755238 0.583235
v -0.078079 0.809057 0.597325
v -0.078079 0.755238 0.597325
v -0.074040 0.809057 0.610889
v -0.074040 0.755238 0.610889
v -0.067432 0.809057 0.623404
v -0.067432 0.755238 0.623404
v -0.058511 0.809057 0.634389
v -0.058511 0.755238 0.634389
v -0.047617 0.809057 0.643423
v -0.047617 0.755238 0.643423
v -0.035170 0.809057 0.650159
v -0.035170 0.755238 0.650159
v -0.021649 0.809057 0.654335
v -0.021649 0.755238 0.654335
v 0.006550 0.894870 0.648461
v 0.006550 0.809057 0.648461
v 0.020111 0.894870 0.644771
v 0.020111 0.809057 0.644771
v 0.032624 0.894870 0.638731
v 0.032624 0.809057 0.638731
v 0.043605 0.894870 0.630573
v 0.043605 0.809057 0.630573
v 0.052634 0.894870 0.620609
v 0.052634 0.809057 0.620609
v 0.059364 0.894870 0.609223
v 0.059364 0.809057 0.609223
v 0.063535 0.894870 0.596853
v 0.063535 0.809057 0.596853
v 0.064988 0.894870 0.583973
v 0.064988 0.809057 0.583973
v 0.063667 0.894870 0.571079
v 0.063667 0.809057 0.571079
v 0.059622 0.894870 0.558667
v 0.059622 0.809057 0.558667
v 0.053010 0.894870 0.547213
v 0.053010 0.809057 0.547213
v 0.044083 0.894870 0.537158
v 0.044083 0.809057 0.537158
v 0.033185 0.894870 0.528887
v 0.033185 0.809057 0.528887
v 0.020736 0.894870 0.522720
v 0.020736 0.809057 0.522720
v 0.007213 0.894870 0.518891
v 0.007213 0.809057 0.518891
v -0.020955 0.894870 0.518747
v -0.020955 0.809057 0.518747
v -0.034517 0.894870 0.522437
v -0.034517 0.809057 0.522437
v -0.047029 0.894870 0.528476
v -0.047029 0.809057 0.528476
v -0.058010 0.894870 0.536635
v -0.058010 0.809057 0.536635
v -0.067040 0.894870 0.546599
v -0.067040 0.809057 0.546599
v -0.073769 0.894870 0.557985
v -0.073769 0.809057 0.557985
v -0.077941 0.894870 0.570355
v -0.077941 0.809057 0.570355
v -0.079394 0.894870 0.583235
v -0.079394 0.809057 0.583235
v -0.078072 0.894870 0.596129
v -0.078072 0.809057 0.596129
v -0.074028 0.894870 0.608540
v -0.074028 0.809057 0.608540
v -0.067415 0.894870 0.619995
v -0.067415 0.809057 0.619995
v -0.058488 0.894870 0.630050
v -0.058488 0.809057 0.630050
v -0.047591 0.894870 0.638321
v -0.047591 0.809057 0.638321
v -0.035141 0.894870 0.644488
v -0.035141 0.809057 0.644488
v -0.021618 0.894870 0.648317
v -0.021618 0.809057 0.648317
v 0.000852 0.953775 0.625208
v 0.000852 0.894870 0.625208
v 0.008813 0.953775 0.622837
v 0.008813 0.894870 0.622837
v 0.016160 0.953775 0.618958
v 0.016160 0.894870 0.618958
v 0.022608 0.953775 0.613721
v 0.022608 0.894870 0.613721
v 0.027911 0.953775 0.607327
v 0.027911 0.894870 0.607327
v 0.031864 0.953775 0.600020
v 0.031864 0.894870 0.600020
v 0.034316 0.953775 0.592084
v 0.034316 0.894870 0.592084
v 0.035173 0.953775 0.583821
v 0.035173 0.894870 0.583821
v 0.034401 0.953775 0.575549
v 0.034401 0.894870 0.575549
v 0.032030 0.953775 0.567588
v 0.032030 0.894870 0.567588
v 0.028152 0.953775 0.560242
v 0.028152 0.894870 0.560242
v 0.022915 0.953775 0.553793
v 0.022915 0.894870 0.553793
v 0.016520 0.953775 0.548490
v 0.016520 0.894870 0.548490
v 0.009214 0.953775 0.544537
v 0.009214 0.894870 0.544537
v 0.001277 0.953775 0.542085
v 0.001277 0.894870 0.542085
v -0.015257 0.953775 0.542000
v -0.015257 0.894870 0.542000
v -0.023219 0.953775 0.544371
v -0.023219 0.894870 0.544371
v -0.030565 0.953775 0.548249
v -0.030565 0.894870 0.548249
v -0.037013 0.953775 0.553487
v -0.037013 0.894870 0.553487
v -0.042316 0.953775 0.559882
v -0.042316 0.894870 0.559882
v -0.046269 0.953775 0.567188
v -0.046269 0.894870 0.567188
v -0.048722 0.953775 0.575124
v -0.048722 0.894870 0.575124
v -0.049578 0.953775 0.583387
v -0.049578 0.894870 0.583387
v -0.048806 0.953775 0.591659
v -0.048806 0.894870 0.591659
v -0.046435 0.953775 0.599620
v -0.046435 0.894870 0.599620
v -0.042557 0.953775 0.606967
v -0.042557 0.894870 0.606967
v -0.037320 0.953775 0.613415
v -0.037320 0.894870 0.613415
v -0.030925 0.953775 0.618717
v -0.030925 0.894870 0.618717
v -0.023619 0.953775 0.622671
v -0.023619 0.894870 0.622671
v -0.015682 0.953775 0.625123
v -0.015682 0.894870 0.625123
v -0.034259 0.634650 0.539461
v -0.034259 0.674844 0.539461
v -0.049361 0.634650 0.504269
v -0.034259 0.674844 0.539461
v -0.020554 0.634650 0.533580
v -0.020554 0.674844 0.533580
v -0.035656 0.634650 0.498389
v -0.020554 0.674844 0.533580
v -0.042508 0.634650 0.501329
v -0.028068 0.674844 0.534980
v -0.028068 0.634650 0.534979
v -0.028068 0.674844 0.534979
v -0.008598 0.618517 0.645201
v -0.008598 0.666287 0.645201
v -0.009638 0.618517 0.645510
v -0.009638 0.666287 0.645510
v -0.010598 0.618517 0.646018
v -0.010598 0.666287 0.646018
v -0.011440 0.618517 0.646702
v -0.011440 0.666287 0.646702
v -0.012133 0.618517 0.647538
v -0.012133 0.666287 0.647538
v -0.012649 0.618517 0.648492
v -0.012649 0.666287 0.648492
v -0.012970 0.618517 0.649529
v -0.012970 0.666287 0.649529
v -0.013082 0.618517 0.650608
v -0.013082 0.666287 0.650608
v -0.012981 0.618517 0.651689
v -0.012981 0.666287 0.651689
v -0.012671 0.618517 0.652729
v -0.012671 0.666287 0.652729
v -0.012164 0.618517 0.653689
v -0.012164 0.666287 0.653689
v -0.011480 0.618517 0.654531
v -0.011480 0.666287 0.654531
v -0.010645 0.618517 0.655223
v -0.010645 0.666287 0.655223
v -0.009690 0.618517 0.655740
v -0.009690 0.666287 0.655740
v -0.008653 0.618517 0.656060
v -0.008653 0.666287 0.656060
v -0.006493 0.618517 0.656072
v -0.006493 0.666287 0.656072
v -0.005453 0.618517 0.655762
v -0.005453 0.666287 0.655762
v -0.004494 0.618517 0.655255
v -0.004494 0.666287 0.655255
v -0.003651 0.618517 0.654571
v -0.003651 0.666287 0.654571
v -0.002958 0.618517 0.653736
v -0.002958 0.666287 0.653736
v -0.002442 0.618517 0.652781
v -0.002442 0.666287 0.652781
v -0.002121 0.618517 0.651744
v -0.002121 0.666287 0.651744
v -0.002010 0.618517 0.650665
v -0.002010 0.666287 0.650665
v -0.002110 0.618517 0.649584
v -0.002110 0.666287 0.649584
v -0.002420 0.618517 0.648544
v -0.002420 0.666287 0.648544
v -0.002927 0.618517 0.647585
v -0.002927 0.666287 0.647585
v -0.003611 0.618517 0.646742
v -0.003611 0.666287 0.646742
v -0.004446 0.618517 0.646049
v -0.004446 0.666287 0.646049
v -0.005401 0.618517 0.645532
v -0.005401 0.666287 0.645532
v -0.006438 0.618517 0.645212
v -0.006438 0.666287 0.645212
v 0.008898 0.625933 0.626736
v 0.008898 0.639036 0.626736
v -0.023744 0.625933 0.626569
v -0.023744 0.639036 0.626569
v 0.008814 0.625933 0.643057
v 0.008814 0.639036 0.643057
v -0.023827 0.625933 0.642890
v -0.023827 0.639036 0.642890
v -0.004404 0.625933 0.658997
v -0.010772 0.639036 0.658964
v -0.004404 0.639036 0.658997
v -0.010772 0.625933 0.658964
v -0.001338 0.639036 0.658083
v -0.013829 0.625933 0.658020
v -0.001338 0.625933 0.658083
v -0.013829 0.639036 0.658020
v 0.001492 0.639036 0.656590
v -0.016643 0.625933 0.656497
v 0.001492 0.625933 0.656590
v -0.016643 0.639036 0.656497
v 0.003975 0.639036 0.654572
v -0.019106 0.625933 0.654454
v 0.003975 0.625933 0.654572
v -0.019106 0.639036 0.654454
v 0.006017 0.639036 0.652110
v -0.021123 0.625933 0.651971
v 0.006017 0.625933 0.652110
v -0.021123 0.639036 0.651971
v 0.007540 0.639036 0.649296
v -0.022617 0.625933 0.649142
v 0.007540 0.625933 0.649296
v -0.022617 0.639036 0.649142
v 0.008485 0.639036 0.646239
v -0.023530 0.625933 0.646075
v 0.008485 0.625933 0.646239
v -0.023530 0.639036 0.646075
v -0.007256 0.565988 0.593926
vn -0.0000 1.0000 -0.0000
vn -0.0000 -1.0000 -0.0000
vn 0.4669 -0.0000 0.8843
vn 1.0000 -0.0000 0.0051
vn 0.1031 -0.0000 -0.9947
vn 0.9959 -0.0000 -0.0905
vn 0.9957 -0.0000 -0.0926
vn 0.4668 -0.0000 0.8843
vn 0.9945 -0.0000 0.1044
vn 0.9947 -0.0000 0.1031
vn 0.9555 -0.0000 0.2952
vn 0.8795 -0.0000 0.4759
vn 0.7698 -0.0000 0.6383
vn 0.7697 -0.0000 0.6384
vn 0.6305 -0.0000 0.7762
vn 0.2854 -0.0000 0.9584
vn 0.0929 -0.0000 0.9957
vn 0.9565 -0.0000 0.2916
vn 0.9584 -0.0000 -0.2854
vn 0.8843 -0.0000 -0.4669
vn 0.7762 -0.0000 -0.6304
vn 0.7762 -0.0000 -0.6305
vn 0.6383 -0.0000 -0.7698
vn 0.6383 -0.0000 -0.7697
vn 0.4759 -0.0000 -0.8795
vn 0.2952 -0.0000 -0.9554
vn -1.0000 -0.0000 -0.0051
vn -0.0051 -0.0000 1.0000
vn -0.2925 0.9563 -0.0015
vn 0.6384 -0.0000 -0.7697
vn 0.9957 -0.0000 -0.0929
vn 0.9554 -0.0000 0.2952
vn 0.7697 -0.0000 0.6383
vn 0.6304 -0.0000 0.7762
vn -0.1031 -0.0000 0.9947
vn -0.2952 -0.0000 0.9554
vn -0.4759 -0.0000 0.8795
vn -0.6383 -0.0000 0.7697
vn -0.7762 -0.0000 0.6304
vn -0.8843 -0.0000 0.4669
vn -0.9584 -0.0000 0.2854
vn -0.9957 -0.0000 0.0929
vn -0.9947 -0.0000 -0.1031
vn -0.9554 -0.0000 -0.2952
vn -0.8795 -0.0000 -0.4759
vn -0.7698 -0.0000 -0.6383
vn -0.6304 -0.0000 -0.7762
vn -0.4668 -0.0000 -0.8843
vn -0.2854 -0.0000 -0.9584
vn -0.0929 -0.0000 -0.9957
vn -0.6383 -0.0000 0.7698
vn -0.7763 -0.0000 0.6304
vn -0.4669 -0.0000 -0.8843
vn 0.7763 -0.0000 -0.6304
vn -0.0969 -0.3420 0.9347
vn -0.2774 -0.3420 0.8978
vn -0.4472 -0.3420 0.8265
vn -0.5998 -0.3420 0.7233
vn -0.7294 -0.3420 0.5924
vn -0.8310 -0.3420 0.4387
vn -0.9006 -0.3420 0.2682
vn -0.9356 -0.3420 0.0873
vn -0.9347 -0.3420 -0.0969
vn -0.8978 -0.3420 -0.2774
vn -0.8265 -0.3420 -0.4472
vn -0.7233 -0.3420 -0.5998
vn -0.5924 -0.3420 -0.7294
vn -0.4387 -0.3420 -0.8310
vn -0.2682 -0.3420 -0.9006
vn -0.0873 -0.3420 -0.9356
vn 0.0969 -0.3420 -0.9347
vn 0.2774 -0.3420 -0.8978
vn 0.4472 -0.3420 -0.8265
vn 0.5998 -0.3420 -0.7233
vn 0.7294 -0.3420 -0.5924
vn 0.8310 -0.3420 -0.4387
vn 0.9006 -0.3420 -0.2682
vn 0.9356 -0.3420 -0.0873
vn 0.9347 -0.3420 0.0969
vn 0.8978 -0.3420 0.2774
vn 0.8265 -0.3420 0.4472
vn 0.7233 -0.3420 0.5998
vn 0.5924 -0.3420 0.7294
vn 0.4387 -0.3420 0.8310
vn 0.2682 -0.3420 0.9006
vn 0.0873 -0.3420 0.9356
vn -0.2951 -0.0000 0.9555
vn -0.0930 -0.0000 -0.9957
vn 0.2853 -0.0000 0.9584
vn 0.0930 -0.0000 0.9957
vn -0.0949 -0.0000 0.9955
vn -0.2724 -0.0000 0.9622
vn -0.4439 -0.0000 0.8961
vn -0.6046 -0.0000 0.7966
vn -0.7478 -0.0000 0.6639
vn -0.8660 -0.0000 0.5000
vn -0.9508 -0.0000 0.3098
vn -0.9948 -0.0000 0.1019
vn -0.9937 -0.0000 -0.1121
vn -0.9476 -0.0000 -0.3195
vn -0.8609 -0.0000 -0.5088
vn -0.7410 -0.0000 -0.6715
vn -0.5964 -0.0000 -0.8027
vn -0.4347 -0.0000 -0.9006
vn -0.2625 -0.0000 -0.9649
vn -0.0847 -0.0000 -0.9964
vn 0.0949 -0.0000 -0.9955
vn 0.2724 -0.0000 -0.9622
vn 0.4439 -0.0000 -0.8961
vn 0.6046 -0.0000 -0.7966
vn 0.7478 -0.0000 -0.6639
vn 0.8660 -0.0000 -0.5000
vn 0.9508 -0.0000 -0.3098
vn 0.9948 -0.0000 -0.1019
vn 0.9937 -0.0000 0.1121
vn 0.9476 -0.0000 0.3195
vn 0.8609 -0.0000 0.5088
vn 0.7410 -0.0000 0.6715
vn 0.5964 -0.0000 0.8027
vn 0.4347 -0.0000 0.9006
vn 0.2625 -0.0000 0.9649
vn 0.0847 -0.0000 0.9964
vn -0.7762 -0.0000 0.6305
vn -0.8843 -0.0000 0.4668
vn -0.0928 -0.0000 -0.9957
vn 0.1030 -0.0000 -0.9947
vn 0.9149 -0.0000 0.4037
vn -0.9149 -0.0000 -0.4037
vn -0.5946 -0.0000 0.8040
vn 0.3693 0.6795 -0.6340
vn -0.0045 -1.0000 -0.0000
vn -0.1932 -0.0000 0.9812
vn 0.1026 -0.0000 -0.9947
vn 0.2949 -0.0000 -0.9555
vn 0.4763 -0.0000 -0.8793
vn 0.7764 -0.0000 -0.6303
vn 0.8842 -0.0000 -0.4671
vn 0.9947 -0.0000 0.1032
vn 0.8796 -0.0000 0.4758
vn 0.7695 -0.0000 0.6386
vn 0.4673 -0.0000 0.8841
vn 0.2851 -0.0000 0.9585
vn 0.0933 -0.0000 0.9956
vn -0.1035 -0.0000 0.9946
vn -0.2949 -0.0000 0.9555
vn -0.4763 -0.0000 0.8793
vn -0.6384 -0.0000 0.7697
vn -0.7760 -0.0000 0.6307
vn -0.8844 -0.0000 0.4667
vn -0.9957 -0.0000 0.0930
vn -0.8794 -0.0000 -0.4761
vn -0.7699 -0.0000 -0.6382
vn -0.6305 -0.0000 -0.7762
vn -0.4673 -0.0000 -0.8841
vn -0.2851 -0.0000 -0.9585
vn -0.0924 -0.0000 -0.9957
vn 0.0051 -0.0000 -1.0000
vn -0.1032 -0.0000 0.9947
vn 0.4668 -0.0000 0.8844
vn 0.6306 -0.0000 0.7761
vn -0.4758 -0.0000 0.8796
vn -0.6385 -0.0000 0.7697
vn -0.9949 -0.0000 -0.1006
vn -0.9947 -0.0000 -0.1028
vn -0.9956 -0.0000 0.0942
vn -0.9595 -0.0000 0.2818
vn -0.7697 -0.0000 -0.6384
vn 0.2924 0.9563 0.0015
vn 0.9476 -0.0000 0.3196
vn -0.9190 -0.0000 0.3944
vn 0.9190 -0.0000 -0.3943
vn 0.5863 -0.0000 0.8101
vn -0.3628 0.6795 -0.6377
vn -0.2122 0.6795 -0.7023
vn 0.1831 -0.0000 0.9831
vn 0.2194 0.6795 -0.7001
vn -0.0925 -0.0000 -0.9957
vt 0.568892 0.875000
vt 0.625000 0.875000
vt 0.625000 1.000000
vt 0.568892 1.000000
vt 0.750000 0.747184
vt 0.750000 0.750000
vt 0.875000 0.750000
vt 0.875000 0.747184
vt 0.568892 0.233612
vt 0.568892 0.235307
vt 0.625000 0.235307
vt 0.625000 0.233612
vt 0.568892 0.021866
vt 0.568892 0.160835
vt 0.625000 0.160835
vt 0.625000 0.021866
vt 0.750000 0.532216
vt 0.750000 0.589165
vt 0.875000 0.589165
vt 0.875000 0.532216
vt 0.568892 0.000000
vt 0.568892 0.002816
vt 0.625000 0.002816
vt 0.625000 0.000000
vt 0.750000 0.746818
vt 0.875000 0.746818
vt 0.750000 0.728134
vt 0.875000 0.728134
vt 0.568892 0.017511
vt 0.625000 0.017511
vt 0.750000 0.528551
vt 0.875000 0.528551
vt 0.568892 0.217784
vt 0.625000 0.217784
vt 0.375000 0.160835
vt 0.375000 0.217784
vt 0.384615 0.217784
vt 0.384615 0.160835
vt 0.375000 0.017511
vt 0.375000 0.021866
vt 0.384615 0.021866
vt 0.384615 0.017511
vt 0.375000 0.233612
vt 0.375000 0.235307
vt 0.384615 0.235307
vt 0.384615 0.233612
vt 0.375000 0.875000
vt 0.384615 0.875000
vt 0.384615 1.000000
vt 0.375000 1.000000
vt 0.391054 0.160835
vt 0.391054 0.217784
vt 0.397493 0.217784
vt 0.397493 0.160835
vt 0.391054 0.017511
vt 0.391054 0.021866
vt 0.397493 0.021866
vt 0.397493 0.017511
vt 0.375000 0.000000
vt 0.375000 0.002816
vt 0.384615 0.002816
vt 0.384615 0.000000
vt 0.391054 0.233612
vt 0.391054 0.235307
vt 0.397493 0.235307
vt 0.397493 0.233612
vt 0.269230 0.746818
vt 0.391054 1.000000
vt 0.391054 0.875000
vt 0.250000 0.750000
vt 0.250000 0.747184
vt 0.250000 0.746818
vt 0.546660 0.021866
vt 0.546660 0.017511
vt 0.546660 0.160835
vt 0.556998 0.160835
vt 0.556998 0.217784
vt 0.556998 0.017511
vt 0.556998 0.021866
vt 0.556998 0.375000
vt 0.546660 0.375000
vt 0.546660 0.002816
vt 0.556998 0.002816
vt 0.556998 0.233612
vt 0.556998 0.235307
vt 0.391054 0.000000
vt 0.391054 0.002816
vt 0.397493 0.002816
vt 0.397493 0.000000
vt 0.568892 0.375000
vt 0.397493 0.375000
vt 0.125000 0.528551
vt 0.125000 0.532216
vt 0.250000 0.532216
vt 0.250000 0.528551
vt 0.125000 0.589165
vt 0.125000 0.728134
vt 0.250000 0.728134
vt 0.250000 0.589165
vt 0.125000 0.746818
vt 0.125000 0.747184
vt 0.125000 0.750000
vt 0.556998 0.221449
vt 0.568892 0.221449
vt 0.391054 0.221449
vt 0.397493 0.221449
vt 0.375000 0.221449
vt 0.384615 0.221449
vt 0.125000 0.524940
vt 0.250000 0.524940
vt 0.625000 0.221449
vt 0.750000 0.521709
vt 0.750000 0.524940
vt 0.875000 0.524940
vt 0.875000 0.521709
vt 0.125000 0.521709
vt 0.250000 0.521709
vt 0.637782 0.521709
vt 0.637782 0.524940
vt 0.375000 0.225060
vt 0.384615 0.225060
vt 0.391054 0.225060
vt 0.625000 0.225060
vt 0.568892 0.225060
vt 0.637782 0.518781
vt 0.750000 0.518781
vt 0.125000 0.518781
vt 0.250000 0.518781
vt 0.875000 0.518781
vt 0.556998 0.225060
vt 0.556998 0.228291
vt 0.568892 0.228291
vt 0.391054 0.228291
vt 0.397493 0.228291
vt 0.397493 0.225060
vt 0.375000 0.228291
vt 0.384615 0.228291
vt 0.625000 0.228291
vt 0.750000 0.516388
vt 0.875000 0.516388
vt 0.125000 0.516388
vt 0.250000 0.516388
vt 0.000000 0.000000
vt 0.556998 0.231219
vt 0.568892 0.231219
vt 0.391054 0.231219
vt 0.397493 0.231219
vt 0.375000 0.231219
vt 0.384615 0.231219
vt 0.625000 0.231219
vt 0.125000 0.514693
vt 0.250000 0.514693
vt 0.750000 0.514693
vt 0.875000 0.514693
vt 0.546660 0.231219
vt 0.546660 0.233612
vt 0.546660 0.228291
vt 0.546660 0.225060
vt 0.546660 0.217784
vt 0.546660 0.221449
vt 0.546660 0.235307
vt 0.384615 0.236767
vt 0.391054 0.236767
vt 0.384615 0.238227
vt 0.391054 0.238227
vt 0.546660 0.236767
vt 0.556998 0.236767
vt 0.568892 0.236767
vt 0.556998 0.238227
vt 0.568892 0.238227
vt 0.397493 0.236767
vt 0.375000 0.236767
vt 0.375000 0.238227
vt 0.625000 0.236767
vt 0.625000 0.238227
vt 0.384615 0.013430
vt 0.391054 0.013430
vt 0.546660 0.013430
vt 0.556998 0.013430
vt 0.637783 0.589572
vt 0.750000 0.732489
vt 0.637784 0.732489
vt 0.125000 0.732489
vt 0.250000 0.732489
vt 0.568892 0.013430
vt 0.397493 0.013430
vt 0.375000 0.013430
vt 0.625000 0.013430
vt 0.875000 0.732489
vt 0.568892 0.009669
vt 0.625000 0.009669
vt 0.375000 0.009669
vt 0.384615 0.009669
vt 0.391054 0.009669
vt 0.397493 0.009669
vt 0.546660 0.009669
vt 0.556998 0.009669
vt 0.750000 0.736570
vt 0.637784 0.736570
vt 0.125000 0.736570
vt 0.250000 0.736570
vt 0.875000 0.736570
vt 0.384615 0.006372
vt 0.391054 0.006372
vt 0.546660 0.006372
vt 0.556998 0.006372
vt 0.568892 0.006372
vt 0.397493 0.006372
vt 0.375000 0.006372
vt 0.625000 0.006372
vt 0.750000 0.740331
vt 0.637784 0.740331
vt 0.125000 0.740331
vt 0.250000 0.740331
vt 0.875000 0.740331
vt 0.568892 0.003667
vt 0.625000 0.003667
vt 0.375000 0.003667
vt 0.384615 0.003667
vt 0.391054 0.003667
vt 0.397493 0.003667
vt 0.546660 0.003667
vt 0.556998 0.003667
vt 0.750000 0.743628
vt 0.637784 0.743628
vt 0.125000 0.743628
vt 0.250000 0.743628
vt 0.875000 0.743628
vt 0.384615 0.003182
vt 0.391054 0.003182
vt 0.546660 0.003182
vt 0.556998 0.003182
vt 0.568892 0.003182
vt 0.397493 0.003182
vt 0.375000 0.003182
vt 0.625000 0.003182
vt 0.750000 0.746333
vt 0.637784 0.746333
vt 0.125000 0.746333
vt 0.250000 0.746333
vt 0.875000 0.746333
vt 0.637784 0.746818
vt 0.637782 0.528551
vt 0.269230 0.746333
vt 0.269230 0.743628
vt 0.269230 0.740331
vt 0.269230 0.736570
vt 0.269231 0.732489
vt 0.269231 0.589571
vt 0.269232 0.524940
vt 0.269232 0.528551
vt 0.269232 0.521709
vt 0.269232 0.518781
vt 0.269232 0.516388
vt 0.258221 0.511773
vt 0.269232 0.511773
vt 0.294986 0.746818
vt 0.397493 1.000000
vt 0.294986 0.746333
vt 0.294986 0.743628
vt 0.294986 0.740331
vt 0.294986 0.736570
vt 0.294986 0.732489
vt 0.294986 0.589571
vt 0.294986 0.524940
vt 0.294986 0.528551
vt 0.294986 0.521709
vt 0.294986 0.518781
vt 0.294986 0.516388
vt 0.593321 0.746333
vt 0.593321 0.746818
vt 0.593321 0.743628
vt 0.593321 0.740331
vt 0.593321 0.736570
vt 0.593321 0.732489
vt 0.593321 0.589572
vt 0.593321 0.528551
vt 0.593321 0.524940
vt 0.593321 0.521709
vt 0.593321 0.518781
vt 0.637782 0.511773
vt 0.250000 0.511773
vt 0.125000 0.511773
vt 0.125000 0.513233
vt 1.000000 0.500000
vt 1.000000 1.000000
vt 0.968750 1.000000
vt 0.968750 0.500000
vt 0.937500 1.000000
vt 0.937500 0.500000
vt 0.906250 1.000000
vt 0.906250 0.500000
vt 0.875000 1.000000
vt 0.875000 0.500000
vt 0.843750 1.000000
vt 0.843750 0.500000
vt 0.812500 1.000000
vt 0.812500 0.500000
vt 0.781250 1.000000
vt 0.781250 0.500000
vt 0.750000 1.000000
vt 0.750000 0.500000
vt 0.718750 1.000000
vt 0.718750 0.500000
vt 0.687500 1.000000
vt 0.687500 0.500000
vt 0.656250 1.000000
vt 0.656250 0.500000
vt 0.625000 0.500000
vt 0.593750 1.000000
vt 0.593750 0.500000
vt 0.562500 1.000000
vt 0.562500 0.500000
vt 0.531250 1.000000
vt 0.531250 0.500000
vt 0.500000 1.000000
vt 0.500000 0.500000
vt 0.468750 1.000000
vt 0.468750 0.500000
vt 0.437500 1.000000
vt 0.437500 0.500000
vt 0.406250 1.000000
vt 0.406250 0.500000
vt 0.375000 0.500000
vt 0.343750 1.000000
vt 0.343750 0.500000
vt 0.312500 1.000000
vt 0.312500 0.500000
vt 0.281250 1.000000
vt 0.281250 0.500000
vt 0.250000 1.000000
vt 0.250000 0.500000
vt 0.218750 1.000000
vt 0.218750 0.500000
vt 0.187500 1.000000
vt 0.187500 0.500000
vt 0.156250 1.000000
vt 0.156250 0.500000
vt 0.125000 1.000000
vt 0.125000 0.500000
vt 0.093750 1.000000
vt 0.093750 0.500000
vt 0.062500 1.000000
vt 0.062500 0.500000
vt 0.296822 0.485388
vt 0.250000 0.490000
vt 0.203178 0.485388
vt 0.158156 0.471731
vt 0.116663 0.449553
vt 0.080294 0.419706
vt 0.050447 0.383337
vt 0.028269 0.341844
vt 0.014612 0.296822
vt 0.010000 0.250000
vt 0.014612 0.203178
vt 0.028269 0.158156
vt 0.050447 0.116663
vt 0.080294 0.080294
vt 0.116663 0.050447
vt 0.158156 0.028269
vt 0.203178 0.014612
vt 0.250000 0.010000
vt 0.296822 0.014612
vt 0.341844 0.028269
vt 0.383337 0.050447
vt 0.419706 0.080294
vt 0.449553 0.116663
vt 0.471731 0.158156
vt 0.485388 0.203178
vt 0.490000 0.250000
vt 0.485388 0.296822
vt 0.471731 0.341844
vt 0.449553 0.383337
vt 0.419706 0.419706
vt 0.383337 0.449553
vt 0.341844 0.471731
vt 0.031250 1.000000
vt 0.031250 0.500000
vt 0.000000 1.000000
vt 0.000000 0.500000
vt 0.750000 0.490000
vt 0.796822 0.485388
vt 0.841844 0.471731
vt 0.883337 0.449553
vt 0.919706 0.419706
vt 0.949553 0.383337
vt 0.971731 0.341844
vt 0.985388 0.296822
vt 0.990000 0.250000
vt 0.985388 0.203178
vt 0.971731 0.158156
vt 0.949553 0.116663
vt 0.919706 0.080294
vt 0.883337 0.050447
vt 0.841844 0.028269
vt 0.796822 0.014612
vt 0.750000 0.010000
vt 0.703178 0.014612
vt 0.658156 0.028269
vt 0.616663 0.050447
vt 0.580294 0.080294
vt 0.550447 0.116663
vt 0.528269 0.158156
vt 0.514612 0.203178
vt 0.510000 0.250000
vt 0.514612 0.296822
vt 0.528269 0.341844
vt 0.550447 0.383337
vt 0.580294 0.419706
vt 0.616663 0.449553
vt 0.658156 0.471731
vt 0.703178 0.485388
vt 0.250000 0.249991
vt 0.750000 0.249991
vt 0.375000 0.250000
vt 0.375000 0.750000
vt 0.625000 0.750000
vt 0.625000 0.375000
vt 0.625000 0.250000
vt 0.250000 0.250000
vt 0.750000 0.250000
vt 0.375000 0.125000
vt 0.625000 0.125000
vt 0.375000 0.375000
vt 0.375000 0.747597
vt 0.625000 0.747597
vt 0.250000 0.747597
vt 0.750000 0.747597
vt 0.875000 0.747597
vt 0.125000 0.747597
vt 0.250000 0.625000
vt 0.125000 0.625000
vt 0.750000 0.625000
vt 0.625000 0.625000
vt 0.875000 0.625000
vt 0.375000 0.625000
vt 0.375000 0.100609
vt 0.625000 0.100609
vt 0.625000 0.002403
vt 0.375000 0.002403
vt 0.125000 0.740482
vt 0.250000 0.740482
vt 0.625000 0.740483
vt 0.750000 0.740482
vt 0.875000 0.740482
vt 0.375000 0.740482
vt 0.375000 0.728936
vt 0.625000 0.728936
vt 0.250000 0.728936
vt 0.750000 0.728936
vt 0.875000 0.728936
vt 0.125000 0.728936
vt 0.625000 0.009517
vt 0.375000 0.009517
vt 0.125000 0.713386
vt 0.250000 0.713386
vt 0.625000 0.713386
vt 0.750000 0.713386
vt 0.875000 0.713386
vt 0.375000 0.713386
vt 0.625000 0.021064
vt 0.375000 0.021064
vt 0.375000 0.694445
vt 0.625000 0.694445
vt 0.250000 0.694445
vt 0.750000 0.694445
vt 0.875000 0.694445
vt 0.125000 0.694445
vt 0.625000 0.036614
vt 0.375000 0.036614
vt 0.125000 0.672833
vt 0.250000 0.672833
vt 0.625000 0.672833
vt 0.750000 0.672833
vt 0.875000 0.672833
vt 0.375000 0.672833
vt 0.625000 0.055555
vt 0.375000 0.055555
vt 0.375000 0.649391
vt 0.625000 0.649391
vt 0.250000 0.649391
vt 0.750000 0.649391
vt 0.875000 0.649391
vt 0.125000 0.649391
vt 0.625000 0.077167
vt 0.375000 0.077167
s 0
f 1505/680/201 1492/681/201 1457/682/201 1485/683/201
f 1497/684/202 1492/685/202 1457/686/202 1463/687/202
f 1544/688/203 1486/689/203 1459/690/203 1540/691/203
f 1489/692/204 1487/693/204 1461/694/204 1464/695/204
f 1502/696/202 1495/697/202 1461/698/202 1466/699/202
f 1485/700/205 1488/701/205 1463/702/205 1457/703/205
f 1639/704/202 1497/684/202 1463/687/202 1640/705/202
f 1495/697/202 1500/706/202 1464/707/202 1461/698/202
f 1592/708/206 1489/692/206 1464/695/206 1588/709/206
f 1514/710/202 1502/696/202 1466/699/202 1508/711/202
f 1487/693/204 1490/712/204 1466/713/204 1461/694/204
f 1460/714/204 1467/715/204 1473/716/204 1470/717/204
f 1587/718/206 1465/719/206 1472/720/206 1589/721/206
f 1465/719/204 1460/714/204 1470/717/204 1472/720/204
f 1545/722/203 1458/723/203 1469/724/203 1541/725/203
f 1491/726/201 1503/727/201 1468/728/201 1456/729/201
f 1560/730/204 1563/731/204 1479/732/204 1476/733/204
f 1596/734/207 1562/735/207 1478/736/207 1590/737/207
f 1456/738/205 1462/739/205 1471/740/205 1468/741/205
f 1562/735/204 1560/730/204 1476/733/204 1478/736/204
f 1570/742/208 1559/743/208 1475/744/208 1542/745/208
f 1658/746/204 1564/747/204 1565/748/204 1503/727/204 1491/749/204 1498/750/204 1638/751/204
f 1590/737/207 1478/736/207 1483/752/207 1591/753/207
f 1478/736/204 1476/733/204 1481/754/204 1483/752/204
f 1549/755/201 1552/756/201 1490/712/201 1487/693/201
f 1595/757/201 1551/758/201 1489/692/201 1592/708/201
f 1553/759/205 1504/760/205 1482/761/205 1550/762/205
f 1551/758/201 1549/755/201 1487/693/201 1489/692/201
f 1558/763/201 1548/764/201 1486/689/201 1544/688/201
f 1564/765/205 1561/766/205 1477/767/205 1474/768/205
f 1505/769/201 1506/769/201 1488/701/201 1485/700/201
f 1504/760/205 1507/770/205 1477/767/205 1482/761/205
f 1509/771/201 1467/772/201 1501/773/201 1515/774/201
f 1460/775/201 1465/776/201 1499/777/201 1496/778/201
f 1637/779/201 1462/780/201 1498/750/201 1638/751/201
f 1467/772/201 1460/775/201 1496/778/201 1501/773/201
f 1462/780/201 1456/781/201 1491/749/201 1498/750/201
f 1552/756/201 1554/782/201 1513/783/201 1490/712/201
f 1563/731/209 1566/784/209 1511/785/209 1479/732/209
f 1467/715/210 1509/786/210 1510/787/210 1473/716/210
f 1521/788/201 1509/771/201 1515/774/201 1523/789/201
f 1490/712/210 1513/783/210 1508/790/210 1466/713/210
f 1530/791/202 1522/792/202 1516/793/202 1524/794/202
f 1529/795/201 1521/788/201 1523/789/201 1531/796/201
f 1683/797/204 1530/791/204 1522/792/204 1684/798/204
f 1509/786/211 1521/799/211 1517/800/211 1510/787/211
f 1567/801/202 1566/784/202 1510/787/202 1517/800/202
f 1516/802/211 1508/711/211 1513/783/211 1520/803/211
f 1682/804/204 1538/805/204 1530/791/204 1683/797/204
f 1537/806/201 1529/795/201 1531/796/201 1539/807/201
f 1538/805/202 1530/791/202 1524/794/202 1532/808/202
f 1555/809/201 1556/810/201 1528/811/201 1520/803/201
f 1567/801/212 1568/812/212 1526/813/212 1518/814/212
f 1521/799/212 1529/815/212 1525/816/212 1517/800/212
f 1520/803/212 1528/811/212 1524/817/212 1516/802/212
f 1546/818/202 1538/805/202 1532/808/202 1540/819/202
f 1545/820/201 1537/806/201 1539/807/201 1547/821/201
f 1538/805/204 1682/804/204 1584/822/204 1582/822/204
f 1556/810/201 1557/823/201 1536/824/201 1528/811/201
f 1568/812/213 1569/825/213 1534/826/213 1526/813/213
f 1529/815/214 1537/827/214 1533/828/214 1525/816/214
f 1528/811/214 1536/824/214 1532/829/214 1524/817/214
f 1458/830/201 1545/820/201 1547/821/201 1494/831/201
f 1493/832/202 1546/818/202 1540/819/202 1459/833/202
f 1557/823/201 1558/763/201 1544/688/201 1536/824/201
f 1569/825/215 1570/742/215 1542/745/215 1534/826/215
f 1537/827/215 1545/722/215 1541/725/215 1533/828/215
f 1536/824/215 1544/688/215 1540/691/215 1532/829/215
f 1535/834/215 1543/835/215 1558/763/215 1557/823/215
f 1527/836/213 1535/834/213 1557/823/213 1556/810/213
f 1519/837/212 1527/836/212 1556/810/212 1555/809/212
f 1554/782/201 1555/809/201 1520/803/201 1513/783/201
f 1484/838/209 1512/839/209 1554/782/209 1552/756/209
f 1543/835/208 1480/840/208 1548/764/208 1558/763/208
f 1483/752/204 1481/754/204 1549/755/204 1551/758/204
f 1506/769/201 1553/759/201 1550/762/201 1488/701/201
f 1591/753/207 1483/752/207 1551/758/207 1595/757/207
f 1481/754/204 1484/838/204 1552/756/204 1549/755/204
f 1533/828/202 1541/725/202 1570/742/202 1569/825/202
f 1525/816/202 1533/828/202 1569/825/202 1568/812/202
f 1517/800/202 1525/816/202 1568/812/202 1567/801/202
f 1473/716/202 1510/787/202 1566/784/202 1563/731/202
f 1503/727/201 1565/748/201 1564/747/201 1468/728/201
f 1541/725/202 1469/724/202 1559/743/202 1570/742/202
f 1472/720/202 1470/717/202 1560/730/202 1562/735/202
f 1589/721/202 1472/720/202 1562/735/202 1596/734/202
f 1470/717/202 1473/716/202 1563/731/202 1560/730/202
f 1469/724/202 1575/841/202 1585/842/202 1559/743/202
f 1575/841/202 1576/843/202 1586/844/202 1585/842/202
f 1480/840/216 1578/845/216 1583/846/216 1548/764/216
f 1548/764/201 1583/846/201 1579/847/201 1486/689/201
f 1583/846/201 1584/848/201 1580/849/201 1579/847/201
f 1559/743/216 1585/842/216 1577/850/216 1475/744/216
f 1458/723/216 1574/851/216 1575/841/216 1469/724/216
f 1574/851/217 1573/852/217 1576/843/217 1575/841/217
f 1486/689/216 1579/847/216 1571/853/216 1459/690/216
f 1579/847/217 1580/849/217 1572/854/217 1571/853/217
f 1518/814/218 1511/785/218 1566/784/218 1567/801/218
f 1522/792/202 1514/710/202 1508/711/202 1516/802/202
f 1512/839/218 1519/837/218 1555/809/218 1554/782/218
f 1571/822/202 1572/822/202 1493/822/202 1459/822/202
f 1574/822/201 1458/822/201 1494/822/201 1573/822/201
f 1601/855/202 1589/721/202 1596/734/202 1606/856/202
f 1603/857/219 1591/753/219 1595/757/219 1605/858/219
f 1695/859/204 1495/697/204 1500/706/204 1594/860/204 1686/861/204
f 1465/776/201 1587/862/201 1593/863/201 1499/777/201
f 1605/858/201 1595/757/201 1592/708/201 1604/864/201
f 1602/865/219 1590/737/219 1591/753/219 1603/857/219
f 1606/856/219 1596/734/219 1590/737/219 1602/865/219
f 1597/866/219 1587/718/219 1589/721/219 1601/855/219
f 1604/864/219 1592/708/219 1588/709/219 1600/867/219
f 1500/706/202 1594/860/202 1588/868/202 1464/707/202
f 1614/869/220 1604/864/220 1600/867/220 1610/870/220
f 1607/871/220 1597/866/220 1601/855/220 1611/872/220
f 1616/873/220 1606/856/220 1602/865/220 1612/874/220
f 1612/874/220 1602/865/220 1603/857/220 1613/875/220
f 1615/876/201 1605/858/201 1604/864/201 1614/869/201
f 1613/875/220 1603/857/220 1605/858/220 1615/876/220
f 1611/872/202 1601/855/202 1606/856/202 1616/873/202
f 1686/861/204 1594/860/204 1599/877/204 1687/878/204
f 1587/862/201 1597/879/201 1598/880/201 1593/863/201
f 1594/860/202 1599/877/202 1600/881/202 1588/868/202
f 1621/882/202 1611/872/202 1616/873/202 1626/883/202
f 1623/884/221 1613/875/221 1615/876/221 1625/885/221
f 1625/885/201 1615/876/201 1614/869/201 1624/886/201
f 1622/887/221 1612/874/221 1613/875/221 1623/884/221
f 1626/883/221 1616/873/221 1612/874/221 1622/887/221
f 1617/888/222 1607/871/222 1611/872/222 1621/882/222
f 1624/886/222 1614/869/222 1610/870/222 1620/889/222
f 1687/878/204 1599/877/204 1609/890/204 1688/891/204
f 1597/879/201 1607/892/201 1608/893/201 1598/880/201
f 1599/877/202 1609/890/202 1610/894/202 1600/881/202
f 1634/895/223 1624/886/223 1620/889/223 1630/896/223
f 1627/897/223 1617/888/223 1621/882/223 1631/898/223
f 1636/899/224 1626/883/224 1622/887/224 1632/900/224
f 1632/900/224 1622/887/224 1623/884/224 1633/901/224
f 1635/902/201 1625/885/201 1624/886/201 1634/895/201
f 1633/901/224 1623/884/224 1625/885/224 1635/902/224
f 1631/898/202 1621/882/202 1626/883/202 1636/899/202
f 1688/891/204 1609/890/204 1619/903/204 1689/904/204
f 1607/892/201 1617/905/201 1618/906/201 1608/893/201
f 1609/890/202 1619/903/202 1620/907/202 1610/894/202
f 1641/908/202 1631/898/202 1636/899/202 1646/909/202
f 1643/910/225 1633/901/225 1635/902/225 1645/911/225
f 1645/911/201 1635/902/201 1634/895/201 1644/912/201
f 1642/913/225 1632/900/225 1633/901/225 1643/910/225
f 1646/909/225 1636/899/225 1632/900/225 1642/913/225
f 1637/914/225 1627/897/225 1631/898/225 1641/908/225
f 1644/912/225 1634/895/225 1630/896/225 1640/915/225
f 1689/904/204 1619/903/204 1629/916/204 1690/917/204
f 1617/905/201 1627/918/201 1628/919/201 1618/906/201
f 1619/903/202 1629/916/202 1630/920/202 1620/907/202
f 1468/741/202 1471/740/202 1561/766/202 1564/765/202
f 1488/701/226 1644/912/226 1640/915/226 1463/702/226
f 1462/739/226 1637/914/226 1641/908/226 1471/740/226
f 1561/766/226 1646/909/226 1642/913/226 1477/767/226
f 1477/767/226 1642/913/226 1643/910/226 1482/761/226
f 1550/762/201 1645/911/201 1644/912/201 1488/701/201
f 1482/761/226 1643/910/226 1645/911/226 1550/762/226
f 1471/740/202 1641/908/202 1646/909/202 1561/766/202
f 1690/917/204 1629/916/204 1639/704/204 1691/921/204
f 1627/918/201 1637/779/201 1638/751/201 1628/919/201
f 1629/916/202 1639/704/202 1640/705/202 1630/920/202
f 1685/922/204 1684/798/204 1522/792/204 1514/710/204
f 1628/919/204 1657/923/204 1658/746/204 1638/751/204
f 1618/906/204 1656/924/204 1657/923/204 1628/919/204
f 1608/893/204 1655/925/204 1656/924/204 1618/906/204
f 1598/880/204 1654/926/204 1655/925/204 1608/893/204
f 1593/863/204 1653/927/204 1654/926/204 1598/880/204
f 1496/778/204 1692/928/204 1653/927/204 1593/863/204 1499/777/204
f 1515/774/204 1523/789/204 1651/929/204 1652/930/204
f 1531/796/204 1650/931/204 1651/929/204 1523/789/204
f 1539/807/204 1649/932/204 1650/931/204 1531/796/204
f 1547/821/204 1648/933/204 1649/932/204 1539/807/204
f 1577/850/217 1585/842/217 1586/844/217 1696/934/217 1647/935/217
f 1669/936/204 1474/937/204 1564/747/204 1658/746/204
f 1657/923/204 1668/938/204 1669/936/204 1658/746/204
f 1656/924/204 1667/939/204 1668/938/204 1657/923/204
f 1655/925/204 1666/940/204 1667/939/204 1656/924/204
f 1654/926/204 1665/941/204 1666/940/204 1655/925/204
f 1653/927/204 1664/942/204 1665/941/204 1654/926/204
f 1692/928/204 1693/943/204 1664/942/204 1653/927/204
f 1652/930/204 1651/929/204 1662/944/204 1663/945/204
f 1650/931/204 1661/946/204 1662/944/204 1651/929/204
f 1649/932/204 1660/947/204 1661/946/204 1650/931/204
f 1648/933/204 1659/948/204 1660/947/204 1649/932/204
f 1506/769/204 1691/921/204 1639/704/204 1497/684/204 1492/685/204 1505/769/204
f 1668/938/204 1678/949/204 1679/950/204 1669/936/204
f 1667/939/204 1677/951/204 1678/949/204 1668/938/204
f 1666/940/204 1676/952/204 1677/951/204 1667/939/204
f 1665/941/204 1675/953/204 1676/952/204 1666/940/204
f 1664/942/204 1674/954/204 1675/953/204 1665/941/204
f 1507/770/227 1504/760/227 1679/950/227 1669/936/227 1474/937/227 1477/767/227
f 1678/949/204 1690/917/204 1691/921/204 1679/950/204
f 1677/951/204 1689/904/204 1690/917/204 1678/949/204
f 1676/952/204 1688/891/204 1689/904/204 1677/951/204
f 1675/953/204 1687/878/204 1688/891/204 1676/952/204
f 1674/954/204 1686/861/204 1687/878/204 1675/953/204
f 1694/955/204 1695/859/204 1686/861/204 1674/954/204
f 1673/956/204 1672/957/204 1684/798/204 1685/922/204
f 1671/958/204 1683/797/204 1684/798/204 1672/957/204
f 1670/959/204 1682/804/204 1683/797/204 1671/958/204
f 1584/822/204 1580/849/204 1572/854/204 1582/822/204
f 1504/760/204 1679/950/204 1691/921/204 1506/769/204 1553/759/204
f 1693/943/204 1694/955/204 1674/954/204 1664/942/204
f 1670/959/204 1680/960/204 1584/822/204 1682/804/204
f 1578/845/217 1680/960/217 1681/822/217 1583/846/217
f 1673/956/204 1685/922/204 1695/859/204 1694/955/204
f 1586/844/204 1696/934/204 1581/961/204 1573/852/204 1576/843/204
f 1652/930/204 1663/945/204 1693/943/204 1692/928/204
f 1515/774/204 1652/930/204 1692/928/204 1496/778/204 1501/773/204
f 1685/922/204 1514/710/204 1502/696/204 1495/697/204 1695/859/204
f 1484/838/201 1481/754/201 1694/955/201 1673/956/201 1672/957/201 1671/958/201 1670/959/201 1680/960/201 1578/845/201 1480/840/201 1543/835/201 1535/834/201 1527/836/201 1519/837/201 1512/839/201
f 1481/754/228 1476/733/228 1693/943/228 1694/955/228
f 1476/733/202 1479/732/202 1511/785/202 1518/814/202 1526/813/202 1534/826/202 1542/745/202 1475/744/202 1577/850/202 1647/935/202 1659/948/202 1660/947/202 1661/946/202 1662/944/202 1663/945/202 1693/943/202
f 1573/962/229 1574/963/229 1458/830/229 1494/831/229 1547/821/229 1648/933/229 1696/934/229 1581/961/229
f 1647/935/204 1659/948/204 1648/933/204 1696/934/204
f 1697/964/205 1698/965/205 1700/966/205 1699/967/205
f 1699/967/226 1700/966/226 1702/968/226 1701/969/226
f 1701/969/225 1702/968/225 1704/970/225 1703/971/225
f 1703/971/230 1704/970/230 1706/972/230 1705/973/230
f 1705/973/221 1706/972/221 1708/974/221 1707/975/221
f 1707/975/220 1708/974/220 1710/976/220 1709/977/220
f 1709/977/219 1710/976/219 1712/978/219 1711/979/219
f 1711/979/231 1712/978/231 1714/980/231 1713/981/231
f 1713/981/210 1714/980/210 1716/982/210 1715/983/210
f 1715/983/232 1716/982/232 1718/984/232 1717/985/232
f 1717/985/212 1718/984/212 1720/986/212 1719/987/212
f 1719/987/233 1720/986/233 1722/682/233 1721/988/233
f 1721/988/234 1722/682/234 1724/989/234 1723/990/234
f 1723/990/208 1724/989/208 1726/991/208 1725/992/208
f 1725/992/216 1726/991/216 1728/993/216 1727/994/216
f 1727/994/217 1728/993/217 1730/995/217 1729/996/217
f 1729/996/235 1730/995/235 1732/997/235 1731/998/235
f 1731/998/236 1732/997/236 1734/999/236 1733/1000/236
f 1733/1000/237 1734/999/237 1736/1001/237 1735/1002/237
f 1735/1002/238 1736/1001/238 1738/729/238 1737/1003/238
f 1737/1003/239 1738/729/239 1740/1004/239 1739/1005/239
f 1739/1005/240 1740/1004/240 1742/1006/240 1741/1007/240
f 1741/1007/241 1742/1006/241 1744/1008/241 1743/1009/241
f 1743/1009/242 1744/1008/242 1746/1010/242 1745/1011/242
f 1745/1011/243 1746/1010/243 1748/1012/243 1747/1013/243
f 1747/1013/244 1748/1012/244 1750/1014/244 1749/1015/244
f 1749/1015/245 1750/1014/245 1752/1016/245 1751/1017/245
f 1751/1017/246 1752/1016/246 1754/1018/246 1753/1019/246
f 1753/1019/247 1754/1018/247 1756/1020/247 1755/1021/247
f 1755/1021/248 1756/1020/248 1758/1022/248 1757/1023/248
f 1700/1024/201 1698/1025/201 1760/1026/201 1758/1027/201 1756/1028/201 1754/1029/201 1752/1030/201 1750/1031/201 1748/1032/201 1746/1033/201 1744/1034/201 1742/1035/201 1740/1036/201 1738/1037/201 1736/1038/201 1734/1039/201 1732/1040/201 1730/1041/201 1728/1042/201 1726/1043/201 1724/1044/201 1722/1045/201 1720/1046/201 1718/1047/201 1716/1048/201 1714/1049/201 1712/1050/201 1710/1051/201 1708/1052/201 1706/1053/201 1704/1054/201 1702/1055/201
f 1757/1023/249 1758/1022/249 1760/1056/249 1759/1057/249
f 1759/1057/250 1760/1056/250 1698/1058/250 1697/1059/250
f 1697/1060/202 1699/1061/202 1701/1062/202 1703/1063/202 1705/1064/202 1707/1065/202 1709/1066/202 1711/1067/202 1713/1068/202 1715/1069/202 1717/1070/202 1719/1071/202 1721/1072/202 1723/1073/202 1725/1074/202 1727/1075/202 1729/1076/202 1731/1077/202 1733/1078/202 1735/1079/202 1737/1080/202 1739/1081/202 1741/1082/202 1743/1083/202 1745/1084/202 1747/1085/202 1749/1086/202 1751/1087/202 1753/1088/202 1755/1089/202 1757/1090/202 1759/1091/202
f 1761/964/205 1762/965/205 1764/966/205 1763/967/205
f 1763/967/226 1764/966/226 1766/968/226 1765/969/226
f 1765/969/225 1766/968/225 1768/970/225 1767/971/225
f 1767/971/230 1768/970/230 1770/972/230 1769/973/230
f 1769/973/221 1770/972/221 1772/974/221 1771/975/221
f 1771/975/220 1772/974/220 1774/976/220 1773/977/220
f 1773/977/219 1774/976/219 1776/978/219 1775/979/219
f 1775/979/231 1776/978/231 1778/980/231 1777/981/231
f 1777/981/210 1778/980/210 1780/982/210 1779/983/210
f 1779/983/232 1780/982/232 1782/984/232 1781/985/232
f 1781/985/212 1782/984/212 1784/986/212 1783/987/212
f 1783/987/233 1784/986/233 1786/682/233 1785/988/233
f 1785/988/234 1786/682/234 1788/989/234 1787/990/234
f 1787/990/208 1788/989/208 1790/991/208 1789/992/208
f 1789/992/216 1790/991/216 1792/993/216 1791/994/216
f 1791/994/217 1792/993/217 1794/995/217 1793/996/217
f 1793/996/235 1794/995/235 1796/997/235 1795/998/235
f 1795/998/236 1796/997/236 1798/999/236 1797/1000/236
f 1797/1000/237 1798/999/237 1800/1001/237 1799/1002/237
f 1799/1002/238 1800/1001/238 1802/729/238 1801/1003/238
f 1801/1003/239 1802/729/239 1804/1004/239 1803/1005/239
f 1803/1005/240 1804/1004/240 1806/1006/240 1805/1007/240
f 1805/1007/241 1806/1006/241 1808/1008/241 1807/1009/241
f 1807/1009/242 1808/1008/242 1810/1010/242 1809/1011/242
f 1809/1011/243 1810/1010/243 1812/1012/243 1811/1013/243
f 1811/1013/244 1812/1012/244 1814/1014/244 1813/1015/244
f 1813/1015/245 1814/1014/245 1816/1016/245 1815/1017/245
f 1815/1017/246 1816/1016/246 1818/1018/246 1817/1019/246
f 1817/1019/247 1818/1018/247 1820/1020/247 1819/1021/247
f 1819/1021/248 1820/1020/248 1822/1022/248 1821/1023/248
f 1764/1024/201 1762/1025/201 1824/1026/201 1822/1027/201 1820/1028/201 1818/1029/201 1816/1030/201 1814/1031/201 1812/1032/201 1810/1033/201 1808/1034/201 1806/1035/201 1804/1036/201 1802/1037/201 1800/1038/201 1798/1039/201 1796/1040/201 1794/1041/201 1792/1042/201 1790/1043/201 1788/1044/201 1786/1045/201 1784/1046/201 1782/1047/201 1780/1048/201 1778/1049/201 1776/1050/201 1774/1051/201 1772/1052/201 1770/1053/201 1768/1054/201 1766/1055/201
f 1821/1023/249 1822/1022/249 1824/1056/249 1823/1057/249
f 1823/1057/250 1824/1056/250 1762/1058/250 1761/1059/250
f 1761/1060/202 1763/1061/202 1765/1062/202 1767/1063/202 1769/1064/202 1771/1065/202 1773/1066/202 1775/1067/202 1777/1068/202 1779/1069/202 1781/1070/202 1783/1071/202 1785/1072/202 1787/1073/202 1789/1074/202 1791/1075/202 1793/1076/202 1795/1077/202 1797/1078/202 1799/1079/202 1801/1080/202 1803/1081/202 1805/1082/202 1807/1083/202 1809/1084/202 1811/1085/202 1813/1086/202 1815/1087/202 1817/1088/202 1819/1089/202 1821/1090/202 1823/1091/202
f 1825/964/235 1827/967/235 1828/966/235 1826/965/235
f 1827/967/236 1829/969/236 1830/968/236 1828/966/236
f 1829/969/237 1831/971/237 1832/970/237 1830/968/237
f 1831/971/251 1833/973/251 1834/972/251 1832/970/251
f 1833/973/252 1835/975/252 1836/974/252 1834/972/252
f 1835/975/240 1837/977/240 1838/976/240 1836/974/240
f 1837/977/241 1839/979/241 1840/978/241 1838/976/241
f 1839/979/242 1841/981/242 1842/980/242 1840/978/242
f 1841/981/243 1843/983/243 1844/982/243 1842/980/243
f 1843/983/244 1845/985/244 1846/984/244 1844/982/244
f 1845/985/245 1847/987/245 1848/986/245 1846/984/245
f 1847/987/246 1849/988/246 1850/682/246 1848/986/246
f 1849/988/247 1851/990/247 1852/989/247 1850/682/247
f 1851/990/253 1853/992/253 1854/991/253 1852/989/253
f 1853/992/249 1855/994/249 1856/993/249 1854/991/249
f 1855/994/250 1857/996/250 1858/995/250 1856/993/250
f 1857/996/205 1859/998/205 1860/997/205 1858/995/205
f 1859/998/226 1861/1000/226 1862/999/226 1860/997/226
f 1861/1000/225 1863/1002/225 1864/1001/225 1862/999/225
f 1863/1002/223 1865/1003/223 1866/729/223 1864/1001/223
f 1865/1003/254 1867/1005/254 1868/1004/254 1866/729/254
f 1867/1005/220 1869/1007/220 1870/1006/220 1868/1004/220
f 1869/1007/219 1871/1009/219 1872/1008/219 1870/1006/219
f 1871/1009/231 1873/1011/231 1874/1010/231 1872/1008/231
f 1873/1011/210 1875/1013/210 1876/1012/210 1874/1010/210
f 1875/1013/232 1877/1015/232 1878/1014/232 1876/1012/232
f 1877/1015/212 1879/1017/212 1880/1016/212 1878/1014/212
f 1879/1017/213 1881/1019/213 1882/1018/213 1880/1016/213
f 1881/1019/234 1883/1021/234 1884/1020/234 1882/1018/234
f 1883/1021/203 1885/1023/203 1886/1022/203 1884/1020/203
f 1828/1024/202 1830/1055/202 1832/1054/202 1834/1053/202 1836/1052/202 1838/1051/202 1840/1050/202 1842/1049/202 1889/1092/202 1826/1025/202
f 1885/1023/216 1887/1057/216 1888/1056/216 1886/1022/216
f 1887/1057/217 1825/1059/217 1826/1058/217 1888/1056/217
f 1825/1060/201 1887/1091/201 1885/1090/201 1883/1089/201 1881/1088/201 1879/1087/201 1877/1086/201 1875/1085/201 1873/1084/201 1890/1093/201
f 1858/1041/202 1860/1040/202 1862/1039/202 1864/1038/202 1866/1037/202 1868/1036/202 1870/1035/202 1872/1034/202 1874/1033/202 1889/1092/202
f 1857/1076/201 1855/1075/201 1853/1074/201 1851/1073/201 1849/1072/201 1847/1071/201 1845/1070/201 1843/1069/201 1841/1068/201 1890/1093/201
f 1842/1049/202 1844/1048/202 1846/1047/202 1848/1046/202 1850/1045/202 1852/1044/202 1854/1043/202 1856/1042/202 1858/1041/202 1889/1092/202
f 1874/1033/202 1876/1032/202 1878/1031/202 1880/1030/202 1882/1029/202 1884/1028/202 1886/1027/202 1888/1026/202 1826/1025/202 1889/1092/202
f 1873/1084/201 1871/1083/201 1869/1082/201 1867/1081/201 1865/1080/201 1863/1079/201 1861/1078/201 1859/1077/201 1857/1076/201 1890/1093/201
f 1841/1068/201 1839/1067/201 1837/1066/201 1835/1065/201 1833/1064/201 1831/1063/201 1829/1062/201 1827/1061/201 1825/1060/201 1890/1093/201
f 1891/964/255 1893/967/255 1894/966/255 1892/965/255
f 1893/967/256 1895/969/256 1896/968/256 1894/966/256
f 1895/969/257 1897/971/257 1898/970/257 1896/968/257
f 1897/971/258 1899/973/258 1900/972/258 1898/970/258
f 1899/973/259 1901/975/259 1902/974/259 1900/972/259
f 1901/975/260 1903/977/260 1904/976/260 1902/974/260
f 1903/977/261 1905/979/261 1906/978/261 1904/976/261
f 1905/979/262 1907/981/262 1908/980/262 1906/978/262
f 1907/981/263 1909/983/263 1910/982/263 1908/980/263
f 1909/983/264 1911/985/264 1912/984/264 1910/982/264
f 1911/985/265 1913/987/265 1914/986/265 1912/984/265
f 1913/987/266 1915/988/266 1916/682/266 1914/986/266
f 1915/988/267 1917/990/267 1918/989/267 1916/682/267
f 1917/990/268 1919/992/268 1920/991/268 1918/989/268
f 1919/992/269 1921/994/269 1922/993/269 1920/991/269
f 1921/994/270 1923/996/270 1924/995/270 1922/993/270
f 1923/996/271 1925/998/271 1926/997/271 1924/995/271
f 1925/998/272 1927/1000/272 1928/999/272 1926/997/272
f 1927/1000/273 1929/1002/273 1930/1001/273 1928/999/273
f 1929/1002/274 1931/1003/274 1932/729/274 1930/1001/274
f 1931/1003/275 1933/1005/275 1934/1004/275 1932/729/275
f 1933/1005/276 1935/1007/276 1936/1006/276 1934/1004/276
f 1935/1007/277 1937/1009/277 1938/1008/277 1936/1006/277
f 1937/1009/278 1939/1011/278 1940/1010/278 1938/1008/278
f 1939/1011/279 1941/1013/279 1942/1012/279 1940/1010/279
f 1941/1013/280 1943/1015/280 1944/1014/280 1942/1012/280
f 1943/1015/281 1945/1017/281 1946/1016/281 1944/1014/281
f 1945/1017/282 1947/1019/282 1948/1018/282 1946/1016/282
f 1947/1019/283 1949/1021/283 1950/1020/283 1948/1018/283
f 1949/1021/284 1951/1023/284 1952/1022/284 1950/1020/284
f 1894/1024/202 1896/1055/202 1898/1054/202 1900/1053/202 1902/1052/202 1904/1051/202 1906/1050/202 1908/1049/202 1955/1092/202 1892/1025/202
f 1951/1023/285 1953/1057/285 1954/1056/285 1952/1022/285
f 1953/1057/286 1891/1059/286 1892/1058/286 1954/1056/286
f 1891/1060/201 1953/1091/201 1951/1090/201 1949/1089/201 1947/1088/201 1945/1087/201 1943/1086/201 1941/1085/201 1939/1084/201 1956/1093/201
f 1924/1041/202 1926/1040/202 1928/1039/202 1930/1038/202 1932/1037/202 1934/1036/202 1936/1035/202 1938/1034/202 1940/1033/202 1955/1092/202
f 1923/1076/201 1921/1075/201 1919/1074/201 1917/1073/201 1915/1072/201 1913/1071/201 1911/1070/201 1909/1069/201 1907/1068/201 1956/1093/201
f 1908/1049/202 1910/1048/202 1912/1047/202 1914/1046/202 1916/1045/202 1918/1044/202 1920/1043/202 1922/1042/202 1924/1041/202 1955/1092/202
f 1940/1033/202 1942/1032/202 1944/1031/202 1946/1030/202 1948/1029/202 1950/1028/202 1952/1027/202 1954/1026/202 1892/1025/202 1955/1092/202
f 1939/1084/201 1937/1083/201 1935/1082/201 1933/1081/201 1931/1080/201 1929/1079/201 1927/1078/201 1925/1077/201 1923/1076/201 1956/1093/201
f 1907/1068/201 1905/1067/201 1903/1066/201 1901/1065/201 1899/1064/201 1897/1063/201 1895/1062/201 1893/1061/201 1891/1060/201 1956/1093/201
f 1957/964/235 1959/967/235 1960/966/235 1958/965/235
f 1959/967/287 1961/969/287 1962/968/287 1960/966/287
f 1961/969/237 1963/971/237 1964/970/237 1962/968/237
f 1963/971/251 1965/973/251 1966/972/251 1964/970/251
f 1965/973/239 1967/975/239 1968/974/239 1966/972/239
f 1967/975/240 1969/977/240 1970/976/240 1968/974/240
f 1969/977/241 1971/979/241 1972/978/241 1970/976/241
f 1971/979/242 1973/981/242 1974/980/242 1972/978/242
f 1973/981/243 1975/983/243 1976/982/243 1974/980/243
f 1975/983/244 1977/985/244 1978/984/244 1976/982/244
f 1977/985/245 1979/987/245 1980/986/245 1978/984/245
f 1979/987/246 1981/988/246 1982/682/246 1980/986/246
f 1981/988/247 1983/990/247 1984/989/247 1982/682/247
f 1983/990/253 1985/992/253 1986/991/253 1984/989/253
f 1985/992/249 1987/994/249 1988/993/249 1986/991/249
f 1987/994/288 1989/996/288 1990/995/288 1988/993/288
f 1989/996/205 1991/998/205 1992/997/205 1990/995/205
f 1991/998/226 1993/1000/226 1994/999/226 1992/997/226
f 1993/1000/225 1995/1002/225 1996/1001/225 1994/999/225
f 1995/1002/223 1997/1003/223 1998/729/223 1996/1001/223
f 1997/1003/221 1999/1005/221 2000/1004/221 1998/729/221
f 1999/1005/220 2001/1007/220 2002/1006/220 2000/1004/220
f 2001/1007/219 2003/1009/219 2004/1008/219 2002/1006/219
f 2003/1009/231 2005/1011/231 2006/1010/231 2004/1008/231
f 2005/1011/210 2007/1013/210 2008/1012/210 2006/1010/210
f 2007/1013/232 2009/1015/232 2010/1014/232 2008/1012/232
f 2009/1015/212 2011/1017/212 2012/1016/212 2010/1014/212
f 2011/1017/213 2013/1019/213 2014/1018/213 2012/1016/213
f 2013/1019/234 2015/1021/234 2016/1020/234 2014/1018/234
f 2015/1021/203 2017/1023/203 2018/1022/203 2016/1020/203
f 1960/1024/202 1962/1055/202 1964/1054/202 1966/1053/202 1968/1052/202 1970/1051/202 1972/1050/202 1974/1049/202 2021/1092/202 1958/1025/202
f 2017/1023/289 2019/1057/289 2020/1056/289 2018/1022/289
f 2019/1057/290 1957/1059/290 1958/1058/290 2020/1056/290
f 1957/1060/201 2019/1091/201 2017/1090/201 2015/1089/201 2013/1088/201 2011/1087/201 2009/1086/201 2007/1085/201 2005/1084/201 2022/1093/201
f 1990/1041/202 1992/1040/202 1994/1039/202 1996/1038/202 1998/1037/202 2000/1036/202 2002/1035/202 2004/1034/202 2006/1033/202 2021/1092/202
f 1989/1076/201 1987/1075/201 1985/1074/201 1983/1073/201 1981/1072/201 1979/1071/201 1977/1070/201 1975/1069/201 1973/1068/201 2022/1093/201
f 1974/1049/202 1976/1048/202 1978/1047/202 1980/1046/202 1982/1045/202 1984/1044/202 1986/1043/202 1988/1042/202 1990/1041/202 2021/1092/202
f 2006/1033/202 2008/1032/202 2010/1031/202 2012/1030/202 2014/1029/202 2016/1028/202 2018/1027/202 2020/1026/202 1958/1025/202 2021/1092/202
f 2005/1084/201 2003/1083/201 2001/1082/201 1999/1081/201 1997/1080/201 1995/1079/201 1993/1078/201 1991/1077/201 1989/1076/201 2022/1093/201
f 1973/1068/201 1971/1067/201 1969/1066/201 1967/1065/201 1965/1064/201 1963/1063/201 1961/1062/201 1959/1061/201 1957/1060/201 2022/1093/201
f 2023/964/235 2025/967/235 2026/966/235 2024/965/235
f 2025/967/287 2027/969/287 2028/968/287 2026/966/287
f 2027/969/237 2029/971/237 2030/970/237 2028/968/237
f 2029/971/251 2031/973/251 2032/972/251 2030/970/251
f 2031/973/239 2033/975/239 2034/974/239 2032/972/239
f 2033/975/240 2035/977/240 2036/976/240 2034/974/240
f 2035/977/241 2037/979/241 2038/978/241 2036/976/241
f 2037/979/242 2039/981/242 2040/980/242 2038/978/242
f 2039/981/243 2041/983/243 2042/982/243 2040/980/243
f 2041/983/244 2043/985/244 2044/984/244 2042/982/244
f 2043/985/245 2045/987/245 2046/986/245 2044/984/245
f 2045/987/246 2047/988/246 2048/682/246 2046/986/246
f 2047/988/247 2049/990/247 2050/989/247 2048/682/247
f 2049/990/253 2051/992/253 2052/991/253 2050/989/253
f 2051/992/249 2053/994/249 2054/993/249 2052/991/249
f 2053/994/288 2055/996/288 2056/995/288 2054/993/288
f 2055/996/205 2057/998/205 2058/997/205 2056/995/205
f 2057/998/226 2059/1000/226 2060/999/226 2058/997/226
f 2059/1000/225 2061/1002/225 2062/1001/225 2060/999/225
f 2061/1002/223 2063/1003/223 2064/729/223 2062/1001/223
f 2063/1003/221 2065/1005/221 2066/1004/221 2064/729/221
f 2065/1005/220 2067/1007/220 2068/1006/220 2066/1004/220
f 2067/1007/219 2069/1009/219 2070/1008/219 2068/1006/219
f 2069/1009/231 2071/1011/231 2072/1010/231 2070/1008/231
f 2071/1011/210 2073/1013/210 2074/1012/210 2072/1010/210
f 2073/1013/232 2075/1015/232 2076/1014/232 2074/1012/232
f 2075/1015/212 2077/1017/212 2078/1016/212 2076/1014/212
f 2077/1017/213 2079/1019/213 2080/1018/213 2078/1016/213
f 2079/1019/234 2081/1021/234 2082/1020/234 2080/1018/234
f 2081/1021/203 2083/1023/203 2084/1022/203 2082/1020/203
f 2026/1024/202 2028/1055/202 2030/1054/202 2032/1053/202 2034/1052/202 2036/1051/202 2038/1050/202 2040/1049/202 2087/1092/202 2024/1025/202
f 2083/1023/289 2085/1057/289 2086/1056/289 2084/1022/289
f 2085/1057/290 2023/1059/290 2024/1058/290 2086/1056/290
f 2023/1060/201 2085/1091/201 2083/1090/201 2081/1089/201 2079/1088/201 2077/1087/201 2075/1086/201 2073/1085/201 2071/1084/201 2088/1093/201
f 2056/1041/202 2058/1040/202 2060/1039/202 2062/1038/202 2064/1037/202 2066/1036/202 2068/1035/202 2070/1034/202 2072/1033/202 2087/1092/202
f 2055/1076/201 2053/1075/201 2051/1074/201 2049/1073/201 2047/1072/201 2045/1071/201 2043/1070/201 2041/1069/201 2039/1068/201 2088/1093/201
f 2040/1049/202 2042/1048/202 2044/1047/202 2046/1046/202 2048/1045/202 2050/1044/202 2052/1043/202 2054/1042/202 2056/1041/202 2087/1092/202
f 2072/1033/202 2074/1032/202 2076/1031/202 2078/1030/202 2080/1029/202 2082/1028/202 2084/1027/202 2086/1026/202 2024/1025/202 2087/1092/202
f 2071/1084/201 2069/1083/201 2067/1082/201 2065/1081/201 2063/1080/201 2061/1079/201 2059/1078/201 2057/1077/201 2055/1076/201 2088/1093/201
f 2039/1068/201 2037/1067/201 2035/1066/201 2033/1065/201 2031/1064/201 2029/1063/201 2027/1062/201 2025/1061/201 2023/1060/201 2088/1093/201
f 2089/964/291 2091/967/291 2092/966/291 2090/965/291
f 2091/967/292 2093/969/292 2094/968/292 2092/966/292
f 2093/969/293 2095/971/293 2096/970/293 2094/968/293
f 2095/971/294 2097/973/294 2098/972/294 2096/970/294
f 2097/973/295 2099/975/295 2100/974/295 2098/972/295
f 2099/975/296 2101/977/296 2102/976/296 2100/974/296
f 2101/977/297 2103/979/297 2104/978/297 2102/976/297
f 2103/979/298 2105/981/298 2106/980/298 2104/978/298
f 2105/981/299 2107/983/299 2108/982/299 2106/980/299
f 2107/983/300 2109/985/300 2110/984/300 2108/982/300
f 2109/985/301 2111/987/301 2112/986/301 2110/984/301
f 2111/987/302 2113/988/302 2114/682/302 2112/986/302
f 2113/988/303 2115/990/303 2116/989/303 2114/682/303
f 2115/990/304 2117/992/304 2118/991/304 2116/989/304
f 2117/992/305 2119/994/305 2120/993/305 2118/991/305
f 2119/994/306 2121/996/306 2122/995/306 2120/993/306
f 2121/996/307 2123/998/307 2124/997/307 2122/995/307
f 2123/998/308 2125/1000/308 2126/999/308 2124/997/308
f 2125/1000/309 2127/1002/309 2128/1001/309 2126/999/309
f 2127/1002/310 2129/1003/310 2130/729/310 2128/1001/310
f 2129/1003/311 2131/1005/311 2132/1004/311 2130/729/311
f 2131/1005/312 2133/1007/312 2134/1006/312 2132/1004/312
f 2133/1007/313 2135/1009/313 2136/1008/313 2134/1006/313
f 2135/1009/314 2137/1011/314 2138/1010/314 2136/1008/314
f 2137/1011/315 2139/1013/315 2140/1012/315 2138/1010/315
f 2139/1013/316 2141/1015/316 2142/1014/316 2140/1012/316
f 2141/1015/317 2143/1017/317 2144/1016/317 2142/1014/317
f 2143/1017/318 2145/1019/318 2146/1018/318 2144/1016/318
f 2145/1019/319 2147/1021/319 2148/1020/319 2146/1018/319
f 2147/1021/320 2149/1023/320 2150/1022/320 2148/1020/320
f 2092/1024/202 2094/1055/202 2096/1054/202 2098/1053/202 2100/1052/202 2102/1051/202 2104/1050/202 2106/1049/202 2153/1092/202 2090/1025/202
f 2149/1023/321 2151/1057/321 2152/1056/321 2150/1022/321
f 2151/1057/322 2089/1059/322 2090/1058/322 2152/1056/322
f 2089/1060/201 2151/1091/201 2149/1090/201 2147/1089/201 2145/1088/201 2143/1087/201 2141/1086/201 2139/1085/201 2137/1084/201 2154/1093/201
f 2122/1041/202 2124/1040/202 2126/1039/202 2128/1038/202 2130/1037/202 2132/1036/202 2134/1035/202 2136/1034/202 2138/1033/202 2153/1092/202
f 2121/1076/201 2119/1075/201 2117/1074/201 2115/1073/201 2113/1072/201 2111/1071/201 2109/1070/201 2107/1069/201 2105/1068/201 2154/1093/201
f 2106/1049/202 2108/1048/202 2110/1047/202 2112/1046/202 2114/1045/202 2116/1044/202 2118/1043/202 2120/1042/202 2122/1041/202 2153/1092/202
f 2138/1033/202 2140/1032/202 2142/1031/202 2144/1030/202 2146/1029/202 2148/1028/202 2150/1027/202 2152/1026/202 2090/1025/202 2153/1092/202
f 2137/1084/201 2135/1083/201 2133/1082/201 2131/1081/201 2129/1080/201 2127/1079/201 2125/1078/201 2123/1077/201 2121/1076/201 2154/1093/201
f 2105/1068/201 2103/1067/201 2101/1066/201 2099/1065/201 2097/1064/201 2095/1063/201 2093/1062/201 2091/1061/201 2089/1060/201 2154/1093/201
f 2155/964/235 2157/967/235 2158/966/235 2156/965/235
f 2157/967/236 2159/969/236 2160/968/236 2158/966/236
f 2159/969/237 2161/971/237 2162/970/237 2160/968/237
f 2161/971/251 2163/973/251 2164/972/251 2162/970/251
f 2163/973/323 2165/975/323 2166/974/323 2164/972/323
f 2165/975/324 2167/977/324 2168/976/324 2166/974/324
f 2167/977/241 2169/979/241 2170/978/241 2168/976/241
f 2169/979/242 2171/981/242 2172/980/242 2170/978/242
f 2171/981/243 2173/983/243 2174/982/243 2172/980/243
f 2173/983/244 2175/985/244 2176/984/244 2174/982/244
f 2175/985/245 2177/987/245 2178/986/245 2176/984/245
f 2177/987/246 2179/988/246 2180/682/246 2178/986/246
f 2179/988/247 2181/990/247 2182/989/247 2180/682/247
f 2181/990/253 2183/992/253 2184/991/253 2182/989/253
f 2183/992/249 2185/994/249 2186/993/249 2184/991/249
f 2185/994/325 2187/996/325 2188/995/325 2186/993/325
f 2187/996/326 2189/998/326 2190/997/326 2188/995/326
f 2189/998/226 2191/1000/226 2192/999/226 2190/997/226
f 2191/1000/225 2193/1002/225 2194/1001/225 2192/999/225
f 2193/1002/223 2195/1003/223 2196/729/223 2194/1001/223
f 2195/1003/254 2197/1005/254 2198/1004/254 2196/729/254
f 2197/1005/220 2199/1007/220 2200/1006/220 2198/1004/220
f 2199/1007/219 2201/1009/219 2202/1008/219 2200/1006/219
f 2201/1009/231 2203/1011/231 2204/1010/231 2202/1008/231
f 2203/1011/210 2205/1013/210 2206/1012/210 2204/1010/210
f 2205/1013/232 2207/1015/232 2208/1014/232 2206/1012/232
f 2207/1015/212 2209/1017/212 2210/1016/212 2208/1014/212
f 2209/1017/214 2211/1019/214 2212/1018/214 2210/1016/214
f 2211/1019/234 2213/1021/234 2214/1020/234 2212/1018/234
f 2213/1021/203 2215/1023/203 2216/1022/203 2214/1020/203
f 2158/1024/202 2160/1055/202 2162/1054/202 2164/1053/202 2166/1052/202 2168/1051/202 2170/1050/202 2172/1049/202 2219/1092/202 2156/1025/202
f 2215/1023/216 2217/1057/216 2218/1056/216 2216/1022/216
f 2217/1057/217 2155/1059/217 2156/1058/217 2218/1056/217
f 2155/1060/201 2217/1091/201 2215/1090/201 2213/1089/201 2211/1088/201 2209/1087/201 2207/1086/201 2205/1085/201 2203/1084/201 2220/1093/201
f 2188/1041/202 2190/1040/202 2192/1039/202 2194/1038/202 2196/1037/202 2198/1036/202 2200/1035/202 2202/1034/202 2204/1033/202 2219/1092/202
f 2187/1076/201 2185/1075/201 2183/1074/201 2181/1073/201 2179/1072/201 2177/1071/201 2175/1070/201 2173/1069/201 2171/1068/201 2220/1093/201
f 2172/1049/202 2174/1048/202 2176/1047/202 2178/1046/202 2180/1045/202 2182/1044/202 2184/1043/202 2186/1042/202 2188/1041/202 2219/1092/202
f 2204/1033/202 2206/1032/202 2208/1031/202 2210/1030/202 2212/1029/202 2214/1028/202 2216/1027/202 2218/1026/202 2156/1025/202 2219/1092/202
f 2203/1084/201 2201/1083/201 2199/1082/201 2197/1081/201 2195/1080/201 2193/1079/201 2191/1078/201 2189/1077/201 2187/1076/201 2220/1093/201
f 2171/1068/201 2169/1067/201 2167/1066/201 2165/1065/201 2163/1064/201 2161/1063/201 2159/1062/201 2157/1061/201 2155/1060/201 2220/1093/201
f 2221/729/327 2223/1094/327 2224/973/327 2222/682/327
f 2227/822/328 2225/1095/328 2226/1096/328 2228/822/328
f 2231/726/329 2221/729/329 2222/682/329 2232/681/329
f 2229/1011/202 2231/749/202 2225/1095/202 2227/1003/202
f 2232/1097/202 2230/1097/202 2228/988/202 2226/1096/202
f 2230/822/330 2224/822/330 2223/822/330 2229/822/330
f 2222/703/331 2224/1098/331 2230/1097/331 2232/1097/331
f 2223/1019/202 2221/781/202 2231/749/202 2229/1011/202
f 2225/1095/332 2231/726/332 2232/681/332 2226/1096/332
f 2233/964/333 2234/965/333 2236/966/333 2235/967/333
f 2235/967/334 2236/966/334 2238/968/334 2237/969/334
f 2237/969/335 2238/968/335 2240/970/335 2239/971/335
f 2239/971/230 2240/970/230 2242/972/230 2241/973/230
f 2241/973/336 2242/972/336 2244/974/336 2243/975/336
f 2243/975/337 2244/974/337 2246/976/337 2245/977/337
f 2245/977/219 2246/976/219 2248/978/219 2247/979/219
f 2247/979/231 2248/978/231 2250/980/231 2249/981/231
f 2249/981/338 2250/980/338 2252/982/338 2251/983/338
f 2251/983/232 2252/982/232 2254/984/232 2253/985/232
f 2253/985/339 2254/984/339 2256/986/339 2255/987/339
f 2255/987/340 2256/986/340 2258/682/340 2257/988/340
f 2257/988/215 2258/682/215 2260/989/215 2259/990/215
f 2259/990/341 2260/989/341 2262/991/341 2261/992/341
f 2261/992/342 2262/991/342 2264/993/342 2263/994/342
f 2263/994/343 2264/993/343 2266/995/343 2265/996/343
f 2265/996/344 2266/995/344 2268/997/344 2267/998/344
f 2267/998/345 2268/997/345 2270/999/345 2269/1000/345
f 2269/1000/346 2270/999/346 2272/1001/346 2271/1002/346
f 2271/1002/347 2272/1001/347 2274/729/347 2273/1003/347
f 2273/1003/348 2274/729/348 2276/1004/348 2275/1005/348
f 2275/1005/349 2276/1004/349 2278/1006/349 2277/1007/349
f 2277/1007/241 2278/1006/241 2280/1008/241 2279/1009/241
f 2279/1009/350 2280/1008/350 2282/1010/350 2281/1011/350
f 2281/1011/243 2282/1010/243 2284/1012/243 2283/1013/243
f 2283/1013/244 2284/1012/244 2286/1014/244 2285/1015/244
f 2285/1015/351 2286/1014/351 2288/1016/351 2287/1017/351
f 2287/1017/352 2288/1016/352 2290/1018/352 2289/1019/352
f 2289/1019/353 2290/1018/353 2292/1020/353 2291/1021/353
f 2291/1021/354 2292/1020/354 2294/1022/354 2293/1023/354
f 2236/1024/201 2234/1025/201 2297/1099/201 2250/1049/201 2248/1050/201 2246/1051/201 2244/1052/201 2242/1053/201 2240/1054/201 2238/1055/201
f 2293/1023/355 2294/1022/355 2296/1056/355 2295/1057/355
f 2295/1057/356 2296/1056/356 2234/1058/356 2233/1059/356
f 2233/1060/202 2298/1100/202 2281/1084/202 2283/1085/202 2285/1086/202 2287/1087/202 2289/1088/202 2291/1089/202 2293/1090/202 2295/1091/202
f 2265/1076/202 2298/1100/202 2249/1068/202 2251/1069/202 2253/1070/202 2255/1071/202 2257/1072/202 2259/1073/202 2261/1074/202 2263/1075/202
f 2266/1041/201 2297/1099/201 2282/1033/201 2280/1034/201 2278/1035/201 2276/1036/201 2274/1037/201 2272/1038/201 2270/1039/201 2268/1040/201
f 2281/1084/202 2298/1100/202 2265/1076/202 2267/1077/202 2269/1078/202 2271/1079/202 2273/1080/202 2275/1081/202 2277/1082/202 2279/1083/202
f 2282/1033/201 2297/1099/201 2234/1025/201 2296/1026/201 2294/1027/201 2292/1028/201 2290/1029/201 2288/1030/201 2286/1031/201 2284/1032/201
f 2250/1049/201 2297/1099/201 2266/1041/201 2264/1042/201 2262/1043/201 2260/1044/201 2258/1045/201 2256/1046/201 2254/1047/201 2252/1048/201
f 2249/1068/202 2298/1100/202 2233/1060/202 2235/1061/202 2237/1062/202 2239/1063/202 2241/1064/202 2243/1065/202 2245/1066/202 2247/1067/202
f 2311/1101/227 2312/1102/227 2302/1098/227 2301/1094/227
f 2307/1103/357 2308/1097/357 2306/988/357 2305/1003/357
f 2322/1104/290 2318/1105/290 2304/1096/290 2303/1095/290
f 2309/726/201 2310/681/201 2300/682/201 2299/729/201
f 2320/1106/202 2322/1104/202 2303/1095/202 2309/749/202
f 2319/1107/201 2321/1108/201 2300/686/201 2310/685/201
f 2318/1105/201 2319/1107/201 2310/685/201 2304/1096/201
f 2317/1109/202 2320/1106/202 2309/749/202 2299/781/202
f 2303/1095/201 2304/1096/201 2310/681/201 2309/726/201
f 2301/1094/357 2302/1098/357 2308/1097/357 2307/1103/357
f 2301/1019/202 2307/1011/202 2316/1110/202 2311/1111/202
f 2306/988/201 2308/981/201 2315/1112/201 2314/1113/201
f 2308/981/201 2302/973/201 2312/1114/201 2315/1112/201
f 2307/1011/202 2305/1003/202 2313/1115/202 2316/1110/202
f 2305/1003/204 2306/988/204 2314/1113/204 2313/1115/204
f 2355/1116/242 2353/1117/242 2312/1102/242 2311/1101/242
f 2299/738/358 2300/703/358 2321/1118/358 2317/1119/358
f 2325/1120/202 2328/1121/202 2320/1106/202 2317/1109/202
f 2326/1122/201 2327/1123/201 2319/1107/201 2318/1105/201
f 2327/1123/201 2323/1124/201 2321/1108/201 2319/1107/201
f 2328/1121/202 2324/1125/202 2322/1104/202 2320/1106/202
f 2324/1125/216 2326/1122/216 2318/1105/216 2322/1104/216
f 2330/1126/359 2332/1127/359 2326/1122/359 2324/1125/359
f 2334/1128/202 2330/1126/202 2324/1125/202 2328/1121/202
f 2333/1129/201 2329/1130/201 2323/1124/201 2327/1123/201
f 2332/1127/201 2333/1129/201 2327/1123/201 2326/1122/201
f 2331/1131/202 2334/1128/202 2328/1121/202 2325/1120/202
f 2317/1119/236 2321/1118/236 2323/1132/236 2325/1133/236
f 2337/1134/202 2340/1135/202 2334/1128/202 2331/1131/202
f 2338/1136/201 2339/1137/201 2333/1129/201 2332/1127/201
f 2339/1137/201 2335/1138/201 2329/1130/201 2333/1129/201
f 2340/1135/202 2336/1139/202 2330/1126/202 2334/1128/202
f 2336/1139/360 2338/1136/360 2332/1127/360 2330/1126/360
f 2325/1133/361 2323/1132/361 2329/1140/361 2331/1141/361
f 2342/1142/214 2344/1143/214 2338/1136/214 2336/1139/214
f 2346/1144/202 2342/1142/202 2336/1139/202 2340/1135/202
f 2345/1145/201 2341/1146/201 2335/1138/201 2339/1137/201
f 2344/1143/201 2345/1145/201 2339/1137/201 2338/1136/201
f 2343/1147/202 2346/1144/202 2340/1135/202 2337/1134/202
f 2331/1141/362 2329/1140/362 2335/1148/362 2337/1149/362
f 2349/1150/202 2352/1151/202 2346/1144/202 2343/1147/202
f 2350/1152/201 2351/1153/201 2345/1145/201 2344/1143/201
f 2351/1153/201 2347/1154/201 2341/1146/201 2345/1145/201
f 2352/1151/202 2348/1155/202 2342/1142/202 2346/1144/202
f 2348/1155/212 2350/1152/212 2344/1143/212 2342/1142/212
f 2337/1149/323 2335/1148/323 2341/1156/323 2343/1157/323
f 2354/1158/232 2356/1159/232 2350/1152/232 2348/1155/232
f 2358/1160/202 2354/1158/202 2348/1155/202 2352/1151/202
f 2357/1161/201 2353/1162/201 2347/1154/201 2351/1153/201
f 2356/1159/201 2357/1161/201 2351/1153/201 2350/1152/201
f 2355/1163/202 2358/1160/202 2352/1151/202 2349/1150/202
f 2343/1157/324 2341/1156/324 2347/1164/324 2349/1165/324
f 2311/1111/202 2316/1110/202 2358/1160/202 2355/1163/202
f 2314/1113/201 2315/1112/201 2357/1161/201 2356/1159/201
f 2315/1112/201 2312/1114/201 2353/1162/201 2357/1161/201
f 2316/1110/202 2313/1115/202 2354/1158/202 2358/1160/202
f 2313/1115/210 2314/1113/210 2356/1159/210 2354/1158/210
f 2349/1165/241 2347/1164/241 2353/1117/241 2355/1116/241
f 1497/684/202 2364/687/202 1457/686/202 1492/685/202
f 2417/688/237 2413/691/237 2360/690/237 2384/689/237
f 2387/692/227 2365/695/227 2362/694/227 2385/693/227
f 1502/696/202 2367/699/202 2362/698/202 1495/697/202
f 1485/700/250 1457/703/250 2364/702/250 2386/701/250
f 1639/704/202 2488/705/202 2364/687/202 1497/684/202
f 1495/697/202 2362/698/202 2365/707/202 1500/706/202
f 2452/708/363 2448/709/363 2365/695/363 2387/692/363
f 1514/710/202 2389/711/202 2367/699/202 1502/696/202
f 2385/693/227 2362/694/227 2367/713/227 2388/712/227
f 2361/714/227 2370/717/227 2373/716/227 2368/715/227
f 2447/718/363 2449/721/363 2372/720/363 2366/719/363
f 2366/719/227 2372/720/227 2370/717/227 2361/714/227
f 2418/722/237 2414/725/237 2369/724/237 2359/723/237
f 2430/730/227 2375/733/227 2378/732/227 2433/731/227
f 2454/734/364 2450/737/364 2377/736/364 2432/735/364
f 1456/738/250 1468/741/250 2371/740/250 2363/739/250
f 2432/735/227 2377/736/227 2375/733/227 2430/730/227
f 2438/742/237 2415/745/237 2374/744/237 2429/743/237
f 2450/737/364 2451/753/364 2382/752/364 2377/736/364
f 2377/736/227 2382/752/227 2380/754/227 2375/733/227
f 2420/755/201 2385/693/201 2388/712/201 2423/756/201
f 2453/757/201 2452/708/201 2387/692/201 2422/758/201
f 1553/759/250 2421/762/250 2381/761/250 1504/760/250
f 2422/758/201 2387/692/201 2385/693/201 2420/755/201
f 2428/763/201 2417/688/201 2384/689/201 2419/764/201
f 1564/765/250 1474/768/250 2376/767/250 2431/766/250
f 1505/769/201 1485/700/201 2386/701/201 1506/769/201
f 1504/760/250 2381/761/250 2376/767/250 1507/770/250
f 2390/771/201 1515/774/201 1501/773/201 2368/772/201
f 2361/775/201 1496/778/201 1499/777/201 2366/776/201
f 2487/779/201 1638/751/201 1498/750/201 2363/780/201
f 2368/772/201 1501/773/201 1496/778/201 2361/775/201
f 2363/780/201 1498/750/201 1491/749/201 1456/781/201
f 2423/756/201 2388/712/201 2394/783/201 2424/782/201
f 2433/731/365 2378/732/365 2392/785/365 2434/784/365
f 2368/715/242 2373/716/242 2391/787/242 2390/786/242
f 2400/788/201 1523/789/201 1515/774/201 2390/771/201
f 2388/712/242 2367/713/242 2389/790/242 2394/783/242
f 1530/791/202 2401/794/202 2395/793/202 1522/792/202
f 2406/795/201 1531/796/201 1523/789/201 2400/788/201
f 2390/786/241 2391/787/241 2396/800/241 2400/799/241
f 2435/801/202 2396/800/202 2391/787/202 2434/784/202
f 2395/802/241 2399/803/241 2394/783/241 2389/711/241
f 2412/806/201 1539/807/201 1531/796/201 2406/795/201
f 1538/805/202 2407/808/202 2401/794/202 1530/791/202
f 2425/809/201 2399/803/201 2405/811/201 2426/810/201
f 2435/801/240 2397/814/240 2403/813/240 2436/812/240
f 2400/799/240 2396/800/240 2402/816/240 2406/815/240
f 2399/803/240 2395/802/240 2401/817/240 2405/811/240
f 1546/818/202 2413/819/202 2407/808/202 1538/805/202
f 2418/820/201 1547/821/201 1539/807/201 2412/806/201
f 2426/810/201 2405/811/201 2411/824/201 2427/823/201
f 2436/812/239 2403/813/239 2409/826/239 2437/825/239
f 2406/815/323 2402/816/323 2408/828/323 2412/827/323
f 2405/811/323 2401/817/323 2407/829/323 2411/824/323
f 2359/830/201 1494/831/201 1547/821/201 2418/820/201
f 1493/832/202 2360/833/202 2413/819/202 1546/818/202
f 2427/823/201 2411/824/201 2417/688/201 2428/763/201
f 2437/825/347 2409/826/347 2415/745/347 2438/742/347
f 2412/827/347 2408/828/347 2414/725/347 2418/722/347
f 2411/824/347 2407/829/347 2413/691/347 2417/688/347
f 2410/834/347 2427/823/347 2428/763/347 2416/835/347
f 2404/836/239 2426/810/239 2427/823/239 2410/834/239
f 2398/837/240 2425/809/240 2426/810/240 2404/836/240
f 2424/782/201 2394/783/201 2399/803/201 2425/809/201
f 2383/838/365 2423/756/365 2424/782/365 2393/839/365
f 2416/835/237 2428/763/237 2419/764/237 2379/840/237
f 2382/752/227 2422/758/227 2420/755/227 2380/754/227
f 1506/769/201 2386/701/201 2421/762/201 1553/759/201
f 2451/753/364 2453/757/364 2422/758/364 2382/752/364
f 2380/754/227 2420/755/227 2423/756/227 2383/838/227
f 2408/828/202 2437/825/202 2438/742/202 2414/725/202
f 2402/816/202 2436/812/202 2437/825/202 2408/828/202
f 2396/800/202 2435/801/202 2436/812/202 2402/816/202
f 2373/716/202 2433/731/202 2434/784/202 2391/787/202
f 2414/725/202 2438/742/202 2429/743/202 2369/724/202
f 2372/720/202 2432/735/202 2430/730/202 2370/717/202
f 2449/721/202 2454/734/202 2432/735/202 2372/720/202
f 2370/717/202 2430/730/202 2433/731/202 2373/716/202
f 2369/724/202 2429/743/202 2446/842/202 2441/841/202
f 2441/841/202 2446/842/202 1586/844/202 1576/843/202
f 2379/840/236 2419/764/236 2445/846/236 2443/845/236
f 2419/764/201 2384/689/201 2444/847/201 2445/846/201
f 2445/846/201 2444/847/201 1580/849/201 1584/848/201
f 2429/743/236 2374/744/236 2442/850/236 2446/842/236
f 2359/723/236 2369/724/236 2441/841/236 2440/851/236
f 2440/851/235 2441/841/235 1576/843/235 1573/852/235
f 2384/689/236 2360/690/236 2439/853/236 2444/847/236
f 2444/847/235 2439/853/235 1572/854/235 1580/849/235
f 2397/814/366 2435/801/366 2434/784/366 2392/785/366
f 1522/792/202 2395/802/202 2389/711/202 1514/710/202
f 2393/839/366 2424/782/366 2425/809/366 2398/837/366
f 2439/822/202 2360/822/202 1493/822/202 1572/822/202
f 2440/822/201 1573/822/201 1494/822/201 2359/822/201
f 2457/855/202 2462/856/202 2454/734/202 2449/721/202
f 2459/857/244 2461/858/244 2453/757/244 2451/753/244
f 2366/776/201 1499/777/201 1593/863/201 2447/862/201
f 2461/858/201 2460/864/201 2452/708/201 2453/757/201
f 2458/865/244 2459/857/244 2451/753/244 2450/737/244
f 2462/856/244 2458/865/244 2450/737/244 2454/734/244
f 2455/866/244 2457/855/244 2449/721/244 2447/718/244
f 2460/864/244 2456/867/244 2448/709/244 2452/708/244
f 1500/706/202 2365/707/202 2448/868/202 1594/860/202
f 2468/869/245 2464/870/245 2456/867/245 2460/864/245
f 2463/871/245 2465/872/245 2457/855/245 2455/866/245
f 2470/873/245 2466/874/245 2458/865/245 2462/856/245
f 2466/874/245 2467/875/245 2459/857/245 2458/865/245
f 2469/876/201 2468/869/201 2460/864/201 2461/858/201
f 2467/875/245 2469/876/245 2461/858/245 2459/857/245
f 2465/872/202 2470/873/202 2462/856/202 2457/855/202
f 2447/862/201 1593/863/201 1598/880/201 2455/879/201
f 1594/860/202 2448/868/202 2456/881/202 1599/877/202
f 2473/882/202 2478/883/202 2470/873/202 2465/872/202
f 2475/884/246 2477/885/246 2469/876/246 2467/875/246
f 2477/885/201 2476/886/201 2468/869/201 2469/876/201
f 2474/887/246 2475/884/246 2467/875/246 2466/874/246
f 2478/883/246 2474/887/246 2466/874/246 2470/873/246
f 2471/888/367 2473/882/367 2465/872/367 2463/871/367
f 2476/886/367 2472/889/367 2464/870/367 2468/869/367
f 2455/879/201 1598/880/201 1608/893/201 2463/892/201
f 1599/877/202 2456/881/202 2464/894/202 1609/890/202
f 2484/895/247 2480/896/247 2472/889/247 2476/886/247
f 2479/897/247 2481/898/247 2473/882/247 2471/888/247
f 2486/899/247 2482/900/247 2474/887/247 2478/883/247
f 2482/900/247 2483/901/247 2475/884/247 2474/887/247
f 2485/902/201 2484/895/201 2476/886/201 2477/885/201
f 2483/901/247 2485/902/247 2477/885/247 2475/884/247
f 2481/898/202 2486/899/202 2478/883/202 2473/882/202
f 2463/892/201 1608/893/201 1618/906/201 2471/905/201
f 1609/890/202 2464/894/202 2472/907/202 1619/903/202
f 2489/908/202 2494/909/202 2486/899/202 2481/898/202
f 2491/910/248 2493/911/248 2485/902/248 2483/901/248
f 2493/911/201 2492/912/201 2484/895/201 2485/902/201
f 2490/913/248 2491/910/248 2483/901/248 2482/900/248
f 2494/909/248 2490/913/248 2482/900/248 2486/899/248
f 2487/914/253 2489/908/253 2481/898/253 2479/897/253
f 2492/912/253 2488/915/253 2480/896/253 2484/895/253
f 2471/905/201 1618/906/201 1628/919/201 2479/918/201
f 1619/903/202 2472/907/202 2480/920/202 1629/916/202
f 1468/741/202 1564/765/202 2431/766/202 2371/740/202
f 2386/701/249 2364/702/249 2488/915/249 2492/912/249
f 2363/739/249 2371/740/249 2489/908/249 2487/914/249
f 2431/766/249 2376/767/249 2490/913/249 2494/909/249
f 2376/767/249 2381/761/249 2491/910/249 2490/913/249
f 2421/762/201 2386/701/201 2492/912/201 2493/911/201
f 2381/761/249 2421/762/249 2493/911/249 2491/910/249
f 2371/740/202 2431/766/202 2494/909/202 2489/908/202
f 2479/918/201 1628/919/201 1638/751/201 2487/779/201
f 1629/916/202 2480/920/202 2488/705/202 1639/704/202
f 2442/850/235 1647/935/235 1696/934/235 1586/844/235 2446/842/235
f 1507/770/204 2376/767/204 1474/937/204 1669/936/204 1679/950/204 1504/760/204
f 2443/845/235 2445/846/235 1681/822/235 1680/960/235
f 2383/838/201 2393/839/201 2398/837/201 2404/836/201 2410/834/201 2416/835/201 2379/840/201 2443/845/201 1680/960/201 1670/959/201 1671/958/201 1672/957/201 1673/956/201 1694/955/201 2380/754/201
f 2380/754/228 1694/955/228 1693/943/228 2375/733/228
f 2375/733/202 1693/943/202 1663/945/202 1662/944/202 1661/946/202 1660/947/202 1659/948/202 1647/935/202 2442/850/202 2374/744/202 2415/745/202 2409/826/202 2403/813/202 2397/814/202 2392/785/202 2378/732/202
f 1573/962/368 1581/961/368 1696/934/368 1648/933/368 1547/821/368 1494/831/368 2359/830/368 2440/963/368
f 1697/964/250 2495/967/250 2496/966/250 1698/965/250
f 2495/967/249 2497/969/249 2498/968/249 2496/966/249
f 2497/969/248 2499/971/248 2500/970/248 2498/968/248
f 2499/971/247 2501/973/247 2502/972/247 2500/970/247
f 2501/973/246 2503/975/246 2504/974/246 2502/972/246
f 2503/975/245 2505/977/245 2506/976/245 2504/974/245
f 2505/977/244 2507/979/244 2508/978/244 2506/976/244
f 2507/979/243 2509/981/243 2510/980/243 2508/978/243
f 2509/981/242 2511/983/242 2512/982/242 2510/980/242
f 2511/983/241 2513/985/241 2514/984/241 2512/982/241
f 2513/985/240 2515/987/240 2516/986/240 2514/984/240
f 2515/987/239 2517/988/239 2518/682/239 2516/986/239
f 2517/988/238 2519/990/238 2520/989/238 2518/682/238
f 2519/990/237 2521/992/237 2522/991/237 2520/989/237
f 2521/992/236 2523/994/236 2524/993/236 2522/991/236
f 2523/994/235 1729/996/235 1730/995/235 2524/993/235
f 1729/996/217 2525/998/217 2526/997/217 1730/995/217
f 2525/998/216 2527/1000/216 2528/999/216 2526/997/216
f 2527/1000/208 2529/1002/208 2530/1001/208 2528/999/208
f 2529/1002/234 2531/1003/234 2532/729/234 2530/1001/234
f 2531/1003/233 2533/1005/233 2534/1004/233 2532/729/233
f 2533/1005/212 2535/1007/212 2536/1006/212 2534/1004/212
f 2535/1007/232 2537/1009/232 2538/1008/232 2536/1006/232
f 2537/1009/210 2539/1011/210 2540/1010/210 2538/1008/210
f 2539/1011/231 2541/1013/231 2542/1012/231 2540/1010/231
f 2541/1013/219 2543/1015/219 2544/1014/219 2542/1012/219
f 2543/1015/220 2545/1017/220 2546/1016/220 2544/1014/220
f 2545/1017/221 2547/1019/221 2548/1018/221 2546/1016/221
f 2547/1019/224 2549/1021/224 2550/1020/224 2548/1018/224
f 2549/1021/225 2551/1023/225 2552/1022/225 2550/1020/225
f 2496/1024/201 2498/1055/201 2500/1054/201 2502/1053/201 2504/1052/201 2506/1051/201 2508/1050/201 2510/1049/201 2512/1048/201 2514/1047/201 2516/1046/201 2518/1045/201 2520/1044/201 2522/1043/201 2524/1042/201 1730/1041/201 2526/1040/201 2528/1039/201 2530/1038/201 2532/1037/201 2534/1036/201 2536/1035/201 2538/1034/201 2540/1033/201 2542/1032/201 2544/1031/201 2546/1030/201 2548/1029/201 2550/1028/201 2552/1027/201 2554/1026/201 1698/1025/201
f 2551/1023/226 2553/1057/226 2554/1056/226 2552/1022/226
f 2553/1057/205 1697/1059/205 1698/1058/205 2554/1056/205
f 1697/1060/202 2553/1091/202 2551/1090/202 2549/1089/202 2547/1088/202 2545/1087/202 2543/1086/202 2541/1085/202 2539/1084/202 2537/1083/202 2535/1082/202 2533/1081/202 2531/1080/202 2529/1079/202 2527/1078/202 2525/1077/202 1729/1076/202 2523/1075/202 2521/1074/202 2519/1073/202 2517/1072/202 2515/1071/202 2513/1070/202 2511/1069/202 2509/1068/202 2507/1067/202 2505/1066/202 2503/1065/202 2501/1064/202 2499/1063/202 2497/1062/202 2495/1061/202
f 1761/964/250 2555/967/250 2556/966/250 1762/965/250
f 2555/967/249 2557/969/249 2558/968/249 2556/966/249
f 2557/969/248 2559/971/248 2560/970/248 2558/968/248
f 2559/971/247 2561/973/247 2562/972/247 2560/970/247
f 2561/973/246 2563/975/246 2564/974/246 2562/972/246
f 2563/975/245 2565/977/245 2566/976/245 2564/974/245
f 2565/977/244 2567/979/244 2568/978/244 2566/976/244
f 2567/979/243 2569/981/243 2570/980/243 2568/978/243
f 2569/981/242 2571/983/242 2572/982/242 2570/980/242
f 2571/983/241 2573/985/241 2574/984/241 2572/982/241
f 2573/985/240 2575/987/240 2576/986/240 2574/984/240
f 2575/987/239 2577/988/239 2578/682/239 2576/986/239
f 2577/988/238 2579/990/238 2580/989/238 2578/682/238
f 2579/990/237 2581/992/237 2582/991/237 2580/989/237
f 2581/992/236 2583/994/236 2584/993/236 2582/991/236
f 2583/994/235 1793/996/235 1794/995/235 2584/993/235
f 1793/996/217 2585/998/217 2586/997/217 1794/995/217
f 2585/998/216 2587/1000/216 2588/999/216 2586/997/216
f 2587/1000/208 2589/1002/208 2590/1001/208 2588/999/208
f 2589/1002/234 2591/1003/234 2592/729/234 2590/1001/234
f 2591/1003/233 2593/1005/233 2594/1004/233 2592/729/233
f 2593/1005/212 2595/1007/212 2596/1006/212 2594/1004/212
f 2595/1007/232 2597/1009/232 2598/1008/232 2596/1006/232
f 2597/1009/210 2599/1011/210 2600/1010/210 2598/1008/210
f 2599/1011/231 2601/1013/231 2602/1012/231 2600/1010/231
f 2601/1013/219 2603/1015/219 2604/1014/219 2602/1012/219
f 2603/1015/220 2605/1017/220 2606/1016/220 2604/1014/220
f 2605/1017/221 2607/1019/221 2608/1018/221 2606/1016/221
f 2607/1019/224 2609/1021/224 2610/1020/224 2608/1018/224
f 2609/1021/225 2611/1023/225 2612/1022/225 2610/1020/225
f 2556/1024/201 2558/1055/201 2560/1054/201 2562/1053/201 2564/1052/201 2566/1051/201 2568/1050/201 2570/1049/201 2572/1048/201 2574/1047/201 2576/1046/201 2578/1045/201 2580/1044/201 2582/1043/201 2584/1042/201 1794/1041/201 2586/1040/201 2588/1039/201 2590/1038/201 2592/1037/201 2594/1036/201 2596/1035/201 2598/1034/201 2600/1033/201 2602/1032/201 2604/1031/201 2606/1030/201 2608/1029/201 2610/1028/201 2612/1027/201 2614/1026/201 1762/1025/201
f 2611/1023/226 2613/1057/226 2614/1056/226 2612/1022/226
f 2613/1057/205 1761/1059/205 1762/1058/205 2614/1056/205
f 1761/1060/202 2613/1091/202 2611/1090/202 2609/1089/202 2607/1088/202 2605/1087/202 2603/1086/202 2601/1085/202 2599/1084/202 2597/1083/202 2595/1082/202 2593/1081/202 2591/1080/202 2589/1079/202 2587/1078/202 2585/1077/202 1793/1076/202 2583/1075/202 2581/1074/202 2579/1073/202 2577/1072/202 2575/1071/202 2573/1070/202 2571/1069/202 2569/1068/202 2567/1067/202 2565/1066/202 2563/1065/202 2561/1064/202 2559/1063/202 2557/1062/202 2555/1061/202
f 1825/964/217 1826/965/217 2616/966/217 2615/967/217
f 2615/967/216 2616/966/216 2618/968/216 2617/969/216
f 2617/969/203 2618/968/203 2620/970/203 2619/971/203
f 2619/971/234 2620/970/234 2622/972/234 2621/973/234
f 2621/973/213 2622/972/213 2624/974/213 2623/975/213
f 2623/975/212 2624/974/212 2626/976/212 2625/977/212
f 2625/977/232 2626/976/232 2628/978/232 2627/979/232
f 2627/979/210 2628/978/210 2630/980/210 2629/981/210
f 2629/981/231 2630/980/231 2632/982/231 2631/983/231
f 2631/983/219 2632/982/219 2634/984/219 2633/985/219
f 2633/985/220 2634/984/220 2636/986/220 2635/987/220
f 2635/987/254 2636/986/254 2638/682/254 2637/988/254
f 2637/988/223 2638/682/223 2640/989/223 2639/990/223
f 2639/990/225 2640/989/225 2642/991/225 2641/992/225
f 2641/992/226 2642/991/226 2644/993/226 2643/994/226
f 2643/994/205 2644/993/205 1858/995/205 1857/996/205
f 1857/996/250 1858/995/250 2646/997/250 2645/998/250
f 2645/998/249 2646/997/249 2648/999/249 2647/1000/249
f 2647/1000/253 2648/999/253 2650/1001/253 2649/1002/253
f 2649/1002/247 2650/1001/247 2652/729/247 2651/1003/247
f 2651/1003/246 2652/729/246 2654/1004/246 2653/1005/246
f 2653/1005/245 2654/1004/245 2656/1006/245 2655/1007/245
f 2655/1007/244 2656/1006/244 2658/1008/244 2657/1009/244
f 2657/1009/243 2658/1008/243 2660/1010/243 2659/1011/243
f 2659/1011/242 2660/1010/242 2662/1012/242 2661/1013/242
f 2661/1013/241 2662/1012/241 2664/1014/241 2663/1015/241
f 2663/1015/240 2664/1014/240 2666/1016/240 2665/1017/240
f 2665/1017/252 2666/1016/252 2668/1018/252 2667/1019/252
f 2667/1019/251 2668/1018/251 2670/1020/251 2669/1021/251
f 2669/1021/237 2670/1020/237 2672/1022/237 2671/1023/237
f 2616/1024/202 1826/1025/202 1889/1092/202 2630/1049/202 2628/1050/202 2626/1051/202 2624/1052/202 2622/1053/202 2620/1054/202 2618/1055/202
f 2671/1023/236 2672/1022/236 2674/1056/236 2673/1057/236
f 2673/1057/235 2674/1056/235 1826/1058/235 1825/1059/235
f 1825/1060/201 1890/1093/201 2659/1084/201 2661/1085/201 2663/1086/201 2665/1087/201 2667/1088/201 2669/1089/201 2671/1090/201 2673/1091/201
f 1858/1041/202 1889/1092/202 2660/1033/202 2658/1034/202 2656/1035/202 2654/1036/202 2652/1037/202 2650/1038/202 2648/1039/202 2646/1040/202
f 1857/1076/201 1890/1093/201 2629/1068/201 2631/1069/201 2633/1070/201 2635/1071/201 2637/1072/201 2639/1073/201 2641/1074/201 2643/1075/201
f 2630/1049/202 1889/1092/202 1858/1041/202 2644/1042/202 2642/1043/202 2640/1044/202 2638/1045/202 2636/1046/202 2634/1047/202 2632/1048/202
f 2660/1033/202 1889/1092/202 1826/1025/202 2674/1026/202 2672/1027/202 2670/1028/202 2668/1029/202 2666/1030/202 2664/1031/202 2662/1032/202
f 2659/1084/201 1890/1093/201 1857/1076/201 2645/1077/201 2647/1078/201 2649/1079/201 2651/1080/201 2653/1081/201 2655/1082/201 2657/1083/201
f 2629/1068/201 1890/1093/201 1825/1060/201 2615/1061/201 2617/1062/201 2619/1063/201 2621/1064/201 2623/1065/201 2625/1066/201 2627/1067/201
f 1891/964/286 1892/965/286 2676/966/286 2675/967/286
f 2675/967/285 2676/966/285 2678/968/285 2677/969/285
f 2677/969/284 2678/968/284 2680/970/284 2679/971/284
f 2679/971/283 2680/970/283 2682/972/283 2681/973/283
f 2681/973/282 2682/972/282 2684/974/282 2683/975/282
f 2683/975/281 2684/974/281 2686/976/281 2685/977/281
f 2685/977/280 2686/976/280 2688/978/280 2687/979/280
f 2687/979/279 2688/978/279 2690/980/279 2689/981/279
f 2689/981/278 2690/980/278 2692/982/278 2691/983/278
f 2691/983/277 2692/982/277 2694/984/277 2693/985/277
f 2693/985/276 2694/984/276 2696/986/276 2695/987/276
f 2695/987/275 2696/986/275 2698/682/275 2697/988/275
f 2697/988/274 2698/682/274 2700/989/274 2699/990/274
f 2699/990/273 2700/989/273 2702/991/273 2701/992/273
f 2701/992/272 2702/991/272 2704/993/272 2703/994/272
f 2703/994/271 2704/993/271 1924/995/271 1923/996/271
f 1923/996/270 1924/995/270 2706/997/270 2705/998/270
f 2705/998/269 2706/997/269 2708/999/269 2707/1000/269
f 2707/1000/268 2708/999/268 2710/1001/268 2709/1002/268
f 2709/1002/267 2710/1001/267 2712/729/267 2711/1003/267
f 2711/1003/266 2712/729/266 2714/1004/266 2713/1005/266
f 2713/1005/265 2714/1004/265 2716/1006/265 2715/1007/265
f 2715/1007/264 2716/1006/264 2718/1008/264 2717/1009/264
f 2717/1009/263 2718/1008/263 2720/1010/263 2719/1011/263
f 2719/1011/262 2720/1010/262 2722/1012/262 2721/1013/262
f 2721/1013/261 2722/1012/261 2724/1014/261 2723/1015/261
f 2723/1015/260 2724/1014/260 2726/1016/260 2725/1017/260
f 2725/1017/259 2726/1016/259 2728/1018/259 2727/1019/259
f 2727/1019/258 2728/1018/258 2730/1020/258 2729/1021/258
f 2729/1021/257 2730/1020/257 2732/1022/257 2731/1023/257
f 2676/1024/202 1892/1025/202 1955/1092/202 2690/1049/202 2688/1050/202 2686/1051/202 2684/1052/202 2682/1053/202 2680/1054/202 2678/1055/202
f 2731/1023/256 2732/1022/256 2734/1056/256 2733/1057/256
f 2733/1057/255 2734/1056/255 1892/1058/255 1891/1059/255
f 1891/1060/201 1956/1093/201 2719/1084/201 2721/1085/201 2723/1086/201 2725/1087/201 2727/1088/201 2729/1089/201 2731/1090/201 2733/1091/201
f 1924/1041/202 1955/1092/202 2720/1033/202 2718/1034/202 2716/1035/202 2714/1036/202 2712/1037/202 2710/1038/202 2708/1039/202 2706/1040/202
f 1923/1076/201 1956/1093/201 2689/1068/201 2691/1069/201 2693/1070/201 2695/1071/201 2697/1072/201 2699/1073/201 2701/1074/201 2703/1075/201
f 2690/1049/202 1955/1092/202 1924/1041/202 2704/1042/202 2702/1043/202 2700/1044/202 2698/1045/202 2696/1046/202 2694/1047/202 2692/1048/202
f 2720/1033/202 1955/1092/202 1892/1025/202 2734/1026/202 2732/1027/202 2730/1028/202 2728/1029/202 2726/1030/202 2724/1031/202 2722/1032/202
f 2719/1084/201 1956/1093/201 1923/1076/201 2705/1077/201 2707/1078/201 2709/1079/201 2711/1080/201 2713/1081/201 2715/1082/201 2717/1083/201
f 2689/1068/201 1956/1093/201 1891/1060/201 2675/1061/201 2677/1062/201 2679/1063/201 2681/1064/201 2683/1065/201 2685/1066/201 2687/1067/201
f 1957/964/290 1958/965/290 2736/966/290 2735/967/290
f 2735/967/289 2736/966/289 2738/968/289 2737/969/289
f 2737/969/203 2738/968/203 2740/970/203 2739/971/203
f 2739/971/234 2740/970/234 2742/972/234 2741/973/234
f 2741/973/213 2742/972/213 2744/974/213 2743/975/213
f 2743/975/212 2744/974/212 2746/976/212 2745/977/212
f 2745/977/232 2746/976/232 2748/978/232 2747/979/232
f 2747/979/210 2748/978/210 2750/980/210 2749/981/210
f 2749/981/231 2750/980/231 2752/982/231 2751/983/231
f 2751/983/219 2752/982/219 2754/984/219 2753/985/219
f 2753/985/220 2754/984/220 2756/986/220 2755/987/220
f 2755/987/221 2756/986/221 2758/682/221 2757/988/221
f 2757/988/223 2758/682/223 2760/989/223 2759/990/223
f 2759/990/225 2760/989/225 2762/991/225 2761/992/225
f 2761/992/226 2762/991/226 2764/993/226 2763/994/226
f 2763/994/205 2764/993/205 1990/995/205 1989/996/205
f 1989/996/288 1990/995/288 2766/997/288 2765/998/288
f 2765/998/249 2766/997/249 2768/999/249 2767/1000/249
f 2767/1000/253 2768/999/253 2770/1001/253 2769/1002/253
f 2769/1002/247 2770/1001/247 2772/729/247 2771/1003/247
f 2771/1003/246 2772/729/246 2774/1004/246 2773/1005/246
f 2773/1005/245 2774/1004/245 2776/1006/245 2775/1007/245
f 2775/1007/244 2776/1006/244 2778/1008/244 2777/1009/244
f 2777/1009/243 2778/1008/243 2780/1010/243 2779/1011/243
f 2779/1011/242 2780/1010/242 2782/1012/242 2781/1013/242
f 2781/1013/241 2782/1012/241 2784/1014/241 2783/1015/241
f 2783/1015/240 2784/1014/240 2786/1016/240 2785/1017/240
f 2785/1017/239 2786/1016/239 2788/1018/239 2787/1019/239
f 2787/1019/251 2788/1018/251 2790/1020/251 2789/1021/251
f 2789/1021/237 2790/1020/237 2792/1022/237 2791/1023/237
f 2736/1024/202 1958/1025/202 2021/1092/202 2750/1049/202 2748/1050/202 2746/1051/202 2744/1052/202 2742/1053/202 2740/1054/202 2738/1055/202
f 2791/1023/287 2792/1022/287 2794/1056/287 2793/1057/287
f 2793/1057/235 2794/1056/235 1958/1058/235 1957/1059/235
f 1957/1060/201 2022/1093/201 2779/1084/201 2781/1085/201 2783/1086/201 2785/1087/201 2787/1088/201 2789/1089/201 2791/1090/201 2793/1091/201
f 1990/1041/202 2021/1092/202 2780/1033/202 2778/1034/202 2776/1035/202 2774/1036/202 2772/1037/202 2770/1038/202 2768/1039/202 2766/1040/202
f 1989/1076/201 2022/1093/201 2749/1068/201 2751/1069/201 2753/1070/201 2755/1071/201 2757/1072/201 2759/1073/201 2761/1074/201 2763/1075/201
f 2750/1049/202 2021/1092/202 1990/1041/202 2764/1042/202 2762/1043/202 2760/1044/202 2758/1045/202 2756/1046/202 2754/1047/202 2752/1048/202
f 2780/1033/202 2021/1092/202 1958/1025/202 2794/1026/202 2792/1027/202 2790/1028/202 2788/1029/202 2786/1030/202 2784/1031/202 2782/1032/202
f 2779/1084/201 2022/1093/201 1989/1076/201 2765/1077/201 2767/1078/201 2769/1079/201 2771/1080/201 2773/1081/201 2775/1082/201 2777/1083/201
f 2749/1068/201 2022/1093/201 1957/1060/201 2735/1061/201 2737/1062/201 2739/1063/201 2741/1064/201 2743/1065/201 2745/1066/201 2747/1067/201
f 2023/964/290 2024/965/290 2796/966/290 2795/967/290
f 2795/967/289 2796/966/289 2798/968/289 2797/969/289
f 2797/969/203 2798/968/203 2800/970/203 2799/971/203
f 2799/971/234 2800/970/234 2802/972/234 2801/973/234
f 2801/973/213 2802/972/213 2804/974/213 2803/975/213
f 2803/975/212 2804/974/212 2806/976/212 2805/977/212
f 2805/977/232 2806/976/232 2808/978/232 2807/979/232
f 2807/979/210 2808/978/210 2810/980/210 2809/981/210
f 2809/981/231 2810/980/231 2812/982/231 2811/983/231
f 2811/983/219 2812/982/219 2814/984/219 2813/985/219
f 2813/985/220 2814/984/220 2816/986/220 2815/987/220
f 2815/987/221 2816/986/221 2818/682/221 2817/988/221
f 2817/988/223 2818/682/223 2820/989/223 2819/990/223
f 2819/990/225 2820/989/225 2822/991/225 2821/992/225
f 2821/992/226 2822/991/226 2824/993/226 2823/994/226
f 2823/994/205 2824/993/205 2056/995/205 2055/996/205
f 2055/996/288 2056/995/288 2826/997/288 2825/998/288
f 2825/998/249 2826/997/249 2828/999/249 2827/1000/249
f 2827/1000/253 2828/999/253 2830/1001/253 2829/1002/253
f 2829/1002/247 2830/1001/247 2832/729/247 2831/1003/247
f 2831/1003/246 2832/729/246 2834/1004/246 2833/1005/246
f 2833/1005/245 2834/1004/245 2836/1006/245 2835/1007/245
f 2835/1007/244 2836/1006/244 2838/1008/244 2837/1009/244
f 2837/1009/243 2838/1008/243 2840/1010/243 2839/1011/243
f 2839/1011/242 2840/1010/242 2842/1012/242 2841/1013/242
f 2841/1013/241 2842/1012/241 2844/1014/241 2843/1015/241
f 2843/1015/240 2844/1014/240 2846/1016/240 2845/1017/240
f 2845/1017/239 2846/1016/239 2848/1018/239 2847/1019/239
f 2847/1019/251 2848/1018/251 2850/1020/251 2849/1021/251
f 2849/1021/237 2850/1020/237 2852/1022/237 2851/1023/237
f 2796/1024/202 2024/1025/202 2087/1092/202 2810/1049/202 2808/1050/202 2806/1051/202 2804/1052/202 2802/1053/202 2800/1054/202 2798/1055/202
f 2851/1023/287 2852/1022/287 2854/1056/287 2853/1057/287
f 2853/1057/235 2854/1056/235 2024/1058/235 2023/1059/235
f 2023/1060/201 2088/1093/201 2839/1084/201 2841/1085/201 2843/1086/201 2845/1087/201 2847/1088/201 2849/1089/201 2851/1090/201 2853/1091/201
f 2056/1041/202 2087/1092/202 2840/1033/202 2838/1034/202 2836/1035/202 2834/1036/202 2832/1037/202 2830/1038/202 2828/1039/202 2826/1040/202
f 2055/1076/201 2088/1093/201 2809/1068/201 2811/1069/201 2813/1070/201 2815/1071/201 2817/1072/201 2819/1073/201 2821/1074/201 2823/1075/201
f 2810/1049/202 2087/1092/202 2056/1041/202 2824/1042/202 2822/1043/202 2820/1044/202 2818/1045/202 2816/1046/202 2814/1047/202 2812/1048/202
f 2840/1033/202 2087/1092/202 2024/1025/202 2854/1026/202 2852/1027/202 2850/1028/202 2848/1029/202 2846/1030/202 2844/1031/202 2842/1032/202
f 2839/1084/201 2088/1093/201 2055/1076/201 2825/1077/201 2827/1078/201 2829/1079/201 2831/1080/201 2833/1081/201 2835/1082/201 2837/1083/201
f 2809/1068/201 2088/1093/201 2023/1060/201 2795/1061/201 2797/1062/201 2799/1063/201 2801/1064/201 2803/1065/201 2805/1066/201 2807/1067/201
f 2089/964/322 2090/965/322 2856/966/322 2855/967/322
f 2855/967/321 2856/966/321 2858/968/321 2857/969/321
f 2857/969/320 2858/968/320 2860/970/320 2859/971/320
f 2859/971/319 2860/970/319 2862/972/319 2861/973/319
f 2861/973/318 2862/972/318 2864/974/318 2863/975/318
f 2863/975/317 2864/974/317 2866/976/317 2865/977/317
f 2865/977/369 2866/976/369 2868/978/369 2867/979/369
f 2867/979/315 2868/978/315 2870/980/315 2869/981/315
f 2869/981/314 2870/980/314 2872/982/314 2871/983/314
f 2871/983/313 2872/982/313 2874/984/313 2873/985/313
f 2873/985/312 2874/984/312 2876/986/312 2875/987/312
f 2875/987/311 2876/986/311 2878/682/311 2877/988/311
f 2877/988/310 2878/682/310 2880/989/310 2879/990/310
f 2879/990/309 2880/989/309 2882/991/309 2881/992/309
f 2881/992/308 2882/991/308 2884/993/308 2883/994/308
f 2883/994/307 2884/993/307 2122/995/307 2121/996/307
f 2121/996/306 2122/995/306 2886/997/306 2885/998/306
f 2885/998/305 2886/997/305 2888/999/305 2887/1000/305
f 2887/1000/304 2888/999/304 2890/1001/304 2889/1002/304
f 2889/1002/303 2890/1001/303 2892/729/303 2891/1003/303
f 2891/1003/302 2892/729/302 2894/1004/302 2893/1005/302
f 2893/1005/301 2894/1004/301 2896/1006/301 2895/1007/301
f 2895/1007/300 2896/1006/300 2898/1008/300 2897/1009/300
f 2897/1009/299 2898/1008/299 2900/1010/299 2899/1011/299
f 2899/1011/298 2900/1010/298 2902/1012/298 2901/1013/298
f 2901/1013/297 2902/1012/297 2904/1014/297 2903/1015/297
f 2903/1015/296 2904/1014/296 2906/1016/296 2905/1017/296
f 2905/1017/295 2906/1016/295 2908/1018/295 2907/1019/295
f 2907/1019/294 2908/1018/294 2910/1020/294 2909/1021/294
f 2909/1021/293 2910/1020/293 2912/1022/293 2911/1023/293
f 2856/1024/202 2090/1025/202 2153/1092/202 2870/1049/202 2868/1050/202 2866/1051/202 2864/1052/202 2862/1053/202 2860/1054/202 2858/1055/202
f 2911/1023/292 2912/1022/292 2914/1056/292 2913/1057/292
f 2913/1057/291 2914/1056/291 2090/1058/291 2089/1059/291
f 2089/1060/201 2154/1093/201 2899/1084/201 2901/1085/201 2903/1086/201 2905/1087/201 2907/1088/201 2909/1089/201 2911/1090/201 2913/1091/201
f 2122/1041/202 2153/1092/202 2900/1033/202 2898/1034/202 2896/1035/202 2894/1036/202 2892/1037/202 2890/1038/202 2888/1039/202 2886/1040/202
f 2121/1076/201 2154/1093/201 2869/1068/201 2871/1069/201 2873/1070/201 2875/1071/201 2877/1072/201 2879/1073/201 2881/1074/201 2883/1075/201
f 2870/1049/202 2153/1092/202 2122/1041/202 2884/1042/202 2882/1043/202 2880/1044/202 2878/1045/202 2876/1046/202 2874/1047/202 2872/1048/202
f 2900/1033/202 2153/1092/202 2090/1025/202 2914/1026/202 2912/1027/202 2910/1028/202 2908/1029/202 2906/1030/202 2904/1031/202 2902/1032/202
f 2899/1084/201 2154/1093/201 2121/1076/201 2885/1077/201 2887/1078/201 2889/1079/201 2891/1080/201 2893/1081/201 2895/1082/201 2897/1083/201
f 2869/1068/201 2154/1093/201 2089/1060/201 2855/1061/201 2857/1062/201 2859/1063/201 2861/1064/201 2863/1065/201 2865/1066/201 2867/1067/201
f 2155/964/217 2156/965/217 2916/966/217 2915/967/217
f 2915/967/216 2916/966/216 2918/968/216 2917/969/216
f 2917/969/203 2918/968/203 2920/970/203 2919/971/203
f 2919/971/234 2920/970/234 2922/972/234 2921/973/234
f 2921/973/214 2922/972/214 2924/974/214 2923/975/214
f 2923/975/212 2924/974/212 2926/976/212 2925/977/212
f 2925/977/232 2926/976/232 2928/978/232 2927/979/232
f 2927/979/210 2928/978/210 2930/980/210 2929/981/210
f 2929/981/231 2930/980/231 2932/982/231 2931/983/231
f 2931/983/219 2932/982/219 2934/984/219 2933/985/219
f 2933/985/220 2934/984/220 2936/986/220 2935/987/220
f 2935/987/254 2936/986/254 2938/682/254 2937/988/254
f 2937/988/223 2938/682/223 2940/989/223 2939/990/223
f 2939/990/225 2940/989/225 2942/991/225 2941/992/225
f 2941/992/226 2942/991/226 2944/993/226 2943/994/226
f 2943/994/326 2944/993/326 2188/995/326 2187/996/326
f 2187/996/325 2188/995/325 2946/997/325 2945/998/325
f 2945/998/249 2946/997/249 2948/999/249 2947/1000/249
f 2947/1000/253 2948/999/253 2950/1001/253 2949/1002/253
f 2949/1002/247 2950/1001/247 2952/729/247 2951/1003/247
f 2951/1003/246 2952/729/246 2954/1004/246 2953/1005/246
f 2953/1005/245 2954/1004/245 2956/1006/245 2955/1007/245
f 2955/1007/244 2956/1006/244 2958/1008/244 2957/1009/244
f 2957/1009/243 2958/1008/243 2960/1010/243 2959/1011/243
f 2959/1011/242 2960/1010/242 2962/1012/242 2961/1013/242
f 2961/1013/241 2962/1012/241 2964/1014/241 2963/1015/241
f 2963/1015/324 2964/1014/324 2966/1016/324 2965/1017/324
f 2965/1017/323 2966/1016/323 2968/1018/323 2967/1019/323
f 2967/1019/251 2968/1018/251 2970/1020/251 2969/1021/251
f 2969/1021/237 2970/1020/237 2972/1022/237 2971/1023/237
f 2916/1024/202 2156/1025/202 2219/1092/202 2930/1049/202 2928/1050/202 2926/1051/202 2924/1052/202 2922/1053/202 2920/1054/202 2918/1055/202
f 2971/1023/236 2972/1022/236 2974/1056/236 2973/1057/236
f 2973/1057/235 2974/1056/235 2156/1058/235 2155/1059/235
f 2155/1060/201 2220/1093/201 2959/1084/201 2961/1085/201 2963/1086/201 2965/1087/201 2967/1088/201 2969/1089/201 2971/1090/201 2973/1091/201
f 2188/1041/202 2219/1092/202 2960/1033/202 2958/1034/202 2956/1035/202 2954/1036/202 2952/1037/202 2950/1038/202 2948/1039/202 2946/1040/202
f 2187/1076/201 2220/1093/201 2929/1068/201 2931/1069/201 2933/1070/201 2935/1071/201 2937/1072/201 2939/1073/201 2941/1074/201 2943/1075/201
f 2930/1049/202 2219/1092/202 2188/1041/202 2944/1042/202 2942/1043/202 2940/1044/202 2938/1045/202 2936/1046/202 2934/1047/202 2932/1048/202
f 2960/1033/202 2219/1092/202 2156/1025/202 2974/1026/202 2972/1027/202 2970/1028/202 2968/1029/202 2966/1030/202 2964/1031/202 2962/1032/202
f 2959/1084/201 2220/1093/201 2187/1076/201 2945/1077/201 2947/1078/201 2949/1079/201 2951/1080/201 2953/1081/201 2955/1082/201 2957/1083/201
f 2929/1068/201 2220/1093/201 2155/1060/201 2915/1061/201 2917/1062/201 2919/1063/201 2921/1064/201 2923/1065/201 2925/1066/201 2927/1067/201
f 2975/729/370 2976/682/370 2978/973/370 2977/1094/370
f 2981/822/371 2982/822/371 2980/1096/371 2979/1095/371
f 2985/726/372 2986/681/372 2976/682/372 2975/729/372
f 2983/1011/202 2981/1003/202 2979/1095/202 2985/749/202
f 2986/1097/202 2980/1096/202 2982/988/202 2984/1097/202
f 2984/822/373 2983/822/373 2977/822/373 2978/822/373
f 2982/822/374 2981/822/374 2983/822/374 2984/822/374
f 2976/703/202 2986/1097/202 2984/1097/202 2978/1098/202
f 2977/1019/202 2983/1011/202 2985/749/202 2975/781/202
f 2979/1095/375 2980/1096/375 2986/681/375 2985/726/375
f 2227/1003/376 2228/988/376 2230/822/376 2229/1011/376
f 2233/964/377 2987/967/377 2988/966/377 2234/965/377
f 2987/967/355 2989/969/355 2990/968/355 2988/966/355
f 2989/969/354 2991/971/354 2992/970/354 2990/968/354
f 2991/971/353 2993/973/353 2994/972/353 2992/970/353
f 2993/973/352 2995/975/352 2996/974/352 2994/972/352
f 2995/975/351 2997/977/351 2998/976/351 2996/974/351
f 2997/977/244 2999/979/244 3000/978/244 2998/976/244
f 2999/979/243 3001/981/243 3002/980/243 3000/978/243
f 3001/981/350 3003/983/350 3004/982/350 3002/980/350
f 3003/983/241 3005/985/241 3006/984/241 3004/982/241
f 3005/985/349 3007/987/349 3008/986/349 3006/984/349
f 3007/987/348 3009/988/348 3010/682/348 3008/986/348
f 3009/988/347 3011/990/347 3012/989/347 3010/682/347
f 3011/990/346 3013/992/346 3014/991/346 3012/989/346
f 3013/992/345 3015/994/345 3016/993/345 3014/991/345
f 3015/994/344 2265/996/344 2266/995/344 3016/993/344
f 2265/996/343 3017/998/343 3018/997/343 2266/995/343
f 3017/998/342 3019/1000/342 3020/999/342 3018/997/342
f 3019/1000/341 3021/1002/341 3022/1001/341 3020/999/341
f 3021/1002/215 3023/1003/215 3024/729/215 3022/1001/215
f 3023/1003/340 3025/1005/340 3026/1004/340 3024/729/340
f 3025/1005/339 3027/1007/339 3028/1006/339 3026/1004/339
f 3027/1007/232 3029/1009/232 3030/1008/232 3028/1006/232
f 3029/1009/210 3031/1011/210 3032/1010/210 3030/1008/210
f 3031/1011/231 3033/1013/231 3034/1012/231 3032/1010/231
f 3033/1013/219 3035/1015/219 3036/1014/219 3034/1012/219
f 3035/1015/337 3037/1017/337 3038/1016/337 3036/1014/337
f 3037/1017/336 3039/1019/336 3040/1018/336 3038/1016/336
f 3039/1019/230 3041/1021/230 3042/1020/230 3040/1018/230
f 3041/1021/335 3043/1023/335 3044/1022/335 3042/1020/335
f 2988/1024/201 2990/1055/201 2992/1054/201 2994/1053/201 2996/1052/201 2998/1051/201 3000/1050/201 3002/1049/201 2297/1099/201 2234/1025/201
f 3043/1023/334 3045/1057/334 3046/1056/334 3044/1022/334
f 3045/1057/333 2233/1059/333 2234/1058/333 3046/1056/333
f 2233/1060/202 3045/1091/202 3043/1090/202 3041/1089/202 3039/1088/202 3037/1087/202 3035/1086/202 3033/1085/202 3031/1084/202 2298/1100/202
f 2265/1076/202 3015/1075/202 3013/1074/202 3011/1073/202 3009/1072/202 3007/1071/202 3005/1070/202 3003/1069/202 3001/1068/202 2298/1100/202
f 2266/1041/201 3018/1040/201 3020/1039/201 3022/1038/201 3024/1037/201 3026/1036/201 3028/1035/201 3030/1034/201 3032/1033/201 2297/1099/201
f 3031/1084/202 3029/1083/202 3027/1082/202 3025/1081/202 3023/1080/202 3021/1079/202 3019/1078/202 3017/1077/202 2265/1076/202 2298/1100/202
f 3032/1033/201 3034/1032/201 3036/1031/201 3038/1030/201 3040/1029/201 3042/1028/201 3044/1027/201 3046/1026/201 2234/1025/201 2297/1099/201
f 3002/1049/201 3004/1048/201 3006/1047/201 3008/1046/201 3010/1045/201 3012/1044/201 3014/1043/201 3016/1042/201 2266/1041/201 2297/1099/201
f 3001/1068/202 2999/1067/202 2997/1066/202 2995/1065/202 2993/1064/202 2991/1063/202 2989/1062/202 2987/1061/202 2233/1060/202 2298/1100/202
f 3051/1101/204 3047/1094/204 3048/1098/204 3052/1102/204
f 2307/1103/357 3049/1003/357 3050/988/357 2308/1097/357
f 3058/1104/358 2303/1095/358 2304/1096/358 3056/1105/358
f 2320/1106/202 2309/749/202 2303/1095/202 3058/1104/202
f 2319/1107/201 2310/685/201 2300/686/201 3057/1108/201
f 3056/1105/201 2304/1096/201 2310/685/201 2319/1107/201
f 3055/1109/202 2299/781/202 2309/749/202 2320/1106/202
f 3047/1094/357 2307/1103/357 2308/1097/357 3048/1098/357
f 3047/1019/202 3051/1111/202 2316/1110/202 2307/1011/202
f 3050/988/201 3054/1113/201 2315/1112/201 2308/981/201
f 2308/981/201 2315/1112/201 3052/1114/201 3048/973/201
f 2307/1011/202 2316/1110/202 3053/1115/202 3049/1003/202
f 3049/1003/227 3053/1115/227 3054/1113/227 3050/988/227
f 3081/1116/210 3051/1101/210 3052/1102/210 3079/1117/210
f 2299/738/290 3055/1119/290 3057/1118/290 2300/703/290
f 3061/1120/202 3055/1109/202 2320/1106/202 2328/1121/202
f 3062/1122/201 3056/1105/201 2319/1107/201 2327/1123/201
f 2327/1123/201 2319/1107/201 3057/1108/201 3059/1124/201
f 2328/1121/202 2320/1106/202 3058/1104/202 3060/1125/202
f 3060/1125/236 3058/1104/236 3056/1105/236 3062/1122/236
f 3064/1126/361 3060/1125/361 3062/1122/361 3066/1127/361
f 2334/1128/202 2328/1121/202 3060/1125/202 3064/1126/202
f 2333/1129/201 2327/1123/201 3059/1124/201 3063/1130/201
f 3066/1127/201 3062/1122/201 2327/1123/201 2333/1129/201
f 3065/1131/202 3061/1120/202 2328/1121/202 2334/1128/202
f 3055/1119/216 3061/1133/216 3059/1132/216 3057/1118/216
f 3069/1134/202 3065/1131/202 2334/1128/202 2340/1135/202
f 3070/1136/201 3066/1127/201 2333/1129/201 2339/1137/201
f 2339/1137/201 2333/1129/201 3063/1130/201 3067/1138/201
f 2340/1135/202 2334/1128/202 3064/1126/202 3068/1139/202
f 3068/1139/362 3064/1126/362 3066/1127/362 3070/1136/362
f 3061/1133/359 3065/1141/359 3063/1140/359 3059/1132/359
f 3072/1142/323 3068/1139/323 3070/1136/323 3074/1143/323
f 2346/1144/202 2340/1135/202 3068/1139/202 3072/1142/202
f 2345/1145/201 2339/1137/201 3067/1138/201 3071/1146/201
f 3074/1143/201 3070/1136/201 2339/1137/201 2345/1145/201
f 3073/1147/202 3069/1134/202 2340/1135/202 2346/1144/202
f 3065/1141/360 3069/1149/360 3067/1148/360 3063/1140/360
f 3077/1150/202 3073/1147/202 2346/1144/202 2352/1151/202
f 3078/1152/201 3074/1143/201 2345/1145/201 2351/1153/201
f 2351/1153/201 2345/1145/201 3071/1146/201 3075/1154/201
f 2352/1151/202 2346/1144/202 3072/1142/202 3076/1155/202
f 3076/1155/324 3072/1142/324 3074/1143/324 3078/1152/324
f 3069/1149/214 3073/1157/214 3071/1156/214 3067/1148/214
f 3080/1158/241 3076/1155/241 3078/1152/241 3082/1159/241
f 2358/1160/202 2352/1151/202 3076/1155/202 3080/1158/202
f 2357/1161/201 2351/1153/201 3075/1154/201 3079/1162/201
f 3082/1159/201 3078/1152/201 2351/1153/201 2357/1161/201
f 3081/1163/202 3077/1150/202 2352/1151/202 2358/1160/202
f 3073/1157/212 3077/1165/212 3075/1164/212 3071/1156/212
f 3051/1111/202 3081/1163/202 2358/1160/202 2316/1110/202
f 3054/1113/201 3082/1159/201 2357/1161/201 2315/1112/201
f 2315/1112/201 2357/1161/201 3079/1162/201 3052/1114/201
f 2316/1110/202 2358/1160/202 3080/1158/202 3053/1115/202
f 3053/1115/242 3080/1158/242 3082/1159/242 3054/1113/242
f 3077/1165/232 3081/1116/232 3079/1117/232 3075/1164/232
l 1681 1682
l 3083 1673
l 1663 3083
o Object_4
v 0.152802 0.644859 0.896823
v 0.152802 0.456817 0.896823
v 0.168529 0.644859 0.881914
v 0.170593 0.644859 0.838199
v 0.095868 0.456817 0.773786
v 0.039012 0.608039 0.733331
v -0.009622 0.600124 0.559090
v 0.032511 0.456817 0.649609
v 0.039012 0.456817 0.733331
v 0.170593 0.456817 0.838199
v 0.168529 0.456817 0.881914
v -0.033092 0.600124 0.571359
v 0.089774 0.644859 0.880449
v 0.130235 0.644859 0.901933
v 0.130235 0.456817 0.901933
v 0.089774 0.456817 0.880449
v -0.012413 0.456817 0.797106
v -0.010020 0.456817 0.794133
v -0.027754 0.456817 0.681115
v 0.031931 0.456817 0.642139
v -0.028882 0.600124 0.673930
v -0.028882 0.456817 0.673930
v 0.152802 0.485375 0.896823
v 0.130235 0.485375 0.901933
v 0.089774 0.485375 0.880449
v -0.012413 0.485375 0.797106
v -0.010020 0.485375 0.794133
v -0.027754 0.485375 0.681115
v 0.032511 0.485375 0.649609
v 0.039012 0.485375 0.733331
v 0.035917 0.456817 0.836523
v 0.170593 0.485375 0.838199
v 0.168529 0.485375 0.881914
v 0.031931 0.485375 0.642139
v -0.028882 0.485375 0.673930
v 0.152802 0.522179 0.896823
v -0.028252 0.522179 0.566608
v 0.130235 0.522179 0.901933
v 0.089774 0.522179 0.880449
v -0.010020 0.522179 0.794133
v -0.027754 0.522179 0.681115
v -0.036679 0.522179 0.624248
v -0.033092 0.522179 0.571359
v -0.009622 0.522179 0.559090
v 0.027919 0.522179 0.590478
v 0.032511 0.522179 0.649609
v 0.039012 0.522179 0.733331
v 0.035917 0.608039 0.836523
v 0.170593 0.522179 0.838199
v 0.168529 0.522179 0.881914
v 0.031931 0.522179 0.642139
v -0.028882 0.522179 0.673930
v -0.016287 0.522179 0.560353
v -0.028882 0.529335 0.673930
v 0.031931 0.529335 0.642139
v 0.168529 0.529335 0.881914
v 0.170593 0.529335 0.838199
v 0.090545 0.608039 0.769541
v 0.039012 0.529335 0.733331
v 0.032511 0.529335 0.649609
v 0.027919 0.529335 0.590478
v -0.009622 0.529335 0.559090
v -0.033092 0.529335 0.571359
v -0.036679 0.529335 0.624248
v -0.027754 0.529335 0.681115
v -0.010020 0.529335 0.794133
v -0.012413 0.529335 0.797106
v 0.089774 0.529335 0.880449
v 0.130235 0.529335 0.901933
v -0.028252 0.529335 0.566608
v 0.152802 0.529335 0.896823
v -0.016287 0.529335 0.560353
v 0.152802 0.545795 0.896823
v -0.028252 0.545795 0.566608
v 0.130235 0.545795 0.901933
v 0.089774 0.545795 0.880449
v -0.010020 0.545795 0.794133
v -0.027754 0.545795 0.681115
v -0.036679 0.545795 0.624248
v -0.033092 0.545795 0.571359
v -0.009622 0.545795 0.559090
v 0.027919 0.545795 0.590478
v 0.032511 0.545795 0.649609
v 0.039012 0.545795 0.733331
v 0.090545 0.456817 0.769541
v 0.170593 0.545795 0.838199
v 0.168529 0.545795 0.881914
v 0.031931 0.545795 0.642139
v -0.028882 0.545795 0.673930
v -0.016287 0.545795 0.560353
v 0.152802 0.586122 0.896823
v -0.028252 0.586122 0.566608
v 0.130235 0.586122 0.901933
v 0.089774 0.586122 0.880449
v -0.010020 0.586122 0.794133
v -0.027754 0.586122 0.681115
v -0.036679 0.586122 0.624248
v -0.033092 0.586122 0.571359
v -0.009622 0.586122 0.559090
v 0.027919 0.586122 0.590478
v 0.032511 0.586122 0.649609
v 0.039012 0.586122 0.733331
v 0.041191 0.644859 0.840825
v 0.170593 0.586122 0.838199
v 0.168529 0.586122 0.881914
v 0.031931 0.586122 0.642139
v -0.028882 0.586122 0.673930
v -0.016287 0.586122 0.560353
v 0.152802 0.608039 0.896823
v -0.028252 0.600124 0.566608
v 0.130235 0.608039 0.901933
v 0.089774 0.608039 0.880449
v -0.012413 0.608039 0.797106
v -0.010020 0.608039 0.794133
v -0.036679 0.600124 0.624248
v 0.027919 0.600124 0.590478
v 0.041191 0.456817 0.840825
v 0.170593 0.608039 0.838199
v 0.168529 0.608039 0.881914
v -0.016287 0.600124 0.560353
v 0.152802 0.600124 0.896823
v 0.130235 0.600124 0.901933
v 0.089774 0.600124 0.880449
v -0.012413 0.600124 0.797106
v -0.010020 0.600124 0.794133
v -0.027754 0.600124 0.681115
v 0.032511 0.600124 0.649609
v 0.039012 0.600124 0.733331
v 0.095868 0.644859 0.773786
v 0.170593 0.600124 0.838199
v 0.168529 0.600124 0.881914
v 0.031931 0.600124 0.642139
v 0.014497 0.456817 0.763733
v 0.002336 0.456817 0.665384
v 0.001433 0.456817 0.658082
v -0.022579 0.522179 0.562889
v -0.022579 0.529335 0.562889
v -0.022579 0.545795 0.562889
v -0.022579 0.586122 0.562889
v -0.022579 0.600124 0.562889
v 0.165466 0.456817 0.830396
v 0.081941 0.644859 0.874061
v 0.165466 0.644859 0.830396
v 0.081941 0.456817 0.874061
v 0.081941 0.485375 0.874061
v 0.165466 0.485375 0.830396
v 0.165466 0.522179 0.830396
v 0.081941 0.522179 0.874061
v 0.165466 0.529335 0.830396
v 0.081941 0.529335 0.874061
v 0.165466 0.545795 0.830396
v 0.081941 0.545795 0.874061
v 0.081941 0.586122 0.874061
v 0.165466 0.586122 0.830396
v 0.165466 0.608039 0.830396
v 0.081941 0.608039 0.874061
v 0.165466 0.600124 0.830396
v 0.081941 0.600124 0.874061
v 0.159372 0.644859 0.824422
v 0.075098 0.456817 0.868479
v 0.075098 0.485375 0.868479
v 0.075098 0.545795 0.868479
v 0.075098 0.608039 0.868479
v 0.075098 0.600124 0.868479
v 0.159372 0.456817 0.824422
v 0.075098 0.644859 0.868479
v 0.159372 0.485375 0.824422
v 0.159372 0.522179 0.824422
v 0.159372 0.529335 0.824422
v 0.159372 0.545795 0.824422
v 0.159372 0.586122 0.824422
v 0.159372 0.608039 0.824422
v 0.159372 0.600124 0.824422
v 0.173635 0.644859 0.845367
v 0.173635 0.456817 0.845367
v 0.096318 0.644859 0.885787
v 0.096318 0.456817 0.885787
v 0.173635 0.485375 0.845367
v 0.096318 0.485375 0.885787
v 0.096318 0.522179 0.885787
v 0.173635 0.522179 0.845367
v 0.096318 0.529335 0.885787
v 0.173635 0.529335 0.845367
v 0.096318 0.545795 0.885787
v 0.173635 0.545795 0.845367
v 0.173635 0.586122 0.845367
v 0.096318 0.586122 0.885787
v 0.096318 0.608039 0.885787
v 0.173635 0.608039 0.845367
v 0.096318 0.600124 0.885787
v 0.173635 0.600124 0.845367
v 0.175393 0.456817 0.855372
v 0.104480 0.644859 0.892443
v 0.175393 0.485375 0.855372
v 0.175393 0.522179 0.855372
v 0.175393 0.529335 0.855372
v 0.175393 0.545795 0.855372
v 0.175393 0.586122 0.855372
v 0.175393 0.608039 0.855372
v 0.175393 0.600124 0.855372
v 0.175393 0.644859 0.855372
v 0.104480 0.456817 0.892443
v 0.104480 0.485375 0.892443
v 0.104480 0.522179 0.892443
v 0.104480 0.529335 0.892443
v 0.104480 0.545795 0.892443
v 0.104480 0.586122 0.892443
v 0.104480 0.608039 0.892443
v 0.104480 0.600124 0.892443
v 0.175445 0.456817 0.861456
v 0.109666 0.644859 0.895844
v 0.175445 0.485375 0.861456
v 0.175445 0.522179 0.861456
v 0.175445 0.529335 0.861456
v 0.175445 0.545795 0.861456
v 0.175445 0.586122 0.861456
v 0.175445 0.608039 0.861456
v 0.175445 0.600124 0.861456
v 0.175445 0.644859 0.861456
v 0.109666 0.456817 0.895844
v 0.109666 0.485375 0.895844
v 0.109666 0.522179 0.895844
v 0.109666 0.529335 0.895844
v 0.109666 0.545795 0.895844
v 0.109666 0.586122 0.895844
v 0.109666 0.608039 0.895844
v 0.109666 0.600124 0.895844
v 0.174641 0.456817 0.866597
v 0.114221 0.644859 0.898183
v 0.174641 0.485375 0.866597
v 0.174641 0.522179 0.866597
v 0.174641 0.529335 0.866597
v 0.174641 0.545795 0.866597
v 0.174641 0.586122 0.866597
v 0.174641 0.608039 0.866597
v 0.174641 0.600124 0.866597
v 0.174641 0.644859 0.866597
v 0.114221 0.456817 0.898183
v 0.114221 0.485375 0.898183
v 0.114221 0.522179 0.898183
v 0.114221 0.529335 0.898183
v 0.114221 0.545795 0.898183
v 0.114221 0.586122 0.898183
v 0.114221 0.608039 0.898183
v 0.114221 0.600124 0.898183
v 0.172663 0.456817 0.873692
v 0.121111 0.644859 0.900642
v 0.172663 0.485375 0.873692
v 0.172663 0.522179 0.873692
v 0.172663 0.529335 0.873692
v 0.172663 0.545795 0.873692
v 0.172663 0.586122 0.873692
v 0.172663 0.608039 0.873692
v 0.172663 0.600124 0.873692
v 0.172663 0.644859 0.873692
v 0.121111 0.456817 0.900642
v 0.121111 0.485375 0.900642
v 0.121111 0.522179 0.900642
v 0.121111 0.529335 0.900642
v 0.121111 0.545795 0.900642
v 0.121111 0.586122 0.900642
v 0.121111 0.608039 0.900642
v 0.121111 0.600124 0.900642
v 0.164418 0.456817 0.887406
v 0.136841 0.644859 0.901823
v 0.164418 0.644859 0.887406
v 0.136841 0.456817 0.901823
v 0.136841 0.485375 0.901823
v 0.164418 0.485375 0.887406
v 0.164418 0.522179 0.887406
v 0.136841 0.522179 0.901823
v 0.164418 0.529335 0.887406
v 0.136841 0.529335 0.901823
v 0.164418 0.545795 0.887406
v 0.136841 0.545795 0.901823
v 0.136841 0.586122 0.901823
v 0.164418 0.586122 0.887406
v 0.164418 0.608039 0.887406
v 0.136841 0.608039 0.901823
v 0.164418 0.600124 0.887406
v 0.136841 0.600124 0.901823
v 0.161037 0.456817 0.890846
v 0.142152 0.644859 0.900719
v 0.161037 0.485375 0.890846
v 0.161037 0.522179 0.890846
v 0.161037 0.529335 0.890846
v 0.161037 0.545795 0.890846
v 0.161037 0.586122 0.890846
v 0.161037 0.608039 0.890846
v 0.161037 0.600124 0.890846
v 0.161037 0.644859 0.890846
v 0.142152 0.456817 0.900719
v 0.142152 0.485375 0.900719
v 0.142152 0.522179 0.900719
v 0.142152 0.529335 0.900719
v 0.142152 0.545795 0.900719
v 0.142152 0.586122 0.900719
v 0.142152 0.608039 0.900719
v 0.142152 0.600124 0.900719
v 0.041408 0.608039 0.730360
v 0.041408 0.456817 0.730360
v 0.041408 0.485375 0.730360
v 0.041408 0.522179 0.730360
v 0.041408 0.529335 0.730360
v 0.041408 0.545795 0.730360
v 0.041408 0.586122 0.730360
v 0.041408 0.600124 0.730360
v 0.024119 0.600124 0.577524
v -0.038845 0.522179 0.610441
v 0.024119 0.522179 0.577524
v -0.038845 0.529335 0.610441
v 0.024119 0.529335 0.577524
v -0.038845 0.545795 0.610441
v 0.024119 0.545795 0.577524
v 0.024119 0.586122 0.577524
v -0.038845 0.586122 0.610441
v -0.038845 0.600124 0.610441
v -0.037749 0.600124 0.617427
v 0.001524 0.485375 0.658034
v 0.026657 0.522179 0.583815
v 0.026657 0.529335 0.583815
v 0.026657 0.545795 0.583815
v 0.026657 0.586122 0.583815
v 0.001524 0.522179 0.658034
v -0.037749 0.522179 0.617427
v -0.037749 0.529335 0.617427
v -0.037749 0.545795 0.617427
v -0.037749 0.586122 0.617427
v 0.020454 0.600124 0.571928
v -0.004380 0.522179 0.607363
v -0.039935 0.522179 0.603498
v -0.039935 0.529335 0.603498
v -0.039935 0.545795 0.603498
v -0.039935 0.586122 0.603498
v -0.039935 0.600124 0.603498
v -0.005546 0.522179 0.600621
v 0.020454 0.522179 0.571928
v 0.020454 0.529335 0.571928
v 0.020454 0.545795 0.571928
v 0.020454 0.586122 0.571928
v -0.007363 0.522179 0.593983
v -0.041011 0.522179 0.596496
v -0.041011 0.529335 0.596496
v -0.041011 0.545795 0.596496
v -0.041011 0.586122 0.596496
v -0.041011 0.600124 0.596496
v -0.009741 0.522179 0.587713
v 0.015538 0.522179 0.566934
v 0.015538 0.529335 0.566934
v 0.015538 0.545795 0.566934
v 0.015538 0.586122 0.566934
v 0.015538 0.600124 0.566934
v 0.009915 0.600124 0.563135
v -0.012737 0.522179 0.581715
v -0.040922 0.522179 0.589711
v -0.040922 0.529335 0.589711
v -0.040922 0.545795 0.589711
v -0.040922 0.586122 0.589711
v -0.040922 0.600124 0.589711
v -0.015503 0.522179 0.576423
v 0.009915 0.522179 0.563135
v 0.009915 0.529335 0.563135
v 0.009915 0.545795 0.563135
v 0.009915 0.586122 0.563135
v 0.003672 0.600124 0.560481
v -0.017933 0.522179 0.571775
v -0.039537 0.522179 0.583069
v -0.039537 0.529335 0.583069
v -0.039537 0.545795 0.583069
v -0.039537 0.586122 0.583069
v -0.039537 0.600124 0.583069
v 0.003672 0.522179 0.560481
v 0.003672 0.529335 0.560481
v 0.003672 0.545795 0.560481
v 0.003672 0.586122 0.560481
v -0.002805 0.600124 0.559159
v -0.021357 0.522179 0.565225
v -0.036926 0.522179 0.576997
v -0.036926 0.529335 0.576997
v -0.036926 0.545795 0.576997
v -0.036926 0.586122 0.576997
v -0.036926 0.600124 0.576997
v -0.002805 0.522179 0.559159
v -0.002805 0.529335 0.559159
v -0.002805 0.545795 0.559159
v -0.002805 0.586122 0.559159
v 0.037837 0.600124 0.718202
v 0.037837 0.456817 0.718202
v 0.037837 0.485375 0.718202
v 0.037837 0.522179 0.718202
v -0.012372 0.485375 0.779143
v 0.037837 0.529335 0.718202
v 0.037837 0.545795 0.718202
v 0.037837 0.586122 0.718202
v -0.012372 0.456817 0.779143
v -0.012372 0.522179 0.779143
v -0.012372 0.529335 0.779143
v -0.012372 0.545795 0.779143
v -0.012372 0.586122 0.779143
v 0.012635 0.456817 0.748674
v -0.012372 0.600124 0.779143
v 0.026657 0.600124 0.583815
v -0.025738 0.600242 0.691408
v -0.023144 0.600238 0.696951
v -0.019517 0.600230 0.701882
v -0.014999 0.600218 0.706011
v -0.009762 0.600203 0.709179
v -0.004008 0.600184 0.711264
v 0.002043 0.600163 0.712186
v 0.008158 0.600141 0.711911
v 0.014100 0.600118 0.710447
v 0.019644 0.600095 0.707853
v 0.024575 0.600074 0.704227
v 0.028703 0.600054 0.699708
v 0.031871 0.600037 0.694471
v 0.033956 0.600023 0.688717
v 0.034878 0.600014 0.682666
v 0.034603 0.600008 0.676551
v -0.025738 0.604080 0.691408
v -0.023144 0.604076 0.696951
v -0.019517 0.604068 0.701882
v -0.014999 0.604056 0.706011
v -0.009762 0.604041 0.709179
v -0.004008 0.604022 0.711264
v 0.002043 0.604001 0.712186
v 0.008158 0.603979 0.711911
v 0.014100 0.603956 0.710447
v 0.019644 0.603933 0.707853
v 0.024575 0.603912 0.704227
v 0.028703 0.603892 0.699708
v 0.031871 0.603875 0.694471
v 0.033956 0.603861 0.688717
v 0.034878 0.603852 0.682666
v -0.037982 0.600124 0.615944
v -0.036823 0.603962 0.622510
v -0.034338 0.603940 0.628669
v -0.030699 0.603940 0.634225
v -0.026046 0.603940 0.638964
v -0.020557 0.603940 0.642704
v -0.014445 0.603940 0.645302
v -0.007943 0.603940 0.646657
v -0.001302 0.603940 0.646718
v 0.005224 0.603940 0.645482
v 0.011382 0.603940 0.642997
v 0.016938 0.603940 0.639358
v 0.021677 0.603940 0.634705
v 0.025418 0.603940 0.629217
v 0.028015 0.603940 0.623104
v 0.029371 0.603940 0.616603
v 0.029432 0.600124 0.609961
v -0.037982 0.607556 0.615944
v -0.030699 0.607556 0.634225
v -0.020557 0.607556 0.642704
v -0.001302 0.607556 0.646718
v 0.005224 0.607556 0.645482
v 0.011382 0.607556 0.642997
v 0.021677 0.607556 0.634705
v 0.025418 0.607556 0.629217
v 0.028015 0.607556 0.623104
v 0.029432 0.607556 0.609961
v 0.034603 0.603846 0.676551
v 0.029432 0.603962 0.609961
v -0.026862 0.600124 0.686804
v -0.026862 0.603962 0.686804
v -0.037982 0.603962 0.615944
v -0.009622 0.607556 0.559090
v -0.033092 0.607556 0.571359
v 0.027919 0.607556 0.590478
v -0.022579 0.607556 0.562889
v 0.024119 0.607556 0.577524
v 0.003672 0.607556 0.560481
v -0.039537 0.607556 0.583069
v -0.002805 0.607556 0.559159
v -0.036926 0.607556 0.576997
v 0.026657 0.607556 0.583815
v -0.036823 0.607556 0.622510
v -0.034338 0.607556 0.628669
v -0.026046 0.607556 0.638964
v -0.014445 0.607556 0.645302
v -0.007943 0.607556 0.646657
v 0.016938 0.607556 0.639358
v 0.029371 0.607556 0.616603
v -0.028252 0.607556 0.566608
v -0.016287 0.607556 0.560353
v -0.038845 0.607556 0.610441
v 0.020454 0.607556 0.571928
v -0.039935 0.607556 0.603498
v -0.041011 0.607556 0.596496
v 0.015538 0.607556 0.566934
v 0.009915 0.607556 0.563135
v -0.040922 0.607556 0.589711
v 0.028680 0.607556 0.600280
v 0.028680 0.600124 0.600280
v 0.001961 0.607556 0.646100
v 0.008303 0.607556 0.644240
v 0.023548 0.607556 0.631961
v 0.026716 0.607556 0.626160
v -0.006213 0.607556 0.559124
v 0.000434 0.607556 0.559820
v -0.035009 0.607556 0.574178
v 0.027288 0.607556 0.587147
v 0.025388 0.607556 0.580670
v -0.038231 0.607556 0.580033
v -0.035580 0.607556 0.625589
v -0.011194 0.607556 0.645979
v -0.040966 0.607556 0.593104
v 0.012726 0.607556 0.565034
v -0.039390 0.607556 0.606970
v -0.040473 0.607556 0.599997
v 0.017995 0.607556 0.569431
v -0.032518 0.607556 0.631447
v -0.028372 0.607556 0.636594
v -0.023302 0.607556 0.640834
v -0.017501 0.607556 0.644003
v -0.004623 0.607556 0.646688
v 0.014160 0.607556 0.641177
v 0.019308 0.607556 0.637032
v 0.028693 0.607556 0.619854
v 0.029401 0.607556 0.613282
v -0.037402 0.607556 0.619227
v -0.025415 0.607556 0.564748
v 0.022286 0.607556 0.574727
v 0.006794 0.607556 0.561808
v -0.012954 0.607556 0.559721
v -0.030672 0.607556 0.568984
v -0.019433 0.607556 0.561621
v -0.038413 0.607556 0.613193
v -0.040229 0.607556 0.586391
v -0.027755 0.603962 0.681114
v -0.028882 0.603962 0.673929
v -0.000570 0.600124 0.659825
v -0.000570 0.610207 0.659825
v 0.000436 0.600124 0.659418
v 0.000436 0.610207 0.659418
v 0.001503 0.600124 0.659217
v 0.001503 0.610207 0.659217
v 0.002588 0.600124 0.659226
v 0.002588 0.610207 0.659226
v 0.003650 0.600124 0.659448
v 0.003650 0.610207 0.659448
v 0.004649 0.600124 0.659873
v 0.004649 0.610207 0.659873
v 0.005546 0.600124 0.660483
v 0.005546 0.610207 0.660483
v 0.006306 0.600124 0.661258
v 0.006306 0.610207 0.661258
v 0.006901 0.600124 0.662166
v 0.006901 0.610207 0.662166
v 0.007307 0.600124 0.663172
v 0.007307 0.610207 0.663172
v 0.007509 0.600124 0.664238
v 0.007509 0.610207 0.664238
v 0.007499 0.600124 0.665324
v 0.007499 0.610207 0.665324
v 0.007277 0.600124 0.666387
v 0.007277 0.610207 0.666387
v 0.006853 0.600124 0.667385
v 0.006853 0.610207 0.667385
v 0.006242 0.600124 0.668282
v 0.006242 0.610207 0.668282
v 0.005467 0.600124 0.669042
v 0.005467 0.610207 0.669042
v 0.004559 0.600124 0.669637
v 0.004559 0.610207 0.669637
v 0.003553 0.600124 0.670043
v 0.003553 0.610207 0.670043
v 0.002487 0.600124 0.670245
v 0.002487 0.610207 0.670245
v 0.001401 0.600124 0.670235
v 0.001401 0.610207 0.670235
v 0.000339 0.600124 0.670014
v 0.000339 0.610207 0.670014
v -0.000660 0.600124 0.669589
v -0.000660 0.610207 0.669589
v -0.001557 0.600124 0.668978
v -0.001557 0.610207 0.668978
v -0.002317 0.600124 0.668203
v -0.002317 0.610207 0.668203
v -0.002912 0.600124 0.667296
v -0.002912 0.610207 0.667296
v -0.003318 0.600124 0.666289
v -0.003318 0.610207 0.666289
v -0.003520 0.600124 0.665223
v -0.003520 0.610207 0.665223
v -0.003510 0.600124 0.664138
v -0.003510 0.610207 0.664138
v -0.003288 0.600124 0.663075
v -0.003288 0.610207 0.663075
v -0.002864 0.600124 0.662076
v -0.002864 0.610207 0.662076
v -0.002252 0.600124 0.661180
v -0.002252 0.610207 0.661180
v -0.001478 0.600124 0.660419
v -0.001478 0.610207 0.660419
v 0.001995 0.610207 0.664731
v 0.001995 0.600124 0.664731
v -0.017472 0.614485 0.574647
v -0.017472 0.618741 0.574647
v -0.013505 0.614485 0.573046
v -0.013505 0.618741 0.573046
v -0.009302 0.614485 0.572250
v -0.009302 0.618741 0.572250
v -0.005025 0.614485 0.572289
v -0.005025 0.618741 0.572289
v -0.000837 0.614485 0.573163
v -0.000837 0.618741 0.573163
v 0.003099 0.614485 0.574836
v 0.003099 0.618741 0.574836
v 0.006633 0.614485 0.577244
v 0.006633 0.618741 0.577244
v 0.009630 0.614485 0.580296
v 0.009630 0.618741 0.580296
v 0.011974 0.614485 0.583875
v 0.011974 0.618741 0.583875
v 0.013575 0.614485 0.587842
v 0.013575 0.618741 0.587842
v 0.014371 0.614485 0.592044
v 0.014371 0.618741 0.592044
v 0.014331 0.614485 0.596321
v 0.014331 0.618741 0.596321
v 0.013458 0.614485 0.600508
v 0.013458 0.618741 0.600508
v 0.011786 0.614485 0.604446
v 0.011786 0.618741 0.604446
v 0.009376 0.614485 0.607980
v 0.009376 0.618741 0.607980
v 0.006324 0.614485 0.610977
v 0.006324 0.618741 0.610977
v 0.002746 0.614485 0.613321
v 0.002746 0.618741 0.613321
v -0.001221 0.614485 0.614921
v -0.001221 0.618741 0.614921
v -0.005423 0.614485 0.615717
v -0.005423 0.618741 0.615717
v -0.009700 0.614485 0.615678
v -0.009700 0.618741 0.615678
v -0.013888 0.614485 0.614805
v -0.013888 0.618741 0.614805
v -0.017825 0.614485 0.613132
v -0.017825 0.618741 0.613132
v -0.021359 0.614485 0.610723
v -0.021359 0.618741 0.610723
v -0.024356 0.614485 0.607671
v -0.024356 0.618741 0.607671
v -0.026700 0.614485 0.604092
v -0.026700 0.618741 0.604092
v -0.028300 0.614485 0.600125
v -0.028300 0.618741 0.600125
v -0.029096 0.614485 0.595923
v -0.029096 0.618741 0.595923
v -0.029057 0.614485 0.591646
v -0.029057 0.618741 0.591646
v -0.028184 0.614485 0.587459
v -0.028184 0.618741 0.587459
v -0.026511 0.614485 0.583522
v -0.026511 0.618741 0.583522
v -0.024102 0.614485 0.579987
v -0.024102 0.618741 0.579987
v -0.021050 0.614485 0.576991
v -0.021050 0.618741 0.576991
v -0.020519 0.607556 0.568555
v -0.020519 0.614485 0.568555
v -0.015314 0.607556 0.566455
v -0.015314 0.614485 0.566455
v -0.009800 0.607556 0.565411
v -0.009800 0.614485 0.565411
v -0.004188 0.607556 0.565462
v -0.004188 0.614485 0.565462
v 0.001306 0.607556 0.566607
v 0.001306 0.614485 0.566607
v 0.006472 0.607556 0.568802
v 0.006472 0.614485 0.568802
v 0.011110 0.607556 0.571964
v 0.011110 0.614485 0.571964
v 0.015042 0.607556 0.575968
v 0.015042 0.614485 0.575968
v 0.018117 0.607556 0.580663
v 0.018117 0.614485 0.580663
v 0.020217 0.607556 0.585868
v 0.020217 0.614485 0.585868
v 0.021261 0.607556 0.591382
v 0.021261 0.614485 0.591382
v 0.021210 0.607556 0.596995
v 0.021210 0.614485 0.596995
v 0.020065 0.607556 0.602489
v 0.020065 0.614485 0.602489
v 0.017869 0.607556 0.607654
v 0.017869 0.614485 0.607654
v 0.014708 0.607556 0.612292
v 0.014708 0.614485 0.612292
v 0.010704 0.607556 0.616224
v 0.010704 0.614485 0.616224
v 0.006009 0.607556 0.619300
v 0.006009 0.614485 0.619300
v 0.000804 0.607556 0.621400
v 0.000804 0.614485 0.621400
v -0.004710 0.607556 0.622443
v -0.004710 0.614485 0.622443
v -0.010323 0.607556 0.622392
v -0.010323 0.614485 0.622392
v -0.015817 0.607556 0.621247
v -0.015817 0.614485 0.621247
v -0.020982 0.607556 0.619052
v -0.020982 0.614485 0.619052
v -0.025620 0.607556 0.615891
v -0.025620 0.614485 0.615891
v -0.029552 0.607556 0.611886
v -0.029552 0.614485 0.611886
v -0.032627 0.607556 0.607191
v -0.032627 0.614485 0.607191
v -0.034727 0.607556 0.601986
v -0.034727 0.614485 0.601986
v -0.035772 0.607556 0.596473
v -0.035772 0.614485 0.596473
v -0.035720 0.607556 0.590860
v -0.035720 0.614485 0.590860
v -0.034575 0.607556 0.585365
v -0.034575 0.614485 0.585365
v -0.032380 0.607556 0.580201
v -0.032380 0.614485 0.580201
v -0.029219 0.607556 0.575563
v -0.029219 0.614485 0.575563
v -0.025214 0.607556 0.571630
v -0.025214 0.614485 0.571630
v -0.020519 0.513235 0.568555
v -0.020519 0.522179 0.568555
v -0.015314 0.513235 0.566455
v -0.015314 0.522179 0.566455
v -0.009800 0.513235 0.565411
v -0.009800 0.522179 0.565411
v -0.004188 0.513235 0.565462
v -0.004188 0.522179 0.565462
v 0.001306 0.513235 0.566607
v 0.001306 0.522179 0.566607
v 0.006472 0.513235 0.568802
v 0.006472 0.522179 0.568802
v 0.011110 0.513235 0.571964
v 0.011110 0.522179 0.571964
v 0.015042 0.513235 0.575968
v 0.015042 0.522179 0.575968
v 0.018117 0.513235 0.580663
v 0.018117 0.522179 0.580663
v 0.020217 0.513235 0.585868
v 0.020217 0.522179 0.585868
v 0.021261 0.513235 0.591382
v 0.021261 0.522179 0.591382
v 0.021210 0.513235 0.596995
v 0.021210 0.522179 0.596995
v 0.020065 0.513235 0.602489
v 0.020065 0.522179 0.602489
v 0.017869 0.513235 0.607654
v 0.017869 0.522179 0.607654
v 0.014708 0.513235 0.612292
v 0.014708 0.522179 0.612292
v 0.010704 0.513235 0.616224
v 0.010704 0.522179 0.616224
v 0.006009 0.513235 0.619300
v 0.006009 0.522179 0.619300
v 0.000804 0.513235 0.621400
v 0.000804 0.522179 0.621400
v -0.004710 0.513235 0.622443
v -0.004710 0.522179 0.622443
v -0.010323 0.513235 0.622392
v -0.010323 0.522179 0.622392
v -0.015817 0.513235 0.621247
v -0.015817 0.522179 0.621247
v -0.020982 0.513235 0.619052
v -0.020982 0.522179 0.619052
v -0.025620 0.513235 0.615891
v -0.025620 0.522179 0.615891
v -0.029552 0.513235 0.611886
v -0.029552 0.522179 0.611886
v -0.032627 0.513235 0.607191
v -0.032627 0.522179 0.607191
v -0.034727 0.513235 0.601986
v -0.034727 0.522179 0.601986
v -0.035772 0.513235 0.596473
v -0.035772 0.522179 0.596473
v -0.035720 0.513235 0.590860
v -0.035720 0.522179 0.590860
v -0.034575 0.513235 0.585365
v -0.034575 0.522179 0.585365
v -0.032380 0.513235 0.580201
v -0.032380 0.522179 0.580201
v -0.029219 0.513235 0.575563
v -0.029219 0.522179 0.575563
v -0.025214 0.513235 0.571630
v -0.025214 0.522179 0.571630
v 0.066534 0.643989 0.811834
v 0.067451 0.643989 0.809565
v 0.072722 0.649035 0.826413
v 0.066534 0.654080 0.811834
v 0.067451 0.649035 0.809565
v 0.067451 0.654080 0.809565
v 0.068792 0.649035 0.807518
v 0.068792 0.654080 0.807518
v 0.086345 0.649035 0.805634
v 0.148736 0.658899 0.889001
v 0.148736 0.639859 0.889001
v 0.142448 0.658899 0.891680
v 0.142448 0.639859 0.891680
v 0.135759 0.658899 0.893079
v 0.135759 0.639859 0.893079
v 0.128924 0.658899 0.893147
v 0.128924 0.639859 0.893147
v 0.122207 0.658899 0.891880
v 0.122207 0.639859 0.891880
v 0.115868 0.658899 0.889328
v 0.115868 0.639859 0.889328
v 0.110147 0.658899 0.885587
v 0.110147 0.639859 0.885587
v 0.105267 0.658899 0.880803
v 0.105267 0.639859 0.880803
v 0.101413 0.658899 0.875157
v 0.101413 0.639859 0.875157
v 0.098735 0.658899 0.868869
v 0.098735 0.639859 0.868869
v 0.097335 0.658899 0.862179
v 0.097335 0.639859 0.862179
v 0.097268 0.658899 0.855345
v 0.097268 0.639859 0.855345
v 0.098535 0.658899 0.848629
v 0.098535 0.639859 0.848629
v 0.101087 0.658899 0.842288
v 0.101087 0.639859 0.842288
v 0.104828 0.658899 0.836568
v 0.104828 0.639859 0.836568
v 0.109613 0.658899 0.831688
v 0.109613 0.639859 0.831688
v 0.115257 0.658899 0.827834
v 0.115257 0.639859 0.827834
v 0.121546 0.658899 0.825156
v 0.121546 0.639859 0.825156
v 0.128236 0.658899 0.823757
v 0.128236 0.639859 0.823757
v 0.135070 0.658899 0.823688
v 0.135070 0.639859 0.823688
v 0.141787 0.658899 0.824956
v 0.141787 0.639859 0.824956
v 0.148127 0.658899 0.827508
v 0.148127 0.639859 0.827508
v 0.153847 0.658899 0.831249
v 0.153847 0.639859 0.831249
v 0.158727 0.658899 0.836034
v 0.158727 0.639859 0.836034
v 0.162580 0.658899 0.841677
v 0.162580 0.639859 0.841677
v 0.165259 0.658899 0.847967
v 0.165259 0.639859 0.847967
v 0.166659 0.658899 0.854656
v 0.166659 0.639859 0.854656
v 0.166726 0.658899 0.861491
v 0.166726 0.639859 0.861491
v 0.165460 0.658899 0.868207
v 0.165460 0.639859 0.868207
v 0.162906 0.658899 0.874546
v 0.162906 0.639859 0.874546
v 0.159166 0.658899 0.880268
v 0.159166 0.639859 0.880268
v 0.154382 0.658899 0.885148
v 0.154382 0.639859 0.885148
v 0.084491 0.659126 0.826310
v 0.084491 0.643989 0.826310
v 0.082238 0.659126 0.827266
v 0.082238 0.643989 0.827266
v 0.079843 0.659126 0.827764
v 0.079843 0.643989 0.827764
v 0.077395 0.659126 0.827786
v 0.077395 0.643989 0.827786
v 0.074991 0.659126 0.827329
v 0.074991 0.643989 0.827329
v 0.072722 0.659126 0.826413
v 0.072722 0.643989 0.826413
v 0.070676 0.659126 0.825071
v 0.070676 0.643989 0.825071
v 0.068930 0.659126 0.823356
v 0.068930 0.643989 0.823356
v 0.067553 0.659126 0.821334
v 0.067553 0.643989 0.821334
v 0.066597 0.659126 0.819081
v 0.066597 0.643989 0.819081
v 0.066098 0.659126 0.816684
v 0.066098 0.643989 0.816684
v 0.066077 0.659126 0.814238
v 0.066077 0.643989 0.814238
v 0.066534 0.659126 0.811834
v 0.067451 0.659126 0.809565
v 0.068792 0.659126 0.807518
v 0.068792 0.643989 0.807518
v 0.070507 0.659126 0.805773
v 0.070507 0.643989 0.805773
v 0.072530 0.659126 0.804396
v 0.072530 0.643989 0.804396
v 0.074783 0.659126 0.803440
v 0.074783 0.643989 0.803440
v 0.077178 0.659126 0.802941
v 0.077178 0.643989 0.802941
v 0.079625 0.659126 0.802918
v 0.079625 0.643989 0.802918
v 0.082029 0.659126 0.803376
v 0.082029 0.643989 0.803376
v 0.084298 0.659126 0.804292
v 0.084298 0.643989 0.804292
v 0.086345 0.659126 0.805634
v 0.086345 0.643989 0.805634
v 0.088090 0.659126 0.807349
v 0.088090 0.643989 0.807349
v 0.089468 0.659126 0.809372
v 0.089468 0.643989 0.809372
v 0.090424 0.659126 0.811624
v 0.090424 0.643989 0.811624
v 0.090922 0.659126 0.814021
v 0.090922 0.643989 0.814021
v 0.090944 0.659126 0.816467
v 0.090944 0.643989 0.816467
v 0.090487 0.659126 0.818872
v 0.090487 0.643989 0.818872
v 0.089571 0.659126 0.821141
v 0.089571 0.643989 0.821141
v 0.088229 0.659126 0.823187
v 0.088229 0.643989 0.823187
v 0.086514 0.659126 0.824932
v 0.086514 0.643989 0.824932
v 0.084491 0.654080 0.826310
v 0.084491 0.649035 0.826310
v 0.082238 0.649035 0.827266
v 0.082238 0.654080 0.827266
v 0.079843 0.649035 0.827764
v 0.079843 0.654080 0.827764
v 0.077395 0.649035 0.827786
v 0.077395 0.654080 0.827786
v 0.074991 0.649035 0.827329
v 0.074991 0.654080 0.827329
v 0.072722 0.654080 0.826413
v 0.070676 0.649035 0.825071
v 0.070676 0.654080 0.825071
v 0.068930 0.649035 0.823356
v 0.068930 0.654080 0.823356
v 0.067553 0.649035 0.821334
v 0.067553 0.654080 0.821334
v 0.066597 0.649035 0.819081
v 0.066597 0.654080 0.819081
v 0.066098 0.649035 0.816684
v 0.066098 0.654080 0.816684
v 0.066077 0.649035 0.814238
v 0.066077 0.654080 0.814238
v 0.066534 0.649035 0.811834
v 0.070507 0.649035 0.805773
v 0.070507 0.654080 0.805773
v 0.072530 0.649035 0.804396
v 0.072530 0.654080 0.804396
v 0.074783 0.649035 0.803440
v 0.074783 0.654080 0.803440
v 0.077178 0.649035 0.802941
v 0.077178 0.654080 0.802941
v 0.079625 0.649035 0.802918
v 0.079625 0.654080 0.802918
v 0.082029 0.649035 0.803376
v 0.082029 0.654080 0.803376
v 0.084298 0.649035 0.804292
v 0.084298 0.654080 0.804292
v 0.086345 0.654080 0.805634
v 0.088090 0.649035 0.807349
v 0.088090 0.654080 0.807349
v 0.089468 0.649035 0.809372
v 0.089468 0.654080 0.809372
v 0.090424 0.649035 0.811624
v 0.090424 0.654080 0.811624
v 0.090922 0.649035 0.814021
v 0.090922 0.654080 0.814021
v 0.090944 0.649035 0.816467
v 0.090944 0.654080 0.816467
v 0.090487 0.649035 0.818872
v 0.090487 0.654080 0.818872
v 0.089571 0.649035 0.821141
v 0.089571 0.654080 0.821141
v 0.088229 0.649035 0.823187
v 0.088229 0.654080 0.823187
v 0.086514 0.649035 0.824932
v 0.086514 0.654080 0.824932
v 0.148736 0.648645 0.889001
v 0.142448 0.648645 0.891680
v 0.135759 0.648645 0.893079
v 0.128924 0.648645 0.893147
v 0.122207 0.648645 0.891880
v 0.115868 0.648645 0.889328
v 0.110147 0.648645 0.885587
v 0.105267 0.648645 0.880803
v 0.101413 0.648645 0.875157
v 0.098735 0.648645 0.868869
v 0.097335 0.648645 0.862179
v 0.097268 0.648645 0.855345
v 0.098535 0.648645 0.848629
v 0.101087 0.648645 0.842288
v 0.104828 0.648645 0.836568
v 0.109613 0.648645 0.831688
v 0.115257 0.648645 0.827834
v 0.121546 0.648645 0.825156
v 0.128236 0.648645 0.823757
v 0.135070 0.648645 0.823688
v 0.141787 0.648645 0.824956
v 0.148127 0.648645 0.827508
v 0.153847 0.648645 0.831249
v 0.158727 0.648645 0.836034
v 0.162580 0.648645 0.841677
v 0.165259 0.648645 0.847967
v 0.166659 0.648645 0.854656
v 0.166726 0.648645 0.861491
v 0.165460 0.648645 0.868207
v 0.162906 0.648645 0.874546
v 0.159166 0.648645 0.880268
v 0.154382 0.648645 0.885148
v 0.142448 0.653691 0.891680
v 0.135759 0.653691 0.893079
v 0.128924 0.653691 0.893147
v 0.122207 0.653691 0.891880
v 0.115868 0.653691 0.889328
v 0.110147 0.653691 0.885587
v 0.105267 0.653691 0.880803
v 0.101413 0.653691 0.875157
v 0.098735 0.653691 0.868869
v 0.097335 0.653691 0.862179
v 0.097268 0.653691 0.855345
v 0.098535 0.653691 0.848629
v 0.101087 0.653691 0.842288
v 0.104828 0.653691 0.836568
v 0.109613 0.653691 0.831688
v 0.115257 0.653691 0.827834
v 0.121546 0.653691 0.825156
v 0.128236 0.653691 0.823757
v 0.135070 0.653691 0.823688
v 0.141787 0.653691 0.824956
v 0.148127 0.653691 0.827508
v 0.153847 0.653691 0.831249
v 0.158727 0.653691 0.836034
v 0.162580 0.653691 0.841677
v 0.165259 0.653691 0.847967
v 0.166659 0.653691 0.854656
v 0.166726 0.653691 0.861491
v 0.165460 0.653691 0.868207
v 0.162906 0.653691 0.874546
v 0.159166 0.653691 0.880268
v 0.154382 0.653691 0.885148
v 0.148736 0.653691 0.889001
v 0.073472 0.645312 0.809321
v 0.073472 0.749517 0.809321
v 0.074745 0.645312 0.808455
v 0.074745 0.749517 0.808455
v 0.076163 0.645312 0.807852
v 0.076163 0.749517 0.807852
v 0.077671 0.645312 0.807539
v 0.077671 0.749517 0.807539
v 0.079211 0.645312 0.807525
v 0.079211 0.749517 0.807525
v 0.080725 0.645312 0.807813
v 0.080725 0.749517 0.807813
v 0.082152 0.645312 0.808390
v 0.082152 0.749517 0.808390
v 0.083441 0.645312 0.809235
v 0.083441 0.749517 0.809235
v 0.084539 0.645312 0.810314
v 0.084539 0.749517 0.810314
v 0.085406 0.645312 0.811587
v 0.085406 0.749517 0.811587
v 0.086008 0.645312 0.813005
v 0.086008 0.749517 0.813005
v 0.086321 0.645312 0.814513
v 0.086321 0.749517 0.814513
v 0.086335 0.645312 0.816054
v 0.086335 0.749517 0.816054
v 0.086047 0.645312 0.817567
v 0.086047 0.749517 0.817567
v 0.085470 0.645312 0.818995
v 0.085470 0.749517 0.818995
v 0.084625 0.645312 0.820283
v 0.084625 0.749517 0.820283
v 0.083546 0.645312 0.821382
v 0.083546 0.749517 0.821382
v 0.082272 0.645312 0.822248
v 0.082272 0.749517 0.822248
v 0.080855 0.645312 0.822850
v 0.080855 0.749517 0.822850
v 0.079346 0.645312 0.823163
v 0.079346 0.749517 0.823163
v 0.077807 0.645312 0.823177
v 0.077807 0.749517 0.823177
v 0.076294 0.645312 0.822890
v 0.076294 0.749517 0.822890
v 0.074866 0.645312 0.822313
v 0.074866 0.749517 0.822313
v 0.073577 0.645312 0.821468
v 0.073577 0.749517 0.821468
v 0.072479 0.645312 0.820388
v 0.072479 0.749517 0.820388
v 0.071612 0.645312 0.819115
v 0.071612 0.749517 0.819115
v 0.071010 0.645312 0.817697
v 0.071010 0.749517 0.817697
v 0.070697 0.645312 0.816189
v 0.070697 0.749517 0.816189
v 0.070683 0.645312 0.814648
v 0.070683 0.749517 0.814648
v 0.070971 0.645312 0.813136
v 0.070971 0.749517 0.813136
v 0.071547 0.645312 0.811707
v 0.071547 0.749517 0.811707
v 0.072392 0.645312 0.810420
v 0.072392 0.749517 0.810420
v 0.078508 0.749517 0.815350
v -0.007256 0.513235 0.593926
v -0.012413 0.522179 0.797106
v -0.012413 0.545795 0.797106
v 0.075098 0.522179 0.868479
v 0.075098 0.529335 0.868479
v -0.012413 0.586122 0.797106
v 0.075098 0.586122 0.868479
vn 0.5874 -0.0000 0.8093
vn -0.6320 -0.0000 0.7749
vn 0.0167 -0.0000 0.9999
vn -0.6321 -0.0000 0.7749
vn -0.7790 -0.0000 -0.6271
vn 0.9970 -0.0000 -0.0774
vn 0.8357 -0.0000 -0.5491
vn 0.8934 -0.0000 0.4492
vn -0.9879 -0.0000 0.1550
vn -0.0000 -1.0000 -0.0000
vn -0.4633 -0.0000 -0.8862
vn -0.7005 -0.0000 -0.7136
vn -0.3738 -0.0000 -0.9275
vn -0.8269 -0.0000 -0.5624
vn -0.1862 -0.0000 -0.9825
vn 0.9825 -0.0000 -0.1860
vn -0.5483 -0.0000 -0.8363
vn -0.6320 -0.0000 0.7750
vn 0.7000 -0.0000 -0.7141
vn 0.9205 -0.0000 -0.3906
vn -0.5483 -0.0000 0.8362
vn 0.9849 -0.0000 -0.1731
vn -0.4569 -0.0000 0.8895
vn 1.0000 -0.0000 -0.0086
vn -0.3361 -0.0000 0.9418
vn 0.9880 -0.0000 0.1545
vn -0.1401 -0.0000 0.9901
vn 0.9632 -0.0000 0.2686
vn 0.8006 -0.0000 0.5992
vn 0.2035 -0.0000 0.9791
vn 0.3451 -0.0000 0.9386
vn 0.7132 -0.0000 0.7010
vn -0.7785 -0.0000 -0.6277
vn 0.8365 -0.0000 -0.5479
vn 0.9274 -0.0000 -0.3742
vn 0.7127 -0.0000 -0.7015
vn 0.5599 -0.0000 -0.8286
vn -0.9884 -0.0000 0.1519
vn 0.3911 -0.0000 -0.9203
vn -0.9999 -0.0000 -0.0131
vn 0.2001 -0.0000 -0.9798
vn -0.9789 -0.0000 -0.2041
vn 0.0101 -0.0000 -0.9999
vn -0.9187 -0.0000 -0.3949
vn -0.0000 1.0000 -0.0000
vn 0.6234 -0.0000 -0.7819
vn -0.7620 0.1818 -0.6215
vn 0.4239 -0.0000 0.9057
vn 0.5924 -0.0000 0.8056
vn 0.7382 -0.0000 0.6746
vn 0.8557 -0.0000 0.5175
vn 0.9402 -0.0000 0.3407
vn 0.9886 -0.0000 0.1507
vn -0.9057 -0.0000 0.4239
vn -0.8056 -0.0000 0.5924
vn -0.6745 -0.0000 0.7383
vn -0.5176 -0.0000 0.8556
vn -0.3407 -0.0000 0.9402
vn -0.1508 -0.0000 0.9886
vn 0.0451 -0.0000 0.9990
vn 0.2391 -0.0000 0.9710
vn -0.0092 -0.0001 1.0000
vn 0.1860 -0.0000 0.9825
vn 0.3743 -0.0000 0.9273
vn 0.5479 -0.0000 0.8366
vn 0.7006 -0.0000 0.7135
vn 0.8263 -0.0001 0.5632
vn 0.9203 -0.0000 0.3911
vn 0.9789 -0.0000 0.2041
vn -0.9274 -0.0000 0.3742
vn -0.8365 -0.0000 0.5479
vn -0.7136 -0.0000 0.7006
vn -0.5632 -0.0000 0.8263
vn -0.3911 -0.0000 0.9203
vn -0.2041 -0.0000 0.9790
vn -0.9715 -0.0000 0.2371
vn 0.0015 1.0000 -0.0003
vn -0.4559 0.8087 -0.3716
vn 0.9970 0.0001 -0.0774
vn 0.9990 -0.0000 -0.0451
vn -0.9879 -0.0001 0.1550
vn -0.9848 -0.0000 0.1738
vn -0.3746 -0.0000 -0.9272
vn -0.1855 -0.0000 -0.9826
vn 0.0088 -0.0000 -1.0000
vn 0.2041 -0.0000 -0.9789
vn 0.3913 -0.0000 -0.9203
vn 0.5630 -0.0000 -0.8265
vn 0.7136 -0.0000 -0.7006
vn 0.9274 -0.0000 -0.3741
vn 0.9825 -0.0000 -0.1861
vn 1.0000 -0.0000 0.0090
vn 0.9790 -0.0000 0.2039
vn 0.9201 -0.0000 0.3917
vn 0.8266 -0.0000 0.5628
vn 0.7004 -0.0000 0.7138
vn 0.5483 -0.0000 0.8363
vn 0.3738 -0.0000 0.9275
vn 0.1864 -0.0000 0.9825
vn -0.0096 -0.0000 1.0000
vn -0.2034 -0.0000 0.9791
vn -0.3913 -0.0000 0.9203
vn -0.5633 -0.0000 0.8262
vn -0.8365 -0.0000 0.5480
vn -0.9273 -0.0000 0.3742
vn -0.9825 -0.0000 0.1861
vn -1.0000 -0.0000 -0.0094
vn -0.9790 -0.0000 -0.2039
vn -0.9203 -0.0000 -0.3911
vn -0.8261 -0.0000 -0.5635
vn -0.7010 -0.0000 -0.7132
vn -0.5475 -0.0000 -0.8368
vn -0.3741 -0.0000 -0.9274
vn -0.1861 -0.0000 -0.9825
vn 0.0091 -0.0000 -1.0000
vn 0.2042 -0.0000 -0.9789
vn 0.5631 -0.0000 -0.8264
vn 0.9273 -0.0000 -0.3742
vn 1.0000 -0.0000 0.0092
vn 0.9790 -0.0000 0.2041
vn 0.9204 -0.0000 0.3910
vn 0.8263 -0.0000 0.5632
vn 0.7006 -0.0000 0.7136
vn 0.5480 -0.0000 0.8365
vn 0.3741 -0.0000 0.9274
vn 0.1861 -0.0000 0.9825
vn -0.0091 -0.0000 1.0000
vn -0.2042 -0.0000 0.9789
vn -0.5631 -0.0000 0.8264
vn -1.0000 -0.0000 -0.0092
vn -0.9790 -0.0000 -0.2041
vn -0.9204 -0.0000 -0.3910
vn -0.8263 -0.0000 -0.5632
vn -0.7006 -0.0000 -0.7136
vn -0.5480 -0.0000 -0.8365
vn -0.3742 -0.0000 -0.9274
vn -0.1860 -0.0000 -0.9826
vn 0.2040 -0.0000 -0.9790
vn 0.5632 -0.0000 -0.8263
vn 0.7135 -0.0000 -0.7006
vn 1.0000 -0.0000 0.0091
vn 0.9203 -0.0000 0.3912
vn 0.7007 -0.0000 0.7135
vn 0.5479 -0.0000 0.8365
vn 0.3742 -0.0000 0.9274
vn 0.1860 -0.0000 0.9826
vn -0.2040 -0.0000 0.9790
vn -0.7135 -0.0000 0.7006
vn -1.0000 -0.0000 -0.0091
vn -0.9203 -0.0000 -0.3912
vn -0.7007 -0.0000 -0.7135
vn -0.5479 -0.0000 -0.8365
vn 0.5821 -0.0000 -0.8131
vn 0.9272 -0.0000 0.3746
vn 0.9825 -0.0000 0.1864
vn -0.5628 -0.0000 -0.8266
vn -0.3907 -0.0000 -0.9205
vn -0.2039 -0.0000 -0.9790
vn -0.0090 -0.0000 -1.0000
vn 0.1868 -0.0000 -0.9824
vn 0.3746 -0.0000 -0.9272
vn 0.5483 -0.0000 -0.8363
vn 0.7009 -0.0000 -0.7132
vn 0.8266 -0.0000 -0.5628
vn 0.9205 -0.0000 -0.3907
vn 0.9790 -0.0000 -0.2037
vn 1.0000 -0.0000 -0.0087
vn -0.9272 -0.0000 -0.3746
vn -0.7133 -0.0000 -0.7008
vn 0.0087 -0.0000 1.0000
vn -0.1865 -0.0000 0.9825
vn -0.3746 -0.0000 0.9272
vn -0.5483 -0.0000 0.8363
vn -0.7009 -0.0000 0.7132
vn -0.8266 -0.0000 0.5628
vn -0.9205 -0.0000 0.3907
vn -0.9790 -0.0000 0.2037
vn 0.3920 -0.0000 0.9200
vn 0.2048 -0.0000 0.9788
vn 0.0099 -0.0000 1.0000
vn -0.1855 -0.0000 0.9827
vn -0.3734 -0.0000 0.9277
vn -0.5473 -0.0000 0.8369
vn -0.7000 -0.0000 0.7141
vn -0.8259 -0.0000 0.5638
vn -0.9200 -0.0000 0.3918
vn -0.9788 -0.0000 0.2048
vn -1.0000 -0.0000 0.0099
vn -0.9827 -0.0000 -0.1854
vn -0.9276 -0.0000 -0.3735
vn -0.8369 -0.0000 -0.5473
vn -0.7141 -0.0000 -0.7000
vn -0.5639 -0.0000 -0.8259
vn -0.3919 -0.0000 -0.9200
vn -0.2047 -0.0000 -0.9788
vn -0.0101 -0.0000 -0.9999
vn 0.1855 -0.0000 -0.9827
vn 0.3735 -0.0000 -0.9276
vn 0.5473 -0.0000 -0.8369
vn 0.8259 -0.0000 -0.5638
vn 0.9200 -0.0000 -0.3918
vn 0.9788 -0.0000 -0.2048
vn 1.0000 -0.0000 -0.0099
vn 0.9827 -0.0000 0.1853
vn 0.9276 -0.0000 0.3736
vn 0.8370 -0.0000 0.5471
vn 0.7141 -0.0000 0.7001
vn 0.5636 -0.0000 0.8260
vn -1.0000 -0.0000 0.0087
vn -0.9824 -0.0000 -0.1866
vn 0.2036 -0.0000 0.9791
vn 0.3907 -0.0000 0.9205
vn 0.5631 -0.0000 0.8264
vn 0.7133 -0.0000 0.7008
vn 0.8361 -0.0000 0.5485
vn -0.6709 -0.0000 0.7416
vn 0.0096 0.9999 0.0077
vn -0.5623 -0.0000 -0.8270
vn -0.3910 -0.0000 -0.9204
vn -0.2031 -0.0000 -0.9791
vn -0.0091 -0.0000 -1.0000
vn 0.1870 -0.0000 -0.9824
vn 0.3743 -0.0000 -0.9273
vn 0.5484 -0.0000 -0.8362
vn 0.7010 -0.0000 -0.7132
vn 0.8266 -0.0000 -0.5627
vn 0.9791 -0.0000 -0.2034
vn 1.0000 -0.0000 -0.0091
vn 0.9824 -0.0000 0.1868
vn 0.9272 -0.0000 0.3745
vn 0.8360 -0.0000 0.5487
vn 0.7135 -0.0000 0.7006
vn 0.5623 -0.0000 0.8270
vn 0.3910 -0.0000 0.9204
vn 0.2031 -0.0000 0.9792
vn 0.0091 -0.0000 1.0000
vn -0.3747 -0.0000 0.9271
vn -0.5484 -0.0000 0.8362
vn -0.7010 -0.0000 0.7132
vn -0.8266 -0.0000 0.5627
vn -0.9791 -0.0000 0.2034
vn -1.0000 -0.0000 0.0091
vn -0.9824 -0.0000 -0.1868
vn -0.9272 -0.0000 -0.3745
vn -0.8360 -0.0000 -0.5487
vn -0.7135 -0.0000 -0.7006
vn -0.8363 -0.0000 -0.5483
vn -0.0010 1.0000 0.0005
vn -0.0001 -1.0000 0.0017
vt 0.587033 0.245423
vt 0.587033 0.250000
vt 0.625000 0.250000
vt 0.625000 0.245423
vt 0.375000 0.568310
vt 0.625000 0.568310
vt 0.625000 0.559762
vt 0.375000 0.559762
vt 0.587033 0.509155
vt 0.587033 0.518310
vt 0.625000 0.518310
vt 0.625000 0.509155
vt 0.587033 0.537163
vt 0.587033 0.543310
vt 0.625000 0.543310
vt 0.625000 0.537163
vt 0.587033 0.568310
vt 0.587033 0.593310
vt 0.625000 0.593310
vt 0.587033 0.079151
vt 0.587033 0.081690
vt 0.625000 0.081690
vt 0.625000 0.079151
vt 0.587033 0.198107
vt 0.587033 0.206690
vt 0.625000 0.206690
vt 0.625000 0.198107
vt 0.587033 0.229201
vt 0.587033 0.231690
vt 0.625000 0.231690
vt 0.625000 0.229201
vt 0.625000 0.558829
vt 0.375000 0.558829
vt 0.587033 0.668310
vt 0.587033 0.670849
vt 0.625000 0.670849
vt 0.625000 0.668310
vt 0.795228 0.668310
vt 0.795228 0.670849
vt 0.875000 0.670849
vt 0.875000 0.668310
vt 0.538102 0.668310
vt 0.538102 0.670849
vt 0.538102 0.375001
vt 0.587033 0.375001
vt 0.625000 0.552832
vt 0.375000 0.552832
vt 0.538102 0.229201
vt 0.538102 0.231690
vt 0.538102 0.198107
vt 0.538102 0.206690
vt 0.538102 0.079151
vt 0.538102 0.081690
vt 0.538102 0.718310
vt 0.538102 0.750000
vt 0.538102 0.375001
vt 0.538102 0.375001
vt 0.538102 0.715204
vt 0.538102 0.375001
vt 0.538102 0.375001
vt 0.538102 0.712168
vt 0.538102 0.717619
vt 0.538102 0.375001
vt 0.625000 0.375001
vt 0.538102 0.568310
vt 0.538102 0.593310
vt 0.538102 0.537163
vt 0.538102 0.543310
vt 0.538102 0.509155
vt 0.538102 0.518310
vt 0.538102 0.041290
vt 0.538102 0.045171
vt 0.538102 0.375001
vt 0.538102 0.375001
vt 0.538102 0.708710
vt 0.528588 0.245423
vt 0.528588 0.250000
vt 0.538102 0.250000
vt 0.538102 0.245423
vt 0.528588 0.718310
vt 0.528588 0.750000
vt 0.528588 0.920228
vt 0.528588 1.000000
vt 0.538102 1.000000
vt 0.538102 0.920228
vt 0.528588 0.509155
vt 0.528588 0.518310
vt 0.528588 0.537163
vt 0.528588 0.543310
vt 0.528588 0.568310
vt 0.528588 0.593310
vt 0.528588 0.670849
vt 0.528588 0.693310
vt 0.538102 0.693310
vt 0.528588 0.717619
vt 0.528588 0.000000
vt 0.528588 0.031690
vt 0.538102 0.031690
vt 0.538102 0.000000
vt 0.528588 0.052903
vt 0.528588 0.056690
vt 0.538102 0.056690
vt 0.538102 0.052903
vt 0.528588 0.079151
vt 0.528588 0.081690
vt 0.528588 0.198107
vt 0.528588 0.206690
vt 0.528588 0.229201
vt 0.528588 0.231690
vt 0.528588 0.668310
vt 0.506704 0.245423
vt 0.506704 0.250000
vt 0.506704 0.718310
vt 0.506704 0.750000
vt 0.506704 0.920228
vt 0.506704 1.000000
vt 0.506704 0.509155
vt 0.506704 0.518310
vt 0.506704 0.537163
vt 0.506704 0.543310
vt 0.506704 0.568310
vt 0.506704 0.593310
vt 0.506704 0.670849
vt 0.506704 0.693310
vt 0.506704 0.717619
vt 0.506704 0.000000
vt 0.506704 0.031690
vt 0.506704 0.052903
vt 0.506704 0.056690
vt 0.506704 0.079151
vt 0.506704 0.081690
vt 0.506704 0.198107
vt 0.506704 0.206690
vt 0.506704 0.229201
vt 0.506704 0.231690
vt 0.506704 0.668310
vt 0.453090 0.245423
vt 0.453090 0.250000
vt 0.453090 0.718310
vt 0.453090 0.750000
vt 0.453090 0.920228
vt 0.453090 1.000000
vt 0.453090 0.509155
vt 0.453090 0.518310
vt 0.453090 0.537163
vt 0.453090 0.543310
vt 0.453090 0.568310
vt 0.453090 0.593310
vt 0.453090 0.670849
vt 0.453090 0.693310
vt 0.453090 0.717619
vt 0.453090 0.000000
vt 0.453090 0.031690
vt 0.453090 0.052903
vt 0.453090 0.056690
vt 0.453090 0.079151
vt 0.453090 0.081690
vt 0.453090 0.198107
vt 0.453090 0.206690
vt 0.453090 0.229201
vt 0.453090 0.231690
vt 0.453090 0.668310
vt 0.434474 0.668310
vt 0.434474 0.670849
vt 0.434474 0.056690
vt 0.434474 0.079151
vt 0.434474 0.229201
vt 0.434474 0.231690
vt 0.434474 0.198107
vt 0.434474 0.206690
vt 0.434474 0.081690
vt 0.434474 0.052903
vt 0.434474 0.000000
vt 0.434474 0.031690
vt 0.434474 0.717619
vt 0.434474 0.718310
vt 0.434474 0.693310
vt 0.434474 0.568310
vt 0.434474 0.593310
vt 0.434474 0.537163
vt 0.434474 0.543310
vt 0.434474 0.509155
vt 0.434474 0.518310
vt 0.434474 0.920228
vt 0.434474 1.000000
vt 0.434474 0.750000
vt 0.434474 0.245423
vt 0.434474 0.250000
vt 0.375000 0.245423
vt 0.375000 0.250000
vt 0.423952 0.250000
vt 0.423952 0.245423
vt 0.375000 0.509155
vt 0.375000 0.518310
vt 0.423952 0.518310
vt 0.423952 0.509155
vt 0.375000 0.537163
vt 0.375000 0.543310
vt 0.423952 0.543310
vt 0.423952 0.537163
vt 0.375000 0.198107
vt 0.375000 0.206690
vt 0.423952 0.206690
vt 0.423952 0.198107
vt 0.375000 0.229201
vt 0.375000 0.231690
vt 0.423952 0.231690
vt 0.423952 0.229201
vt 0.423952 0.568310
vt 0.423952 0.593310
vt 0.538102 0.697097
vt 0.538102 0.700975
vt 0.538102 0.375001
vt 0.538102 0.375001
vt 0.423952 0.551893
vt 0.434474 0.551893
vt 0.423952 0.197168
vt 0.434474 0.197168
vt 0.375000 0.551893
vt 0.375000 0.197168
vt 0.453090 0.197168
vt 0.453090 0.551893
vt 0.506704 0.551893
vt 0.506704 0.197168
vt 0.528588 0.551893
vt 0.528588 0.197168
vt 0.538102 0.551893
vt 0.538102 0.197168
vt 0.587033 0.197168
vt 0.587033 0.551893
vt 0.625000 0.551893
vt 0.625000 0.197168
vt 0.423952 0.552832
vt 0.434474 0.552832
vt 0.453090 0.552832
vt 0.506704 0.552832
vt 0.528588 0.552832
vt 0.538102 0.552832
vt 0.587033 0.552832
vt 0.423952 0.212837
vt 0.434474 0.212837
vt 0.423952 0.527737
vt 0.434474 0.527737
vt 0.375000 0.212837
vt 0.375000 0.527737
vt 0.453090 0.527737
vt 0.453090 0.212837
vt 0.506704 0.212837
vt 0.506704 0.527737
vt 0.528588 0.212837
vt 0.528588 0.527737
vt 0.538102 0.212837
vt 0.538102 0.527737
vt 0.587033 0.527737
vt 0.587033 0.212837
vt 0.625000 0.212837
vt 0.625000 0.527737
vt 0.587033 0.525227
vt 0.625000 0.525227
vt 0.538102 0.525227
vt 0.528588 0.525227
vt 0.506704 0.525227
vt 0.453090 0.525227
vt 0.434474 0.525227
vt 0.375000 0.525227
vt 0.423952 0.525227
vt 0.423952 0.222263
vt 0.434474 0.222263
vt 0.375000 0.222263
vt 0.453090 0.222263
vt 0.506704 0.222263
vt 0.528588 0.222263
vt 0.538102 0.222263
vt 0.587033 0.222263
vt 0.625000 0.222263
vt 0.423952 0.523288
vt 0.434474 0.523288
vt 0.375000 0.523288
vt 0.453090 0.523288
vt 0.506704 0.523288
vt 0.528588 0.523288
vt 0.538102 0.523288
vt 0.587033 0.523288
vt 0.625000 0.523288
vt 0.423952 0.224773
vt 0.434474 0.224773
vt 0.375000 0.224773
vt 0.453090 0.224773
vt 0.506704 0.224773
vt 0.528588 0.224773
vt 0.538102 0.224773
vt 0.587033 0.224773
vt 0.625000 0.224773
vt 0.587033 0.520799
vt 0.625000 0.520799
vt 0.538102 0.520799
vt 0.528588 0.520799
vt 0.506704 0.520799
vt 0.453090 0.520799
vt 0.434474 0.520799
vt 0.375000 0.520799
vt 0.423952 0.520799
vt 0.423952 0.226712
vt 0.434474 0.226712
vt 0.375000 0.226712
vt 0.453090 0.226712
vt 0.506704 0.226712
vt 0.528588 0.226712
vt 0.538102 0.226712
vt 0.587033 0.226712
vt 0.625000 0.226712
vt 0.538102 0.240845
vt 0.587033 0.240845
vt 0.423952 0.504577
vt 0.434474 0.504577
vt 0.423952 0.240845
vt 0.434474 0.240845
vt 0.375000 0.504578
vt 0.375000 0.240845
vt 0.453090 0.240845
vt 0.453090 0.504577
vt 0.506704 0.504577
vt 0.506704 0.240845
vt 0.528588 0.504577
vt 0.528588 0.240845
vt 0.538102 0.504577
vt 0.587033 0.504577
vt 0.625000 0.504577
vt 0.625000 0.240845
vt 0.587033 0.500000
vt 0.625000 0.500000
vt 0.538102 0.500000
vt 0.528588 0.500000
vt 0.506704 0.500000
vt 0.453090 0.500000
vt 0.434474 0.500000
vt 0.375000 0.500000
vt 0.423952 0.500000
vt 0.434474 0.106690
vt 0.434474 0.119238
vt 0.453090 0.119238
vt 0.453090 0.106690
vt 0.506705 0.119238
vt 0.506704 0.106690
vt 0.528588 0.119238
vt 0.528588 0.106690
vt 0.538102 0.119238
vt 0.538102 0.106690
vt 0.587033 0.119238
vt 0.587033 0.106690
vt 0.625000 0.119238
vt 0.625000 0.106690
vt 0.434474 0.697097
vt 0.434474 0.700975
vt 0.453090 0.700975
vt 0.453090 0.697097
vt 0.453090 0.045171
vt 0.453090 0.049025
vt 0.506704 0.049025
vt 0.506704 0.045171
vt 0.506704 0.700975
vt 0.506704 0.697097
vt 0.528588 0.049025
vt 0.528588 0.045171
vt 0.528588 0.700975
vt 0.528588 0.697097
vt 0.538102 0.049025
vt 0.434474 0.049025
vt 0.538102 0.032381
vt 0.528588 0.041290
vt 0.506704 0.041290
vt 0.453090 0.041290
vt 0.434474 0.704829
vt 0.453090 0.704829
vt 0.506704 0.704829
vt 0.528588 0.704829
vt 0.538102 0.704829
vt 0.453090 0.037832
vt 0.506704 0.037832
vt 0.528588 0.037832
vt 0.538102 0.037832
vt 0.538102 0.034796
vt 0.434474 0.708710
vt 0.453090 0.708710
vt 0.506704 0.708710
vt 0.528588 0.708710
vt 0.528588 0.034796
vt 0.506704 0.034796
vt 0.453090 0.034796
vt 0.434474 0.712168
vt 0.453090 0.712168
vt 0.506704 0.712168
vt 0.528588 0.712168
vt 0.434474 0.032381
vt 0.434474 0.034796
vt 0.453090 0.032381
vt 0.506704 0.032381
vt 0.528588 0.032381
vt 0.434474 0.715204
vt 0.453090 0.715204
vt 0.506704 0.715204
vt 0.528588 0.715204
vt 0.270863 0.299850
vt 0.375000 0.119238
vt 0.000000 0.000000
vt 0.259582 0.319416
vt 0.125000 0.552832
vt 0.453090 0.603257
vt 0.434474 0.603257
vt 0.528588 0.603257
vt 0.538102 0.603257
vt 0.587033 0.603257
vt 0.625000 0.603257
vt 0.121761 0.102328
vt 0.670173 0.208171
vt 0.506704 0.603257
vt 0.625000 0.102173
vt 0.587033 0.102173
vt 0.538102 0.102173
vt 0.528588 0.102173
vt 0.506704 0.102173
vt 0.453090 0.102173
vt 0.355968 0.087412
vt 0.423952 0.045171
vt 0.423952 0.049025
vt 0.125000 0.712168
vt 0.062500 0.356084
vt 0.434474 0.960114
vt 0.434474 0.015845
vt 0.125000 0.704829
vt 0.125000 0.702902
vt 0.125000 0.700975
vt 0.125000 0.718310
vt 0.125000 0.717964
vt 0.125000 0.717619
vt 0.375000 0.750000
vt 0.289886 0.750000
vt 0.204772 0.750000
vt 0.125000 0.715204
vt 0.125000 0.713686
vt 0.125000 0.699036
vt 0.125000 0.697097
vt 0.434474 0.033589
vt 0.211976 0.022585
vt 0.062500 0.348548
vt 0.062500 0.352415
vt 0.279737 0.373792
vt 0.279737 0.375345
vt 0.279737 0.359155
vt 0.434474 0.460114
vt 0.404737 0.835114
vt 0.375000 0.734155
vt 0.375000 0.718310
vt 0.375000 0.717964
vt 0.375000 0.717619
vt 0.404737 0.716411
vt 0.434474 0.713686
vt 0.434474 0.710439
vt 0.434474 0.706770
vt 0.434474 0.702902
vt 0.217237 0.350487
vt 1.000000 0.500000
vt 1.000000 1.000000
vt 0.968750 1.000000
vt 0.968750 0.500000
vt 0.937500 1.000000
vt 0.937500 0.500000
vt 0.906250 1.000000
vt 0.906250 0.500000
vt 0.875000 1.000000
vt 0.875000 0.500000
vt 0.843750 1.000000
vt 0.843750 0.500000
vt 0.812500 1.000000
vt 0.812500 0.500000
vt 0.781250 1.000000
vt 0.781250 0.500000
vt 0.750000 1.000000
vt 0.750000 0.500000
vt 0.718750 1.000000
vt 0.718750 0.500000
vt 0.687500 1.000000
vt 0.687500 0.500000
vt 0.656250 1.000000
vt 0.656250 0.500000
vt 0.625000 1.000000
vt 0.593750 1.000000
vt 0.593750 0.500000
vt 0.562500 1.000000
vt 0.562500 0.500000
vt 0.531250 1.000000
vt 0.531250 0.500000
vt 0.500000 1.000000
vt 0.500000 0.500000
vt 0.468750 1.000000
vt 0.468750 0.500000
vt 0.437500 1.000000
vt 0.437500 0.500000
vt 0.406250 1.000000
vt 0.406250 0.500000
vt 0.375000 1.000000
vt 0.343750 1.000000
vt 0.343750 0.500000
vt 0.312500 1.000000
vt 0.312500 0.500000
vt 0.281250 1.000000
vt 0.281250 0.500000
vt 0.250000 1.000000
vt 0.250000 0.500000
vt 0.218750 1.000000
vt 0.218750 0.500000
vt 0.187500 1.000000
vt 0.187500 0.500000
vt 0.156250 1.000000
vt 0.156250 0.500000
vt 0.125000 1.000000
vt 0.125000 0.500000
vt 0.093750 1.000000
vt 0.093750 0.500000
vt 0.062500 1.000000
vt 0.062500 0.500000
vt 0.296822 0.485388
vt 0.250000 0.490000
vt 0.250000 0.250000
vt 0.490000 0.250000
vt 0.485388 0.296822
vt 0.471731 0.341844
vt 0.449553 0.383337
vt 0.419706 0.419706
vt 0.383337 0.449553
vt 0.341844 0.471731
vt 0.031250 1.000000
vt 0.031250 0.500000
vt 0.000000 1.000000
vt 0.000000 0.500000
vt 0.750000 0.490000
vt 0.750000 0.250000
vt 0.510000 0.250000
vt 0.514612 0.296822
vt 0.528269 0.341844
vt 0.550447 0.383337
vt 0.580294 0.419706
vt 0.616663 0.449553
vt 0.658156 0.471731
vt 0.703178 0.485388
vt 0.750000 0.010000
vt 0.990000 0.250000
vt 0.985388 0.203178
vt 0.971731 0.158156
vt 0.949553 0.116663
vt 0.919706 0.080294
vt 0.883337 0.050447
vt 0.841844 0.028269
vt 0.796822 0.014612
vt 0.250000 0.010000
vt 0.010000 0.250000
vt 0.014612 0.203178
vt 0.028269 0.158156
vt 0.050447 0.116663
vt 0.080294 0.080294
vt 0.116663 0.050447
vt 0.158156 0.028269
vt 0.203178 0.014612
vt 0.703178 0.014612
vt 0.658156 0.028269
vt 0.616663 0.050447
vt 0.580294 0.080294
vt 0.550447 0.116663
vt 0.528269 0.158156
vt 0.514612 0.203178
vt 0.203178 0.485388
vt 0.158156 0.471731
vt 0.116663 0.449553
vt 0.080294 0.419706
vt 0.050447 0.383337
vt 0.028269 0.341844
vt 0.014612 0.296822
vt 0.296822 0.014612
vt 0.341844 0.028269
vt 0.383337 0.050447
vt 0.419706 0.080294
vt 0.449553 0.116663
vt 0.471731 0.158156
vt 0.485388 0.203178
vt 0.796822 0.485388
vt 0.841844 0.471731
vt 0.883337 0.449553
vt 0.919706 0.419706
vt 0.949553 0.383337
vt 0.971731 0.341844
vt 0.985388 0.296822
vt 0.750000 0.250008
vt 0.500000 0.818047
vt 1.000000 0.818047
vt 0.968750 0.818047
vt 0.937500 0.818047
vt 0.906250 0.818047
vt 0.875000 0.818047
vt 0.843750 0.818047
vt 0.812500 0.818047
vt 0.781250 0.818047
vt 0.750000 0.818047
vt 0.718750 0.818047
vt 0.687500 0.818047
vt 0.656250 0.818047
vt 0.625000 0.818047
vt 0.593750 0.818047
vt 0.562500 0.818047
vt 0.531250 0.818047
vt 0.468750 0.818047
vt 0.437500 0.818047
vt 0.406250 0.818047
vt 0.375000 0.818047
vt 0.343750 0.818047
vt 0.312500 0.818047
vt 0.281250 0.818047
vt 0.250000 0.818047
vt 0.218750 0.818047
vt 0.187500 0.818047
vt 0.156250 0.818047
vt 0.125000 0.818047
vt 0.093750 0.818047
vt 0.062500 0.818047
vt 0.031250 0.818047
vt 0.000000 0.818047
vt 0.031250 0.709087
vt 0.000000 0.709087
vt 0.062500 0.709087
vt 0.093750 0.709087
vt 0.125000 0.709087
vt 0.156250 0.709087
vt 0.187500 0.709087
vt 0.218750 0.709087
vt 0.250000 0.709087
vt 0.281250 0.709087
vt 0.312500 0.709087
vt 0.343750 0.709087
vt 0.375000 0.709087
vt 0.406250 0.709087
vt 0.437500 0.709087
vt 0.468750 0.709087
vt 0.500000 0.709087
vt 0.531250 0.709087
vt 0.562500 0.709087
vt 0.593750 0.709087
vt 0.625000 0.709087
vt 0.656250 0.709087
vt 0.687500 0.709087
vt 0.718750 0.709087
vt 0.750000 0.709087
vt 0.781250 0.709087
vt 0.812500 0.709087
vt 0.843750 0.709087
vt 0.875000 0.709087
vt 0.906250 0.709087
vt 0.937500 0.709087
vt 0.968750 0.709087
vt 1.000000 0.709087
vt 0.249994 0.250029
s 0
f 3367/1166/378 3106/1167/378 3085/1168/378 3365/1169/378
f 3196/1170/379 3100/1171/379 3114/1172/379 3131/1173/379
f 3351/1174/380 3107/1175/380 3098/1176/380 3350/1177/380
f 3262/1178/381 3108/1179/381 3099/1180/381 3260/1181/381
f 3109/1182/382 3110/1183/382 3101/1184/382 3100/1171/382
f 3117/1185/383 3112/1186/383 3091/1187/383 3103/1188/383
f 3229/1189/384 3115/1190/384 3093/1191/384 3224/1192/384
f 3331/1193/385 3116/1194/385 3094/1195/385 3329/1196/385
f 3131/1173/379 3114/1172/379 3200/1197/379 3186/1198/379
f 3111/1199/386 3118/1200/386 3105/1201/386 3102/1202/386
f 3217/1203/387 3218/1204/387 3103/1205/387 3091/1206/387
f 3124/1207/386 3135/1208/386 3118/1200/386 3111/1199/386
f 3407/1209/388 3402/1210/388 3118/1200/388 3135/1208/388
f 3186/1198/379 3200/1197/379 3243/1211/379 3249/1212/379
f 3332/1213/385 3133/1214/385 3116/1194/385 3331/1193/385
f 3230/1215/384 3132/1216/384 3115/1190/384 3229/1189/384
f 3134/1217/383 3129/1218/383 3112/1186/383 3117/1185/383
f 3126/1219/387 3120/1220/387 3219/1221/387 3460/1222/387
f 3450/1223/387 3449/1224/387 3443/1225/387 3438/1226/387
f 3461/1227/387 3809/1228/387 3449/1224/387 3450/1223/387
f 3402/1210/388 3218/1229/388 3105/1201/388 3118/1200/388
f 4194/1230/382 3123/1231/382 3110/1183/382 3109/1182/382
f 3263/1232/381 3122/1233/381 3108/1179/381 3262/1178/381
f 3354/1234/380 3121/1235/380 3107/1175/380 3351/1174/380
f 3431/1236/387 3420/1237/387 3430/1238/387 3437/1239/387
f 3438/1226/387 3443/1225/387 3437/1239/387 3425/1240/387
f 3369/1241/378 3154/1242/378 3119/1243/378 3368/1244/378
f 3146/1245/389 3153/1246/389 3120/1220/389 3126/1219/389
f 3220/1247/390 3155/1248/390 3136/1249/390 3219/1250/390
f 3356/1251/380 3152/1252/380 3121/1235/380 3354/1234/380
f 3265/1253/381 3151/1254/381 3122/1233/381 3263/1232/381
f 3150/1255/382 3149/1256/382 3123/1231/382 4194/1230/382
f 3137/1257/386 3147/1258/386 3125/1259/386 3135/1208/386
f 3462/1260/391 3146/1245/391 3126/1219/391 3461/1227/391
f 3155/1261/392 3145/1262/392 3127/1263/392 3136/1264/392
f 3404/1265/393 3144/1266/393 3128/1267/393 3403/1268/393
f 3138/1269/383 3143/1270/383 3129/1218/383 3134/1217/383
f 3232/1271/384 3140/1272/384 3132/1216/384 3230/1215/384
f 3333/1273/385 3139/1274/385 3133/1214/385 3332/1213/385
f 3144/1266/383 3138/1269/383 3134/1217/383 3128/1267/383
f 3148/1275/386 3137/1257/386 3135/1208/386 3124/1207/386
f 3370/1276/378 3156/1277/378 3154/1242/378 3369/1241/378
f 3163/1278/389 3157/1279/389 3153/1246/389 3146/1245/389
f 3221/1280/390 3173/1281/390 3155/1248/390 3220/1247/390
f 3358/1282/380 3158/1283/380 3152/1252/380 3356/1251/380
f 3267/1284/381 3159/1285/381 3151/1254/381 3265/1253/381
f 4195/1286/382 3160/1287/382 3149/1256/382 3150/1255/382
f 3172/1288/386 3162/1289/386 3147/1258/386 3137/1257/386
f 3463/1290/391 3163/1278/391 3146/1245/391 3462/1260/391
f 3173/1291/392 3164/1292/392 3145/1262/392 3155/1261/392
f 3405/1293/393 3165/1294/393 3144/1266/393 3404/1265/393
f 3171/1295/383 3166/1296/383 3143/1270/383 3138/1269/383
f 3234/1297/384 3169/1298/384 3140/1272/384 3232/1271/384
f 3334/1299/385 3170/1300/385 3139/1274/385 3333/1273/385
f 3165/1294/383 3171/1295/383 3138/1269/383 3144/1266/383
f 3161/1301/386 3172/1288/386 3137/1257/386 3148/1275/386
f 3371/1302/378 3174/1303/378 3156/1277/378 3370/1276/378
f 3181/1304/389 3175/1305/389 3157/1279/389 3163/1278/389
f 3222/1306/390 3191/1307/390 3173/1281/390 3221/1280/390
f 3359/1308/380 3176/1309/380 3158/1283/380 3358/1282/380
f 3270/1310/381 3177/1311/381 3159/1285/381 3267/1284/381
f 4198/1312/382 3178/1313/382 3160/1287/382 4195/1286/382
f 3190/1314/386 3180/1315/386 3162/1289/386 3172/1288/386
f 3464/1316/391 3181/1304/391 3163/1278/391 3463/1290/391
f 3191/1317/392 3182/1318/392 3164/1292/392 3173/1291/392
f 3406/1319/393 3183/1320/393 3165/1294/393 3405/1293/393
f 3189/1321/383 3184/1322/383 3166/1296/383 3171/1295/383
f 3237/1323/384 3187/1324/384 3169/1298/384 3234/1297/384
f 3335/1325/385 3188/1326/385 3170/1300/385 3334/1299/385
f 3183/1320/383 3189/1321/383 3171/1295/383 3165/1294/383
f 3179/1327/386 3190/1314/386 3172/1288/386 3161/1301/386
f 3209/1328/386 3104/1329/386 3190/1314/386 3179/1327/386
f 3199/1330/383 3215/1331/383 3189/1321/383 3183/1320/383
f 3337/1332/385 3214/1333/385 3188/1326/385 3335/1325/385
f 3240/1334/384 3213/1335/384 3187/1324/384 3237/1323/384
f 3215/1331/383 3210/1336/383 3184/1322/383 3189/1321/383
f 3485/1337/393 3199/1330/393 3183/1320/393 3406/1319/393
f 3203/1338/392 3090/1339/392 3182/1318/392 3191/1317/392
f 3465/1340/391 3095/1341/391 3181/1304/391 3464/1316/391
f 3104/1329/386 3198/1342/386 3180/1315/386 3190/1314/386
f 3207/1343/382 3208/1344/382 3178/1313/382 4198/1312/382
f 3273/1345/381 3206/1346/381 3177/1311/381 3270/1310/381
f 3364/1347/380 3205/1348/380 3176/1309/380 3359/1308/380
f 3223/1349/390 3203/1350/390 3191/1307/390 3222/1306/390
f 3095/1341/389 3193/1351/389 3175/1305/389 3181/1304/389
f 3373/1352/378 3204/1353/378 3174/1303/378 3371/1302/378
f 3374/1354/378 3084/1355/378 3192/1356/378 3372/1357/378
f 3348/1358/380 3097/1359/380 3194/1360/380 3362/1361/380
f 3259/1362/381 3096/1363/381 3195/1364/381 3271/1365/381
f 3226/1366/384 3087/1367/384 3201/1368/384 3238/1369/384
f 3338/1370/385 3086/1371/385 3202/1372/385 3336/1373/385
f 3372/1357/378 3192/1356/378 3204/1353/378 3373/1352/378
f 3362/1361/380 3194/1360/380 3205/1348/380 3364/1347/380
f 3271/1365/381 3195/1364/381 3206/1346/381 3273/1345/381
f 3196/1374/382 3197/1375/382 3208/1344/382 3207/1343/382
f 3238/1369/384 3201/1368/384 3213/1335/384 3240/1334/384
f 3336/1373/385 3202/1372/385 3214/1333/385 3337/1332/385
f 3368/1244/378 3119/1243/378 3106/1167/378 3367/1166/378
f 3193/1351/394 3223/1349/394 3222/1306/394 3175/1305/394
f 3175/1305/394 3222/1306/394 3221/1280/394 3157/1279/394
f 3157/1279/394 3221/1280/394 3220/1247/394 3153/1246/394
f 3153/1246/394 3220/1247/394 3219/1250/394 3120/1220/394
f 3408/1376/387 3392/1377/387 3424/1378/387 3419/1379/387
f 3102/1202/387 3105/1201/387 3218/1204/387 3217/1203/387
f 3195/1364/395 3239/1380/395 3241/1381/395 3206/1346/395
f 3255/1382/396 3238/1369/396 3240/1334/396 3256/1383/396
f 3096/1363/395 3225/1384/395 3239/1380/395 3195/1364/395
f 3242/1385/396 3226/1366/396 3238/1369/396 3255/1382/396
f 3256/1383/396 3240/1334/396 3237/1323/396 3254/1386/396
f 3206/1346/395 3241/1381/395 3236/1387/395 3177/1311/395
f 3177/1311/395 3236/1387/395 3235/1388/395 3159/1285/395
f 3254/1386/396 3237/1323/396 3234/1297/396 3253/1389/396
f 3159/1285/395 3235/1388/395 3233/1390/395 3151/1254/395
f 3253/1389/396 3234/1297/396 3232/1271/396 3252/1391/396
f 3151/1254/395 3233/1390/395 3231/1392/395 3122/1233/395
f 3252/1391/396 3232/1271/396 3230/1215/396 3251/1393/396
f 3251/1393/396 3230/1215/396 3229/1189/396 3250/1394/396
f 3122/1233/395 3231/1392/395 3228/1395/395 3108/1179/395
f 3108/1179/395 3228/1395/395 3227/1396/395 3099/1180/395
f 3250/1394/396 3229/1189/396 3224/1192/396 3248/1397/396
f 3239/1380/381 3246/1398/381 3247/1399/381 3241/1381/381
f 3225/1384/381 3249/1212/381 3246/1398/381 3239/1380/381
f 3241/1381/381 3247/1399/381 4199/1400/381 3236/1387/381
f 3236/1387/381 4199/1400/381 3245/1401/381 3235/1388/381
f 3235/1388/381 3245/1401/381 4197/1402/381 3233/1390/381
f 3233/1390/381 4197/1402/381 4196/1403/381 3231/1392/381
f 3231/1392/381 4196/1403/381 3244/1404/381 3228/1395/381
f 3228/1395/381 3244/1404/381 3243/1211/381 3227/1396/381
f 3201/1368/397 3272/1405/397 3274/1406/397 3213/1335/397
f 3291/1407/395 3271/1365/395 3273/1345/395 3292/1408/395
f 3087/1367/397 3257/1409/397 3272/1405/397 3201/1368/397
f 3276/1410/395 3259/1362/395 3271/1365/395 3291/1407/395
f 3292/1408/395 3273/1345/395 3270/1310/395 3290/1411/395
f 3213/1335/397 3274/1406/397 3269/1412/397 3187/1324/397
f 3187/1324/397 3269/1412/397 3268/1413/397 3169/1298/397
f 3290/1411/395 3270/1310/395 3267/1284/395 3289/1414/395
f 3169/1298/397 3268/1413/397 3266/1415/397 3140/1272/397
f 3289/1414/395 3267/1284/395 3265/1253/395 3288/1416/395
f 3140/1272/397 3266/1415/397 3264/1417/397 3132/1216/397
f 3288/1416/395 3265/1253/395 3263/1232/395 3287/1418/395
f 3287/1418/395 3263/1232/395 3262/1178/395 3286/1419/395
f 3132/1216/397 3264/1417/397 3261/1420/397 3115/1190/397
f 3115/1190/397 3261/1420/397 3258/1421/397 3093/1191/397
f 3286/1419/395 3262/1178/395 3260/1181/395 3285/1422/395
f 3304/1423/398 3286/1419/398 3285/1422/398 3303/1424/398
f 3305/1425/398 3287/1418/398 3286/1419/398 3304/1423/398
f 3306/1426/398 3288/1416/398 3287/1418/398 3305/1425/398
f 3307/1427/398 3289/1414/398 3288/1416/398 3306/1426/398
f 3308/1428/398 3290/1411/398 3289/1414/398 3307/1427/398
f 3310/1429/398 3292/1408/398 3290/1411/398 3308/1428/398
f 3294/1430/398 3276/1410/398 3291/1407/398 3309/1431/398
f 3309/1431/398 3291/1407/398 3292/1408/398 3310/1429/398
f 3272/1405/399 3282/1432/399 3283/1433/399 3274/1406/399
f 3257/1409/399 3284/1434/399 3282/1432/399 3272/1405/399
f 3274/1406/399 3283/1433/399 3281/1435/399 3269/1412/399
f 3269/1412/399 3281/1435/399 3280/1436/399 3268/1413/399
f 3268/1413/399 3280/1436/399 3279/1437/399 3266/1415/399
f 3266/1415/399 3279/1437/399 3278/1438/399 3264/1417/399
f 3264/1417/399 3278/1438/399 3277/1439/399 3261/1420/399
f 3261/1420/399 3277/1439/399 3275/1440/399 3258/1421/399
f 3327/1441/400 3309/1431/400 3310/1429/400 3328/1442/400
f 3312/1443/400 3294/1430/400 3309/1431/400 3327/1441/400
f 3328/1442/400 3310/1429/400 3308/1428/400 3326/1444/400
f 3326/1444/400 3308/1428/400 3307/1427/400 3325/1445/400
f 3325/1445/400 3307/1427/400 3306/1426/400 3324/1446/400
f 3324/1446/400 3306/1426/400 3305/1425/400 3323/1447/400
f 3323/1447/400 3305/1425/400 3304/1423/400 3322/1448/400
f 3322/1448/400 3304/1423/400 3303/1424/400 3321/1449/400
f 3282/1432/401 3300/1450/401 3301/1451/401 3283/1433/401
f 3284/1434/401 3302/1452/401 3300/1450/401 3282/1432/401
f 3283/1433/401 3301/1451/401 3299/1453/401 3281/1435/401
f 3281/1435/401 3299/1453/401 3298/1454/401 3280/1436/401
f 3280/1436/401 3298/1454/401 3297/1455/401 3279/1437/401
f 3279/1437/401 3297/1455/401 3296/1456/401 3278/1438/401
f 3278/1438/401 3296/1456/401 3295/1457/401 3277/1439/401
f 3277/1439/401 3295/1457/401 3293/1458/401 3275/1440/401
f 3340/1459/402 3322/1448/402 3321/1449/402 3339/1460/402
f 3341/1461/402 3323/1447/402 3322/1448/402 3340/1459/402
f 3342/1462/402 3324/1446/402 3323/1447/402 3341/1461/402
f 3343/1463/402 3325/1445/402 3324/1446/402 3342/1462/402
f 3344/1464/402 3326/1444/402 3325/1445/402 3343/1463/402
f 3346/1465/402 3328/1442/402 3326/1444/402 3344/1464/402
f 3330/1466/402 3312/1443/402 3327/1441/402 3345/1467/402
f 3345/1467/402 3327/1441/402 3328/1442/402 3346/1465/402
f 3300/1450/403 3318/1468/403 3319/1469/403 3301/1451/403
f 3302/1452/403 3320/1470/403 3318/1468/403 3300/1450/403
f 3301/1451/403 3319/1469/403 3317/1471/403 3299/1453/403
f 3299/1453/403 3317/1471/403 3316/1472/403 3298/1454/403
f 3298/1454/403 3316/1472/403 3315/1473/403 3297/1455/403
f 3297/1455/403 3315/1473/403 3314/1474/403 3296/1456/403
f 3296/1456/403 3314/1474/403 3313/1475/403 3295/1457/403
f 3295/1457/403 3313/1475/403 3311/1476/403 3293/1458/403
f 3194/1360/404 3345/1467/404 3346/1465/404 3205/1348/404
f 3097/1359/404 3330/1466/404 3345/1467/404 3194/1360/404
f 3205/1348/404 3346/1465/404 3344/1464/404 3176/1309/404
f 3176/1309/404 3344/1464/404 3343/1463/404 3158/1283/404
f 3158/1283/404 3343/1463/404 3342/1462/404 3152/1252/404
f 3152/1252/404 3342/1462/404 3341/1461/404 3121/1235/404
f 3121/1235/404 3341/1461/404 3340/1459/404 3107/1175/404
f 3107/1175/404 3340/1459/404 3339/1460/404 3098/1176/404
f 3318/1468/405 3336/1373/405 3337/1332/405 3319/1469/405
f 3320/1470/405 3338/1370/405 3336/1373/405 3318/1468/405
f 3319/1469/405 3337/1332/405 3335/1325/405 3317/1471/405
f 3317/1471/405 3335/1325/405 3334/1299/405 3316/1472/405
f 3316/1472/405 3334/1299/405 3333/1273/405 3315/1473/405
f 3315/1473/405 3333/1273/405 3332/1213/405 3314/1474/405
f 3314/1474/405 3332/1213/405 3331/1193/405 3313/1475/405
f 3313/1475/405 3331/1193/405 3329/1196/405 3311/1476/405
f 3133/1214/406 3353/1477/406 3352/1478/406 3116/1194/406
f 3381/1479/407 3362/1361/407 3364/1347/407 3382/1480/407
f 3202/1372/406 3361/1481/406 3363/1482/406 3214/1333/406
f 3366/1483/407 3348/1358/407 3362/1361/407 3381/1479/407
f 3086/1371/406 3349/1484/406 3361/1481/406 3202/1372/406
f 3214/1333/406 3363/1482/406 3360/1485/406 3188/1326/406
f 3382/1480/407 3364/1347/407 3359/1308/407 3380/1486/407
f 3380/1486/407 3359/1308/407 3358/1282/407 3379/1487/407
f 3188/1326/406 3360/1485/406 3357/1488/406 3170/1300/406
f 3379/1487/407 3358/1282/407 3356/1251/407 3378/1489/407
f 3170/1300/406 3357/1488/406 3355/1490/406 3139/1274/406
f 3378/1489/407 3356/1251/407 3354/1234/407 3377/1491/407
f 3139/1274/406 3355/1490/406 3353/1477/406 3133/1214/406
f 3377/1491/407 3354/1234/407 3351/1174/407 3376/1492/407
f 3376/1492/407 3351/1174/407 3350/1177/407 3375/1493/407
f 3116/1194/406 3352/1478/406 3347/1494/406 3094/1195/406
f 3106/1495/408 3376/1492/408 3375/1493/408 3085/1496/408
f 3119/1497/408 3377/1491/408 3376/1492/408 3106/1495/408
f 3154/1498/408 3378/1489/408 3377/1491/408 3119/1497/408
f 3156/1499/408 3379/1487/408 3378/1489/408 3154/1498/408
f 3174/1500/408 3380/1486/408 3379/1487/408 3156/1499/408
f 3204/1501/408 3382/1480/408 3380/1486/408 3174/1500/408
f 3084/1502/408 3366/1483/408 3381/1479/408 3192/1503/408
f 3192/1503/408 3381/1479/408 3382/1480/408 3204/1501/408
f 3353/1477/409 3368/1244/409 3367/1166/409 3352/1478/409
f 3361/1481/409 3372/1357/409 3373/1352/409 3363/1482/409
f 3349/1484/409 3374/1354/409 3372/1357/409 3361/1481/409
f 3363/1482/409 3373/1352/409 3371/1302/409 3360/1485/409
f 3360/1485/409 3371/1302/409 3370/1276/409 3357/1488/409
f 3357/1488/409 3370/1276/409 3369/1241/409 3355/1490/409
f 3355/1490/409 3369/1241/409 3368/1244/409 3353/1477/409
f 3352/1478/409 3367/1166/409 3365/1169/409 3347/1494/409
f 3211/1504/410 3390/1505/410 3389/1506/410 3185/1507/410
f 3185/1507/410 3389/1506/410 3388/1508/410 3167/1509/410
f 3167/1509/410 3388/1508/410 3387/1510/410 3142/1511/410
f 3142/1511/410 3387/1510/410 3386/1512/410 3130/1513/410
f 3130/1513/410 3386/1512/410 3385/1514/410 3113/1515/410
f 3113/1515/410 3385/1514/410 3384/1516/410 3092/1517/410
f 3401/1518/386 3400/1519/386 3399/1520/386 3411/1521/386
f 3423/1522/411 3398/1523/411 3397/1524/411 3422/1525/411
f 3411/1521/386 3399/1520/386 3396/1526/386 3410/1527/386
f 3422/1525/411 3397/1524/411 3395/1528/411 3421/1529/411
f 3410/1527/386 3396/1526/386 3394/1530/386 3409/1531/386
f 3421/1529/411 3395/1528/411 3393/1532/411 3420/1237/411
f 3409/1531/386 3394/1530/386 3392/1377/386 3408/1376/386
f 3135/1208/387 3125/1259/387 3413/1378/387 3407/1209/387
f 3420/1237/387 3393/1532/387 3424/1378/387 3430/1238/387
f 3147/1258/386 3409/1531/386 3408/1376/386 3125/1259/386
f 3162/1289/386 3410/1527/386 3409/1531/386 3147/1258/386
f 3180/1315/386 3411/1521/386 3410/1527/386 3162/1289/386
f 3198/1342/386 3401/1518/386 3411/1521/386 3180/1315/386
f 3391/1533/412 3485/1337/412 3406/1319/412 3398/1523/412
f 3398/1523/412 3406/1319/412 3405/1293/412 3397/1524/412
f 3397/1524/412 3405/1293/412 3404/1265/412 3395/1528/412
f 3395/1528/412 3404/1265/412 3403/1268/412 3393/1532/412
f 3403/1268/387 3128/1267/387 3413/1378/387 3419/1379/387
f 3809/1228/387 3460/1222/387 3127/1263/387 3466/1534/387
f 3432/1535/413 3421/1529/413 3420/1237/413 3431/1236/413
f 3433/1536/413 3422/1525/413 3421/1529/413 3432/1535/413
f 3434/1537/413 3423/1522/413 3422/1525/413 3433/1536/413
f 3400/1519/386 3418/1538/386 3417/1539/386 3399/1520/386
f 3399/1520/386 3417/1539/386 3416/1540/386 3396/1526/386
f 3396/1526/386 3416/1540/386 3415/1541/386 3394/1530/386
f 3394/1530/386 3415/1541/386 3414/1542/386 3392/1377/386
f 3460/1222/387 3219/1221/387 3136/1264/387 3127/1263/387
f 3447/1543/414 3434/1537/414 3433/1536/414 3446/1544/414
f 3446/1544/414 3433/1536/414 3432/1535/414 3445/1545/414
f 3445/1545/414 3432/1535/414 3431/1236/414 3444/1546/414
f 3449/1224/387 3455/1547/387 3444/1546/387 3443/1225/387
f 3418/1538/415 3429/1548/415 3428/1549/415 3417/1539/415
f 3417/1539/415 3428/1549/415 3427/1550/415 3416/1540/415
f 3416/1540/415 3427/1550/415 3426/1551/415 3415/1541/415
f 3415/1541/415 3426/1551/415 3425/1240/415 3414/1542/415
f 3809/1228/387 3466/1534/387 3455/1547/387 3449/1224/387
f 3437/1239/387 3430/1238/387 3414/1542/387 3425/1240/387
f 3456/1552/416 3445/1545/416 3444/1546/416 3455/1547/416
f 3457/1553/416 3446/1544/416 3445/1545/416 3456/1552/416
f 3458/1554/416 3447/1543/416 3446/1544/416 3457/1553/416
f 3429/1548/417 3442/1555/417 3441/1556/417 3428/1549/417
f 3428/1549/417 3441/1556/417 3440/1557/417 3427/1550/417
f 3427/1550/417 3440/1557/417 3439/1558/417 3426/1551/417
f 3426/1551/417 3439/1558/417 3438/1226/417 3425/1240/417
f 3443/1225/387 3444/1546/387 3431/1236/387 3437/1239/387
f 3459/1559/418 3448/1560/418 3458/1554/418 3469/1561/418
f 3469/1561/418 3458/1554/418 3457/1553/418 3468/1562/418
f 3468/1562/418 3457/1553/418 3456/1552/418 3467/1563/418
f 3467/1563/418 3456/1552/418 3455/1547/418 3466/1534/418
f 3419/1379/387 3424/1378/387 3393/1532/387 3403/1268/387
f 3442/1555/419 3454/1564/419 3453/1565/419 3441/1556/419
f 3441/1556/419 3453/1565/419 3452/1566/419 3440/1557/419
f 3440/1557/419 3452/1566/419 3451/1567/419 3439/1558/419
f 3439/1558/419 3451/1567/419 3450/1223/419 3438/1226/419
f 3430/1238/387 3424/1378/387 3392/1377/387 3414/1542/387
f 3117/1185/388 3103/1188/388 3218/1229/388 3402/1210/388
f 3407/1209/387 3413/1378/387 3128/1267/387 3134/1217/387
f 3145/1262/420 3467/1563/420 3466/1534/420 3127/1263/420
f 3164/1292/420 3468/1562/420 3467/1563/420 3145/1262/420
f 3182/1318/420 3469/1561/420 3468/1562/420 3164/1292/420
f 3090/1339/420 3459/1559/420 3469/1561/420 3182/1318/420
f 3454/1564/421 3465/1340/421 3464/1316/421 3453/1565/421
f 3453/1565/421 3464/1316/421 3463/1290/421 3452/1566/421
f 3452/1566/421 3463/1290/421 3462/1260/421 3451/1567/421
f 3451/1567/421 3462/1260/421 3461/1227/421 3450/1223/421
f 3419/1379/387 3413/1378/387 3125/1259/387 3408/1376/387
f 3134/1217/388 3117/1185/388 3402/1210/388 3407/1209/388
f 3141/1568/422 3383/1569/422 3196/1170/422 3131/1173/422
f 3168/1570/423 3141/1568/423 3212/1571/423 3088/1570/423
f 3384/1570/423 3383/1569/423 3141/1568/423 3168/1570/423
f 3088/1570/423 3212/1571/423 3242/1572/423 3248/1570/423
f 3461/1227/387 3126/1219/387 3460/1222/387 3809/1228/387
f 3131/1173/424 3186/1198/424 3212/1571/424 3141/1568/424
f 3242/1572/422 3212/1571/422 3186/1198/422 3249/1212/422
f 3383/1570/410 3390/1505/410 3211/1504/410 3089/1570/410
f 3482/1573/386 3178/1313/386 3197/1570/386 3484/1574/386
f 3480/1575/386 3479/1576/386 3123/1231/386 3149/1256/386
f 3474/1577/386 3110/1183/386 3123/1231/386 3479/1576/386
f 3478/1578/387 3483/1579/387 3216/1570/387 3101/1184/387
f 3102/1202/386 3478/1578/386 3474/1577/386 3111/1199/386
f 3102/1202/387 3217/1203/387 3483/1579/387 3478/1578/387
f 3110/1183/386 3474/1577/386 3478/1578/386 3101/1184/386
f 3217/1203/387 3091/1206/387 3471/1580/387 3483/1579/387
f 3124/1207/386 3111/1199/386 3474/1577/386 3479/1576/386
f 3160/1287/386 3481/1581/386 3480/1575/386 3149/1256/386
f 3178/1313/386 3482/1573/386 3481/1581/386 3160/1287/386
f 3148/1275/386 3124/1207/386 3479/1576/386 3480/1575/386
f 3092/1517/383 3471/1582/383 3472/1583/383 3113/1515/383
f 3113/1515/383 3472/1583/383 3473/1584/383 3130/1513/383
f 3130/1513/383 3473/1584/383 3475/1585/383 3142/1511/383
f 3142/1511/383 3475/1585/383 3476/1586/383 3167/1509/383
f 3167/1509/383 3476/1586/383 3477/1587/383 3185/1507/383
f 3185/1507/383 3477/1587/383 3470/1588/383 3211/1504/383
f 3089/1570/383 3211/1504/383 3470/1588/383
f 3423/1522/411 3412/1589/411 3391/1590/411 3398/1523/411
f 3423/1522/413 3434/1537/413 3435/1570/413 3412/1589/413
f 3434/1537/414 3447/1543/414 3436/1591/414 3435/1570/414
f 3447/1543/416 3458/1554/416 3448/1560/416 3436/1591/416
f 3148/1275/386 3480/1575/386 3481/1581/386 3161/1301/386
f 3161/1301/386 3481/1581/386 3482/1573/386 3179/1327/386
f 3179/1327/386 3482/1573/386 3484/1574/386 3209/1328/386
f 3112/1186/383 3472/1583/383 3471/1582/383 3091/1187/383
f 3129/1218/383 3473/1584/383 3472/1583/383 3112/1186/383
f 3143/1270/383 3475/1585/383 3473/1584/383 3129/1218/383
f 3166/1296/383 3476/1586/383 3475/1585/383 3143/1270/383
f 3184/1322/383 3477/1587/383 3476/1586/383 3166/1296/383
f 3494/1570/425 3495/1570/425 3511/1570/425 3510/1570/425
f 3495/1570/426 3496/1570/426 3512/1570/426 3511/1570/426
f 3496/1570/427 3497/1570/427 3513/1570/427 3512/1570/427
f 3497/1570/428 3498/1570/428 3514/1570/428 3513/1570/428
f 3498/1570/429 3499/1570/429 3515/1570/429 3514/1570/429
f 3499/1570/430 3500/1570/430 3516/1570/430 3515/1570/430
f 3486/1570/431 3487/1570/431 3503/1570/431 3502/1570/431
f 3487/1570/432 3488/1570/432 3504/1570/432 3503/1570/432
f 3488/1570/433 3489/1570/433 3505/1570/433 3504/1570/433
f 3489/1570/434 3490/1570/434 3506/1570/434 3505/1570/434
f 3490/1570/435 3491/1570/435 3507/1570/435 3506/1570/435
f 3491/1570/436 3492/1570/436 3508/1570/436 3507/1570/436
f 3492/1570/437 3493/1570/437 3509/1570/437 3508/1570/437
f 3493/1570/438 3494/1570/438 3510/1570/438 3509/1570/438
f 3524/1570/439 3525/1570/439 3537/1570/439 3598/1570/439 3563/1570/439
f 3525/1570/440 3526/1570/440 3538/1570/440 3577/1570/440 3537/1570/440
f 3526/1570/441 3527/1570/441 3539/1570/441 3578/1570/441 3538/1570/441
f 3527/1570/442 3528/1570/442 3564/1570/442 3599/1570/442 3539/1570/442
f 3528/1570/443 3529/1570/443 3540/1570/443 3600/1570/443 3564/1570/443
f 3529/1570/444 3530/1570/444 3541/1570/444 3579/1570/444 3540/1570/444
f 3530/1570/445 3531/1570/445 3542/1570/445 3580/1570/445 3541/1570/445
f 3531/1570/446 3532/1570/446 3565/1570/446 3601/1570/446 3542/1570/446
f 3518/1570/447 3519/1570/447 3560/1570/447 3587/1570/447 3559/1570/447
f 3519/1570/448 3520/1570/448 3535/1570/448 3594/1570/448 3560/1570/448
f 3520/1570/449 3521/1570/449 3561/1570/449 3595/1570/449 3535/1570/449
f 3521/1570/450 3522/1570/450 3536/1570/450 3596/1570/450 3561/1570/450
f 3522/1570/451 3523/1570/451 3562/1570/451 3597/1570/451 3536/1570/451
f 3523/1570/452 3524/1570/452 3563/1570/452 3588/1570/452 3562/1570/452
f 3435/1570/414 3436/1591/414 3573/1591/414 3590/1592/414 3572/1570/414
f 3203/1350/390 3223/1349/390 3552/1349/390 3609/1593/390 3567/1350/390
f 3090/1339/392 3203/1338/392 3567/1338/392 3607/1594/392 3549/1339/392
f 3412/1595/411 3569/1595/411 3605/1596/411 3553/1597/411 3391/1597/411
f 3090/1598/420 3549/1598/420 3581/1599/420 3556/1600/420 3459/1600/420
f 3193/1601/394 3566/1601/394 3604/1602/394 3552/1603/394 3223/1603/394
f 3448/1604/416 3554/1604/416 3606/1605/416 3573/1591/416 3436/1591/416
f 3391/1597/412 3553/1597/412 3585/1606/412 3558/1607/412 3485/1607/412
f 3448/1560/418 3459/1559/418 3556/1559/418 3582/1608/418 3554/1560/418
f 3412/1589/413 3435/1570/413 3572/1570/413 3593/1609/413 3569/1589/413
f 3538/1570/422 3578/1570/422 3539/1570/422 3599/1570/422 3564/1570/422 3600/1570/422 3540/1570/422 3579/1570/422 3541/1570/422 3580/1570/422 3542/1570/422 3601/1570/422 3565/1570/422 3602/1570/422 3543/1570/422 3575/1570/422 3551/1570/422 3584/1610/422 3558/1607/422 3585/1606/422 3553/1597/422 3605/1596/422 3569/1595/422 3593/1611/422 3572/1570/422 3590/1592/422 3573/1591/422 3606/1605/422 3554/1604/422 3582/1612/422 3556/1559/422 3581/1613/422 3549/1598/422 3607/1614/422 3567/1338/422 3609/1615/422 3552/1349/422 3604/1616/422 3566/1601/422 3608/1617/422 3550/1618/422 3583/1619/422 3557/1620/422 3586/1621/422 3555/1564/422 3611/1622/422 3574/1555/422 3589/1623/422 3571/1548/422 3592/1624/422 3570/1538/422 3591/1625/422 3568/1519/422 3610/1626/422 3534/1570/422 3603/1570/422 3559/1570/422 3587/1570/422 3560/1570/422 3594/1570/422 3535/1570/422 3595/1570/422 3561/1570/422 3596/1570/422 3536/1570/422 3597/1570/422 3562/1570/422 3588/1570/422 3563/1570/422 3598/1570/422 3537/1570/422 3577/1570/422
f 3547/1570/453 3546/1570/453 3486/1570/453 3502/1570/453
f 3503/1570/454 3504/1570/454 3505/1570/454 3506/1570/454 3507/1570/454 3508/1570/454 3509/1570/454 3510/1570/454 3511/1570/454 3512/1570/454 3513/1570/454 3514/1570/454 3515/1570/454 3516/1570/454 3544/1570/454 3545/1570/454 3548/1570/454 3613/1570/454 3612/1570/454 3547/1570/454 3502/1570/454
f 3197/1570/455 3089/1570/455 3470/1588/455 3484/1574/455
f 3544/1570/456 3501/1570/456 3210/1336/456 3215/1331/456 3533/1570/456 3545/1570/456
f 3501/1570/457 3544/1570/457 3516/1570/457 3500/1570/457
f 3547/1570/386 3612/1570/386 3209/1570/386 3546/1570/386
f 3209/1328/458 3612/1570/458 3613/1570/458 3104/1329/458
f 3613/1570/386 3548/1570/386 3517/1570/386 3104/1329/386
f 3534/1570/459 3548/1570/459 3518/1570/459 3559/1570/459
f 3435/1570/413 3572/1570/413 3569/1595/413 3412/1589/413
f 3199/1330/393 3485/1337/393 3558/1607/393 3551/1570/393
f 3551/1570/383 3575/1570/383 3576/1570/383 3199/1330/383
f 3543/1570/383 3533/1570/383 3576/1570/383 3575/1570/383
f 3614/1627/460 3615/1628/460 3617/1629/460 3616/1630/460
f 3616/1630/461 3617/1629/461 3619/1631/461 3618/1632/461
f 3618/1632/462 3619/1631/462 3621/1633/462 3620/1634/462
f 3620/1634/463 3621/1633/463 3623/1635/463 3622/1636/463
f 3622/1636/464 3623/1635/464 3625/1637/464 3624/1638/464
f 3624/1638/465 3625/1637/465 3627/1639/465 3626/1640/465
f 3626/1640/466 3627/1639/466 3629/1641/466 3628/1642/466
f 3628/1642/411 3629/1641/411 3631/1643/411 3630/1644/411
f 3630/1644/467 3631/1643/467 3633/1645/467 3632/1646/467
f 3632/1646/468 3633/1645/468 3635/1647/468 3634/1648/468
f 3634/1648/469 3635/1647/469 3637/1649/469 3636/1650/469
f 3636/1650/470 3637/1649/470 3639/1651/470 3638/1496/470
f 3638/1496/471 3639/1651/471 3641/1652/471 3640/1653/471
f 3640/1653/472 3641/1652/472 3643/1654/472 3642/1655/472
f 3642/1655/473 3643/1654/473 3645/1656/473 3644/1657/473
f 3644/1657/474 3645/1656/474 3647/1658/474 3646/1659/474
f 3646/1659/475 3647/1658/475 3649/1660/475 3648/1661/475
f 3648/1661/476 3649/1660/476 3651/1662/476 3650/1663/476
f 3650/1663/477 3651/1662/477 3653/1664/477 3652/1665/477
f 3652/1665/478 3653/1664/478 3655/1666/478 3654/1502/478
f 3654/1502/479 3655/1666/479 3657/1667/479 3656/1668/479
f 3656/1668/480 3657/1667/480 3659/1669/480 3658/1670/480
f 3658/1670/449 3659/1669/449 3661/1671/449 3660/1672/449
f 3660/1672/481 3661/1671/481 3663/1673/481 3662/1674/481
f 3662/1674/482 3663/1673/482 3665/1675/482 3664/1676/482
f 3664/1676/483 3665/1675/483 3667/1677/483 3666/1678/483
f 3666/1678/484 3667/1677/484 3669/1679/484 3668/1680/484
f 3668/1680/485 3669/1679/485 3671/1681/485 3670/1682/485
f 3670/1682/486 3671/1681/486 3673/1683/486 3672/1684/486
f 3672/1684/487 3673/1683/487 3675/1685/487 3674/1686/487
f 3617/1687/422 3615/1688/422 3678/1689/422 3631/1690/422 3629/1691/422 3627/1692/422 3625/1693/422 3623/1694/422 3621/1695/422 3619/1696/422
f 3674/1686/488 3675/1685/488 3677/1697/488 3676/1698/488
f 3676/1698/489 3677/1697/489 3615/1699/489 3614/1700/489
f 3614/1701/387 3679/1702/387 3662/1703/387 3664/1704/387 3666/1705/387 3668/1706/387 3670/1707/387 3672/1708/387 3674/1709/387 3676/1710/387
f 3646/1711/387 3679/1702/387 3630/1712/387 3632/1713/387 3634/1714/387 3636/1715/387 3638/1716/387 3640/1717/387 3642/1718/387 3644/1719/387
f 3647/1720/422 3678/1689/422 3663/1721/422 3661/1722/422 3659/1723/422 3657/1724/422 3655/1725/422 3653/1726/422 3651/1727/422 3649/1728/422
f 3662/1703/387 3679/1702/387 3646/1711/387 3648/1729/387 3650/1730/387 3652/1731/387 3654/1732/387 3656/1733/387 3658/1734/387 3660/1735/387
f 3663/1721/422 3678/1689/422 3615/1688/422 3677/1736/422 3675/1737/422 3673/1738/422 3671/1739/422 3669/1740/422 3667/1741/422 3665/1742/422
f 3631/1690/422 3678/1689/422 3647/1720/422 3645/1743/422 3643/1744/422 3641/1745/422 3639/1746/422 3637/1747/422 3635/1748/422 3633/1749/422
f 3630/1712/387 3679/1702/387 3614/1701/387 3616/1750/387 3618/1751/387 3620/1752/387 3622/1753/387 3624/1754/387 3626/1755/387 3628/1756/387
f 3680/1627/490 3681/1628/490 3683/1629/490 3682/1630/490
f 3682/1630/491 3683/1629/491 3685/1631/491 3684/1632/491
f 3684/1632/492 3685/1631/492 3687/1633/492 3686/1634/492
f 3686/1634/493 3687/1633/493 3689/1635/493 3688/1636/493
f 3688/1636/416 3689/1635/416 3691/1637/416 3690/1638/416
f 3690/1638/494 3691/1637/494 3693/1639/494 3692/1640/494
f 3692/1640/466 3693/1639/466 3695/1641/466 3694/1642/466
f 3694/1642/411 3695/1641/411 3697/1643/411 3696/1644/411
f 3696/1644/495 3697/1643/495 3699/1645/495 3698/1646/495
f 3698/1646/468 3699/1645/468 3701/1647/468 3700/1648/468
f 3700/1648/496 3701/1647/496 3703/1649/496 3702/1650/496
f 3702/1650/497 3703/1649/497 3705/1651/497 3704/1496/497
f 3704/1496/498 3705/1651/498 3707/1652/498 3706/1653/498
f 3706/1653/499 3707/1652/499 3709/1654/499 3708/1655/499
f 3708/1655/500 3709/1654/500 3711/1656/500 3710/1657/500
f 3710/1657/501 3711/1656/501 3713/1658/501 3712/1659/501
f 3712/1659/502 3713/1658/502 3715/1660/502 3714/1661/502
f 3714/1661/503 3715/1660/503 3717/1662/503 3716/1663/503
f 3716/1663/504 3717/1662/504 3719/1664/504 3718/1665/504
f 3718/1665/505 3719/1664/505 3721/1666/505 3720/1502/505
f 3720/1502/451 3721/1666/451 3723/1667/451 3722/1668/451
f 3722/1668/506 3723/1667/506 3725/1669/506 3724/1670/506
f 3724/1670/449 3725/1669/449 3727/1671/449 3726/1672/449
f 3726/1672/448 3727/1671/448 3729/1673/448 3728/1674/448
f 3728/1674/482 3729/1673/482 3731/1675/482 3730/1676/482
f 3730/1676/483 3731/1675/483 3733/1677/483 3732/1678/483
f 3732/1678/507 3733/1677/507 3735/1679/507 3734/1680/507
f 3734/1680/508 3735/1679/508 3737/1681/508 3736/1682/508
f 3736/1682/509 3737/1681/509 3739/1683/509 3738/1684/509
f 3738/1684/510 3739/1683/510 3741/1685/510 3740/1686/510
f 3683/1687/422 3681/1688/422 3743/1736/422 3741/1737/422 3739/1738/422 3737/1739/422 3735/1740/422 3733/1741/422 3731/1742/422 3729/1721/422 3727/1722/422 3725/1723/422 3723/1724/422 3721/1725/422 3719/1726/422 3717/1727/422 3715/1728/422 3713/1720/422 3711/1743/422 3709/1744/422 3707/1745/422 3705/1746/422 3703/1747/422 3701/1748/422 3699/1749/422 3697/1690/422 3695/1691/422 3693/1692/422 3691/1693/422 3689/1694/422 3687/1695/422 3685/1696/422
f 3740/1686/511 3741/1685/511 3743/1697/511 3742/1698/511
f 3742/1698/512 3743/1697/512 3681/1699/512 3680/1700/512
f 3680/1701/387 3682/1750/387 3684/1751/387 3686/1752/387 3688/1753/387 3690/1754/387 3692/1755/387 3694/1756/387 3696/1712/387 3698/1713/387 3700/1714/387 3702/1715/387 3704/1716/387 3706/1717/387 3708/1718/387 3710/1719/387 3712/1711/387 3714/1729/387 3716/1730/387 3718/1731/387 3720/1732/387 3722/1733/387 3724/1734/387 3726/1735/387 3728/1703/387 3730/1704/387 3732/1705/387 3734/1706/387 3736/1707/387 3738/1708/387 3740/1709/387 3742/1710/387
f 3744/1627/513 3745/1628/513 3747/1629/513 3746/1630/513
f 3746/1630/514 3747/1629/514 3749/1631/514 3748/1632/514
f 3748/1632/492 3749/1631/492 3751/1633/492 3750/1634/492
f 3750/1634/515 3751/1633/515 3753/1635/515 3752/1636/515
f 3752/1636/416 3753/1635/416 3755/1637/416 3754/1638/416
f 3754/1638/516 3755/1637/516 3757/1639/516 3756/1640/516
f 3756/1640/517 3757/1639/517 3759/1641/517 3758/1642/517
f 3758/1642/411 3759/1641/411 3761/1643/411 3760/1644/411
f 3760/1644/495 3761/1643/495 3763/1645/495 3762/1646/495
f 3762/1646/468 3763/1645/468 3765/1647/468 3764/1648/468
f 3764/1648/518 3765/1647/518 3767/1649/518 3766/1650/518
f 3766/1650/497 3767/1649/497 3769/1651/497 3768/1496/497
f 3768/1496/519 3769/1651/519 3771/1652/519 3770/1653/519
f 3770/1653/499 3771/1652/499 3773/1654/499 3772/1655/499
f 3772/1655/520 3773/1654/520 3775/1656/520 3774/1657/520
f 3774/1657/521 3775/1656/521 3777/1658/521 3776/1659/521
f 3776/1659/522 3777/1658/522 3779/1660/522 3778/1661/522
f 3778/1661/523 3779/1660/523 3781/1662/523 3780/1663/523
f 3780/1663/504 3781/1662/504 3783/1664/504 3782/1665/504
f 3782/1665/524 3783/1664/524 3785/1666/524 3784/1502/524
f 3784/1502/451 3785/1666/451 3787/1667/451 3786/1668/451
f 3786/1668/450 3787/1667/450 3789/1669/450 3788/1670/450
f 3788/1670/525 3789/1669/525 3791/1671/525 3790/1672/525
f 3790/1672/448 3791/1671/448 3793/1673/448 3792/1674/448
f 3792/1674/447 3793/1673/447 3795/1675/447 3794/1676/447
f 3794/1676/483 3795/1675/483 3797/1677/483 3796/1678/483
f 3796/1678/526 3797/1677/526 3799/1679/526 3798/1680/526
f 3798/1680/419 3799/1679/419 3801/1681/419 3800/1682/419
f 3800/1682/527 3801/1681/527 3803/1683/527 3802/1684/527
f 3802/1684/510 3803/1683/510 3805/1685/510 3804/1686/510
f 3747/1687/422 3745/1688/422 3807/1736/422 3805/1737/422 3803/1738/422 3801/1739/422 3799/1740/422 3797/1741/422 3795/1742/422 3793/1721/422 3791/1722/422 3789/1723/422 3787/1724/422 3785/1725/422 3783/1726/422 3781/1727/422 3779/1728/422 3777/1720/422 3775/1743/422 3773/1744/422 3771/1745/422 3769/1746/422 3767/1747/422 3765/1748/422 3763/1749/422 3761/1690/422 3759/1691/422 3757/1692/422 3755/1693/422 3753/1694/422 3751/1695/422 3749/1696/422
f 3804/1686/528 3805/1685/528 3807/1697/528 3806/1698/528
f 3806/1698/529 3807/1697/529 3745/1699/529 3744/1700/529
f 3744/1701/387 3746/1750/387 3748/1751/387 3750/1752/387 3752/1753/387 3754/1754/387 3756/1755/387 3758/1756/387 3760/1712/387 3762/1713/387 3764/1714/387 3766/1715/387 3768/1716/387 3770/1717/387 3772/1718/387 3774/1719/387 3776/1711/387 3778/1729/387 3780/1730/387 3782/1731/387 3784/1732/387 3786/1733/387 3788/1734/387 3790/1735/387 3792/1703/387 3794/1704/387 3796/1705/387 3798/1706/387 3800/1707/387 3802/1708/387 3804/1709/387 3806/1710/387
f 3808/1627/513 3809/1628/513 3811/1629/513 3810/1630/513
f 3810/1630/514 3811/1629/514 3813/1631/514 3812/1632/514
f 3812/1632/492 3813/1631/492 3815/1633/492 3814/1634/492
f 3814/1634/515 3815/1633/515 3817/1635/515 3816/1636/515
f 3816/1636/416 3817/1635/416 3819/1637/416 3818/1638/416
f 3818/1638/516 3819/1637/516 3821/1639/516 3820/1640/516
f 3820/1640/517 3821/1639/517 3823/1641/517 3822/1642/517
f 3822/1642/411 3823/1641/411 3825/1643/411 3824/1644/411
f 3824/1644/495 3825/1643/495 3827/1645/495 3826/1646/495
f 3826/1646/468 3827/1645/468 3829/1647/468 3828/1648/468
f 3828/1648/518 3829/1647/518 3831/1649/518 3830/1650/518
f 3830/1650/497 3831/1649/497 3833/1651/497 3832/1496/497
f 3832/1496/519 3833/1651/519 3835/1652/519 3834/1653/519
f 3834/1653/499 3835/1652/499 3837/1654/499 3836/1655/499
f 3836/1655/520 3837/1654/520 3839/1656/520 3838/1657/520
f 3838/1657/521 3839/1656/521 3841/1658/521 3840/1659/521
f 3840/1659/522 3841/1658/522 3843/1660/522 3842/1661/522
f 3842/1661/523 3843/1660/523 3845/1662/523 3844/1663/523
f 3844/1663/504 3845/1662/504 3847/1664/504 3846/1665/504
f 3846/1665/524 3847/1664/524 3849/1666/524 3848/1502/524
f 3848/1502/451 3849/1666/451 3851/1667/451 3850/1668/451
f 3850/1668/450 3851/1667/450 3853/1669/450 3852/1670/450
f 3852/1670/525 3853/1669/525 3855/1671/525 3854/1672/525
f 3854/1672/448 3855/1671/448 3857/1673/448 3856/1674/448
f 3856/1674/447 3857/1673/447 3859/1675/447 3858/1676/447
f 3858/1676/483 3859/1675/483 3861/1677/483 3860/1678/483
f 3860/1678/526 3861/1677/526 3863/1679/526 3862/1680/526
f 3862/1680/419 3863/1679/419 3865/1681/419 3864/1682/419
f 3864/1682/527 3865/1681/527 3867/1683/527 3866/1684/527
f 3866/1684/510 3867/1683/510 3869/1685/510 3868/1686/510
f 3811/1687/422 3809/1688/422 3871/1736/422 3869/1737/422 3867/1738/422 3865/1739/422 3863/1740/422 3861/1741/422 3859/1742/422 3857/1721/422 3855/1722/422 3853/1723/422 3851/1724/422 3849/1725/422 3847/1726/422 3845/1727/422 3843/1728/422 3841/1720/422 3839/1743/422 3837/1744/422 3835/1745/422 3833/1746/422 3831/1747/422 3829/1748/422 3827/1749/422 3825/1690/422 3823/1691/422 3821/1692/422 3819/1693/422 3817/1694/422 3815/1695/422 3813/1696/422
f 3868/1686/528 3869/1685/528 3871/1697/528 3870/1698/528
f 3870/1698/529 3871/1697/529 3809/1699/529 3808/1700/529
f 3808/1701/387 4193/1757/387 3856/1703/387 3858/1704/387 3860/1705/387 3862/1706/387 3864/1707/387 3866/1708/387 3868/1709/387 3870/1710/387
f 4080/1758/530 3914/1658/530 3992/1570/530 4048/1570/530
f 4057/1570/531 4059/1570/531 4058/1570/531 4056/1570/531
f 4055/1570/532 4057/1570/532 4056/1570/532 4054/1570/532
f 4034/1570/533 4033/1570/533 4031/1570/533 4032/1570/533
f 4036/1570/534 4035/1570/534 4033/1570/534 4034/1570/534
f 4038/1570/535 4037/1570/535 4035/1570/535 4036/1570/535
f 4040/1570/536 4039/1570/536 4037/1570/536 4038/1570/536
f 4042/1570/537 4041/1570/537 4039/1570/537 4040/1570/537
f 4044/1570/538 4043/1570/538 4041/1570/538 4042/1570/538
f 4045/1570/539 3880/1570/539 4043/1570/539 4044/1570/539
f 4047/1570/540 4046/1570/540 3880/1570/540 4045/1570/540
f 4049/1570/541 4048/1570/541 4046/1570/541 4047/1570/541
f 4051/1570/542 4050/1570/542 4048/1570/542 4049/1570/542
f 4053/1570/543 4052/1570/543 4050/1570/543 4051/1570/543
f 4054/1570/544 4052/1570/544 4053/1570/544 4055/1570/544
f 3877/1570/545 3875/1570/545 3969/1570/545 3970/1570/545
f 3998/1570/544 3996/1570/544 4052/1570/544 4054/1570/544
f 4000/1570/532 3998/1570/532 4054/1570/532 4056/1570/532
f 4002/1570/531 4000/1570/531 4056/1570/531 4058/1570/531
f 3996/1570/543 3994/1570/543 4050/1570/543 4052/1570/543
f 3994/1570/542 3992/1570/542 4048/1570/542 4050/1570/542
f 3992/1570/541 3990/1570/541 4046/1570/541 4048/1570/541
f 3990/1570/540 3988/1570/540 3880/1570/540 4046/1570/540
f 3988/1570/539 3986/1570/539 4043/1570/539 3880/1570/539
f 3986/1570/538 3984/1570/538 4041/1570/538 4043/1570/538
f 3984/1570/537 3982/1570/537 4039/1570/537 4041/1570/537
f 3982/1570/536 3980/1570/536 4037/1570/536 4039/1570/536
f 3980/1570/535 3978/1570/535 4035/1570/535 4037/1570/535
f 3978/1570/534 3976/1570/534 4033/1570/534 4035/1570/534
f 4031/1570/533 4033/1570/533 3976/1570/533 3974/1570/533
f 3878/1570/546 4031/1570/546 3974/1570/546 3972/1570/546
f 4032/1570/546 4031/1570/546 3878/1570/546 3879/1570/546
f 3949/1570/422 3947/1570/422 3945/1570/422 4005/1570/422 4003/1570/422 4001/1570/422 3999/1570/422 3997/1570/422 3995/1570/422 3993/1570/422 3991/1570/422 3989/1570/422 3987/1570/422 3985/1570/422 3983/1570/422 3981/1570/422 3979/1570/422 3977/1570/422 3975/1570/422 3973/1570/422 3971/1570/422 3970/1570/422 3969/1570/422 3967/1570/422 3965/1570/422 3963/1570/422 3961/1570/422 3959/1570/422 3957/1570/422 3955/1570/422 3953/1570/422 3951/1570/422
f 3951/1570/547 4014/1570/547 4012/1570/547 3949/1570/547
f 3953/1570/548 4016/1570/548 4014/1570/548 3951/1570/548
f 3955/1570/549 4017/1570/549 4016/1570/549 3953/1570/549
f 3957/1570/550 4019/1570/550 4017/1570/550 3955/1570/550
f 3959/1570/551 4021/1570/551 4019/1570/551 3957/1570/551
f 3961/1570/552 4023/1570/552 4021/1570/552 3959/1570/552
f 3963/1570/553 4025/1570/553 4023/1570/553 3961/1570/553
f 3965/1570/554 4027/1570/554 4025/1570/554 3963/1570/554
f 4064/1759/555 4065/1760/555 3884/1629/555 3882/1628/555
f 4065/1760/556 4066/1761/556 3886/1631/556 3884/1629/556
f 4066/1761/557 4067/1762/557 3888/1633/557 3886/1631/557
f 4067/1762/558 4068/1763/558 3890/1635/558 3888/1633/558
f 4068/1763/559 4069/1764/559 3892/1637/559 3890/1635/559
f 4069/1764/560 4070/1765/560 3894/1639/560 3892/1637/560
f 4070/1765/561 4071/1766/561 3896/1641/561 3894/1639/561
f 4071/1766/562 4072/1767/562 3898/1643/562 3896/1641/562
f 4072/1767/563 4073/1768/563 3900/1645/563 3898/1643/563
f 4073/1768/564 4074/1769/564 3902/1647/564 3900/1645/564
f 4074/1769/565 4075/1770/565 3904/1649/565 3902/1647/565
f 4075/1770/566 4076/1771/566 3906/1651/566 3904/1649/566
f 4076/1771/567 4077/1772/567 3908/1652/567 3906/1651/567
f 4077/1772/568 4078/1773/568 3910/1654/568 3908/1652/568
f 4078/1773/569 4079/1774/569 3912/1656/569 3910/1654/569
f 4079/1774/570 4080/1758/570 3914/1658/570 3912/1656/570
f 4080/1758/571 4081/1775/571 3916/1660/571 3914/1658/571
f 4081/1775/572 4082/1776/572 3918/1662/572 3916/1660/572
f 4082/1776/573 4083/1777/573 3920/1664/573 3918/1662/573
f 4083/1777/574 4084/1778/574 3922/1666/574 3920/1664/574
f 4084/1778/575 4085/1779/575 3924/1667/575 3922/1666/575
f 4085/1779/576 4086/1780/576 3926/1669/576 3924/1667/576
f 4086/1780/396 4087/1781/396 3928/1671/396 3926/1669/396
f 4087/1781/577 4088/1782/577 3930/1673/577 3928/1671/577
f 4088/1782/578 4089/1783/578 3932/1675/578 3930/1673/578
f 4089/1783/579 4090/1784/579 3934/1677/579 3932/1675/579
f 4090/1784/580 4091/1785/580 3936/1679/580 3934/1677/580
f 4091/1785/581 4092/1786/581 3938/1681/581 3936/1679/581
f 4092/1786/582 4093/1787/582 3940/1683/582 3938/1681/582
f 4093/1787/583 4094/1788/583 3942/1685/583 3940/1683/583
f 3884/1687/387 3886/1696/387 3888/1695/387 3890/1694/387 3892/1693/387 3894/1692/387 3896/1691/387 3898/1690/387 3900/1749/387 3902/1748/387 3904/1747/387 3906/1746/387 3908/1745/387 3910/1744/387 3912/1743/387 3914/1720/387 3916/1728/387 3918/1727/387 3920/1726/387 3922/1725/387 3924/1724/387 3926/1723/387 3928/1722/387 3930/1721/387 3932/1742/387 3934/1741/387 3936/1740/387 3938/1739/387 3940/1738/387 3942/1737/387 3944/1736/387 3882/1688/387
f 4094/1788/584 4095/1789/584 3944/1697/584 3942/1685/584
f 4095/1789/585 4064/1790/585 3882/1699/585 3944/1697/585
f 3881/1701/422 3943/1710/422 3941/1709/422 3939/1708/422 3937/1707/422 3935/1706/422 3933/1705/422 3931/1704/422 3929/1703/422 3927/1735/422 3925/1734/422 3923/1733/422 3921/1732/422 3919/1731/422 3917/1730/422 3915/1729/422 3913/1711/422 3911/1719/422 3909/1718/422 3907/1717/422 3905/1716/422 3903/1715/422 3901/1714/422 3899/1713/422 3897/1712/422 3895/1756/422 3893/1755/422 3891/1754/422 3889/1753/422 3887/1752/422 3885/1751/422 3883/1750/422
f 4029/1570/586 4028/1570/586 4026/1570/586 4027/1570/586
f 4030/1570/587 4028/1570/587 4029/1570/587 3875/1570/587
f 4028/1570/587 4030/1570/587 3872/1570/587 3968/1570/587
f 4026/1570/586 4028/1570/586 3968/1570/586 3966/1570/586
f 4024/1570/554 4026/1570/554 3966/1570/554 3964/1570/554
f 4022/1570/553 4024/1570/553 3964/1570/553 3962/1570/553
f 4020/1570/552 4022/1570/552 3962/1570/552 3960/1570/552
f 4018/1570/551 4020/1570/551 3960/1570/551 3958/1570/551
f 3874/1570/550 4018/1570/550 3958/1570/550 3956/1570/550
f 4015/1570/549 3874/1570/549 3956/1570/549 3954/1570/549
f 4013/1570/548 4015/1570/548 3954/1570/548 3952/1570/548
f 4011/1570/547 4013/1570/547 3952/1570/547 3950/1570/547
f 4009/1570/588 4011/1570/588 3950/1570/588 3948/1570/588
f 4008/1570/589 4009/1570/589 3948/1570/589 3946/1570/589
f 4007/1570/589 4010/1570/589 4009/1570/589 4008/1570/589
f 4008/1570/590 4062/1570/590 4063/1570/590 4007/1570/590
f 4006/1570/590 4062/1570/590 4008/1570/590 3946/1570/590
f 4060/1570/591 4062/1570/591 4006/1570/591 4004/1570/591
f 4058/1570/592 4060/1570/592 4004/1570/592 4002/1570/592
f 4061/1570/592 4060/1570/592 4058/1570/592 4059/1570/592
f 4063/1570/591 4062/1570/591 4060/1570/591 4061/1570/591
f 4005/1570/591 4063/1570/591 4061/1570/591 4003/1570/591
f 3945/1570/590 4007/1570/590 4063/1570/590 4005/1570/590
f 3947/1570/589 4010/1570/589 4007/1570/589 3945/1570/589
f 4126/1791/585 4127/1792/585 4064/1790/585 4095/1789/585
f 4125/1793/584 4126/1791/584 4095/1789/584 4094/1788/584
f 4124/1794/583 4125/1793/583 4094/1788/583 4093/1787/583
f 4123/1795/582 4124/1794/582 4093/1787/582 4092/1786/582
f 4122/1796/581 4123/1795/581 4092/1786/581 4091/1785/581
f 4121/1797/580 4122/1796/580 4091/1785/580 4090/1784/580
f 4120/1798/579 4121/1797/579 4090/1784/579 4089/1783/579
f 4119/1799/578 4120/1798/578 4089/1783/578 4088/1782/578
f 4118/1800/577 4119/1799/577 4088/1782/577 4087/1781/577
f 4117/1801/396 4118/1800/396 4087/1781/396 4086/1780/396
f 4116/1802/576 4117/1801/576 4086/1780/576 4085/1779/576
f 4115/1803/575 4116/1802/575 4085/1779/575 4084/1778/575
f 4114/1804/574 4115/1803/574 4084/1778/574 4083/1777/574
f 4113/1805/573 4114/1804/573 4083/1777/573 4082/1776/573
f 4112/1806/572 4113/1805/572 4082/1776/572 4081/1775/572
f 4111/1807/571 4112/1806/571 4081/1775/571 4080/1758/571
f 4110/1808/570 4111/1807/570 4080/1758/570 4079/1774/570
f 4109/1809/569 4110/1808/569 4079/1774/569 4078/1773/569
f 4108/1810/568 4109/1809/568 4078/1773/568 4077/1772/568
f 4107/1811/567 4108/1810/567 4077/1772/567 4076/1771/567
f 4106/1812/566 4107/1811/566 4076/1771/566 4075/1770/566
f 4105/1813/565 4106/1812/565 4075/1770/565 4074/1769/565
f 4104/1814/564 4105/1813/564 4074/1769/564 4073/1768/564
f 4103/1815/563 4104/1814/563 4073/1768/563 4072/1767/563
f 4102/1816/562 4103/1815/562 4072/1767/562 4071/1766/562
f 4101/1817/561 4102/1816/561 4071/1766/561 4070/1765/561
f 4100/1818/560 4101/1817/560 4070/1765/560 4069/1764/560
f 4099/1819/559 4100/1818/559 4069/1764/559 4068/1763/559
f 4098/1820/558 4099/1819/558 4068/1763/558 4067/1762/558
f 4097/1821/557 4098/1820/557 4067/1762/557 4066/1761/557
f 4096/1822/556 4097/1821/556 4066/1761/556 4065/1760/556
f 4127/1823/555 4096/1822/555 4065/1760/555 4064/1759/555
f 3881/1627/555 3883/1630/555 4096/1822/555 4127/1823/555
f 3883/1630/556 3885/1632/556 4097/1821/556 4096/1822/556
f 3885/1632/557 3887/1634/557 4098/1820/557 4097/1821/557
f 3887/1634/558 3889/1636/558 4099/1819/558 4098/1820/558
f 3889/1636/559 3891/1638/559 4100/1818/559 4099/1819/559
f 3891/1638/560 3893/1640/560 4101/1817/560 4100/1818/560
f 3893/1640/561 3895/1642/561 4102/1816/561 4101/1817/561
f 3895/1642/562 3897/1644/562 4103/1815/562 4102/1816/562
f 3897/1644/563 3899/1646/563 4104/1814/563 4103/1815/563
f 3899/1646/564 3901/1648/564 4105/1813/564 4104/1814/564
f 3901/1648/565 3903/1650/565 4106/1812/565 4105/1813/565
f 3903/1650/566 3905/1496/566 4107/1811/566 4106/1812/566
f 3905/1496/567 3907/1653/567 4108/1810/567 4107/1811/567
f 3907/1653/568 3909/1655/568 4109/1809/568 4108/1810/568
f 3909/1655/569 3911/1657/569 4110/1808/569 4109/1809/569
f 3911/1657/570 3913/1659/570 4111/1807/570 4110/1808/570
f 3913/1659/571 3915/1661/571 4112/1806/571 4111/1807/571
f 3915/1661/572 3917/1663/572 4113/1805/572 4112/1806/572
f 3917/1663/573 3919/1665/573 4114/1804/573 4113/1805/573
f 3919/1665/574 3921/1502/574 4115/1803/574 4114/1804/574
f 3921/1502/575 3923/1668/575 4116/1802/575 4115/1803/575
f 3923/1668/576 3925/1670/576 4117/1801/576 4116/1802/576
f 3925/1670/396 3927/1672/396 4118/1800/396 4117/1801/396
f 3927/1672/577 3929/1674/577 4119/1799/577 4118/1800/577
f 3929/1674/578 3931/1676/578 4120/1798/578 4119/1799/578
f 3931/1676/579 3933/1678/579 4121/1797/579 4120/1798/579
f 3933/1678/580 3935/1680/580 4122/1796/580 4121/1797/580
f 3935/1680/581 3937/1682/581 4123/1795/581 4122/1796/581
f 3937/1682/582 3939/1684/582 4124/1794/582 4123/1795/582
f 3939/1684/583 3941/1686/583 4125/1793/583 4124/1794/583
f 3941/1686/584 3943/1698/584 4126/1791/584 4125/1793/584
f 3943/1698/585 3881/1700/585 4127/1792/585 4126/1791/585
f 3967/1570/586 4029/1570/586 4027/1570/586 3965/1570/586
f 3969/1570/587 3875/1570/587 4029/1570/587 3967/1570/587
f 3973/1570/546 4032/1570/546 3879/1570/546 3971/1570/546
f 3975/1570/533 4034/1570/533 4032/1570/533 3973/1570/533
f 3977/1570/534 4036/1570/534 4034/1570/534 3975/1570/534
f 3979/1570/535 4038/1570/535 4036/1570/535 3977/1570/535
f 3981/1570/536 4040/1570/536 4038/1570/536 3979/1570/536
f 3983/1570/537 4042/1570/537 4040/1570/537 3981/1570/537
f 3985/1570/538 4044/1570/538 4042/1570/538 3983/1570/538
f 3987/1570/539 4045/1570/539 4044/1570/539 3985/1570/539
f 3989/1570/540 4047/1570/540 4045/1570/540 3987/1570/540
f 3991/1570/541 4049/1570/541 4047/1570/541 3989/1570/541
f 3993/1570/542 4051/1570/542 4049/1570/542 3991/1570/542
f 3995/1570/543 4053/1570/543 4051/1570/543 3993/1570/543
f 3997/1570/544 4055/1570/544 4053/1570/544 3995/1570/544
f 3999/1570/532 4057/1570/532 4055/1570/532 3997/1570/532
f 4001/1570/531 4059/1570/531 4057/1570/531 3999/1570/531
f 4003/1570/592 4061/1570/592 4059/1570/592 4001/1570/592
f 4012/1570/588 4010/1570/588 3947/1570/588 3949/1570/588
f 4012/1570/588 4011/1570/588 4009/1570/588 4010/1570/588
f 4014/1570/547 4013/1570/547 4011/1570/547 4012/1570/547
f 4016/1570/548 4015/1570/548 4013/1570/548 4014/1570/548
f 4017/1570/549 3874/1570/549 4015/1570/549 4016/1570/549
f 4019/1570/550 4018/1570/550 3874/1570/550 4017/1570/550
f 4021/1570/551 4020/1570/551 4018/1570/551 4019/1570/551
f 4023/1570/552 4022/1570/552 4020/1570/552 4021/1570/552
f 4025/1570/553 4024/1570/553 4022/1570/553 4023/1570/553
f 4027/1570/554 4026/1570/554 4024/1570/554 4025/1570/554
f 4076/1771/593 4015/1570/593 3954/1570/593 3906/1651/593
f 4080/1758/594 4048/1570/594 4015/1570/594 4076/1771/594
f 4128/1627/595 4129/1628/595 4131/1629/595 4130/1630/595
f 4130/1630/596 4131/1629/596 4133/1631/596 4132/1632/596
f 4132/1632/597 4133/1631/597 4135/1633/597 4134/1634/597
f 4134/1634/598 4135/1633/598 4137/1635/598 4136/1636/598
f 4136/1636/599 4137/1635/599 4139/1637/599 4138/1638/599
f 4138/1638/600 4139/1637/600 4141/1639/600 4140/1640/600
f 4140/1640/601 4141/1639/601 4143/1641/601 4142/1642/601
f 4142/1642/602 4143/1641/602 4145/1643/602 4144/1644/602
f 4144/1644/603 4145/1643/603 4147/1645/603 4146/1646/603
f 4146/1646/542 4147/1645/542 4149/1647/542 4148/1648/542
f 4148/1648/604 4149/1647/604 4151/1649/604 4150/1650/604
f 4150/1650/605 4151/1649/605 4153/1651/605 4152/1496/605
f 4152/1496/606 4153/1651/606 4155/1652/606 4154/1653/606
f 4154/1653/607 4155/1652/607 4157/1654/607 4156/1655/607
f 4156/1655/608 4157/1654/608 4159/1656/608 4158/1657/608
f 4158/1657/609 4159/1656/609 4161/1658/609 4160/1659/609
f 4160/1659/610 4161/1658/610 4163/1660/610 4162/1661/610
f 4162/1661/611 4163/1660/611 4165/1662/611 4164/1663/611
f 4164/1663/612 4165/1662/612 4167/1664/612 4166/1665/612
f 4166/1665/613 4167/1664/613 4169/1666/613 4168/1502/613
f 4168/1502/548 4169/1666/548 4171/1667/548 4170/1668/548
f 4170/1668/614 4171/1667/614 4173/1669/614 4172/1670/614
f 4172/1670/615 4173/1669/615 4175/1671/615 4174/1672/615
f 4174/1672/616 4175/1671/616 4177/1673/616 4176/1674/616
f 4176/1674/617 4177/1673/617 4179/1675/617 4178/1676/617
f 4178/1676/553 4179/1675/553 4181/1677/553 4180/1678/553
f 4180/1678/618 4181/1677/618 4183/1679/618 4182/1680/618
f 4182/1680/619 4183/1679/619 4185/1681/619 4184/1682/619
f 4184/1682/620 4185/1681/620 4187/1683/620 4186/1684/620
f 4186/1684/621 4187/1683/621 4189/1685/621 4188/1686/621
f 4131/1687/422 4129/1688/422 4191/1736/422 4192/1824/422 4143/1691/422 4141/1692/422 4139/1693/422 4137/1694/422 4135/1695/422 4133/1696/422
f 4188/1686/622 4189/1685/622 4191/1697/622 4190/1698/622
f 4190/1698/623 4191/1697/623 4129/1699/623 4128/1700/623
f 4128/1701/387 4130/1750/387 4132/1751/387 4134/1752/387 4136/1753/387 4138/1754/387 4140/1755/387 4142/1756/387 4144/1712/387 4146/1713/387 4148/1714/387 4150/1715/387 4152/1716/387 4154/1717/387 4156/1718/387 4158/1719/387 4160/1711/387 4162/1729/387 4164/1730/387 4166/1731/387 4168/1732/387 4170/1733/387 4172/1734/387 4174/1735/387 4176/1703/387 4178/1704/387 4180/1705/387 4182/1706/387 4184/1707/387 4186/1708/387 4188/1709/387 4190/1710/387
f 4159/1743/422 4192/1824/422 4175/1722/422 4173/1723/422 4171/1724/422 4169/1725/422 4167/1726/422 4165/1727/422 4163/1728/422 4161/1720/422
f 4143/1691/422 4192/1824/422 4159/1743/422 4157/1744/422 4155/1745/422 4153/1746/422 4151/1747/422 4149/1748/422 4147/1749/422 4145/1690/422
f 4175/1722/422 4192/1824/422 4191/1736/422 4189/1737/422 4187/1738/422 4185/1739/422 4183/1740/422 4181/1741/422 4179/1742/422 4177/1721/422
f 3840/1711/387 4193/1757/387 3824/1712/387 3826/1713/387 3828/1714/387 3830/1715/387 3832/1716/387 3834/1717/387 3836/1718/387 3838/1719/387
f 4193/1757/387 3808/1701/387 3810/1750/387 3812/1751/387 3814/1752/387 3816/1753/387 3818/1754/387 3820/1755/387 3822/1756/387 3824/1712/387
f 4193/1757/387 3840/1711/387 3842/1729/387 3844/1730/387 3846/1731/387 3848/1732/387 3850/1733/387 3852/1734/387 3854/1735/387 3856/1703/387
f 3532/1570/496 3545/1570/496 3543/1570/496 3565/1570/496
f 3879/1570/624 3877/1570/624 3970/1570/624 3971/1570/624
f 3877/1570/624 3879/1570/624 3878/1570/624 3876/1570/624
f 3877/1570/545 3876/1570/545 4030/1570/545 3875/1570/545
f 3876/1570/624 3878/1570/624 3972/1570/624 3873/1570/624
f 3873/1570/545 3872/1570/545 4030/1570/545 3876/1570/545
f 3210/1336/383 3501/1570/383 3470/1588/383 3477/1587/383 3184/1322/383
f 3484/1574/625 3470/1588/625 3501/1570/625 3500/1570/625 3499/1570/625 3498/1570/625 3497/1570/625 3496/1570/625 3495/1570/625 3494/1570/625 3493/1570/625 3492/1570/625 3491/1570/625 3490/1570/625 3489/1570/625 3488/1570/625 3487/1570/625 3486/1570/625 3546/1570/625
f 3193/1601/389 3095/1341/389 3550/1570/389 3566/1601/389
f 3095/1341/391 3465/1340/391 3557/1570/391 3550/1570/391
f 3465/1340/421 3454/1564/421 3555/1570/421 3557/1570/421
f 3442/1555/419 3574/1570/419 3555/1570/419 3454/1564/419
f 3442/1555/417 3429/1548/417 3571/1570/417 3574/1570/417
f 3418/1538/415 3570/1570/415 3571/1570/415 3429/1548/415
f 3400/1519/386 3568/1570/386 3570/1570/386 3418/1538/386
f 3568/1570/386 3400/1519/386 3517/1570/386 3534/1570/386
f 3114/1172/387 3168/1570/387 3088/1570/387 3200/1197/387
f 3088/1570/387 3248/1570/387 3243/1211/387 3200/1197/387
f 3248/1570/387 3224/1192/387 3227/1396/387 3243/1211/387
f 3224/1192/387 3093/1191/387 3099/1180/387 3227/1396/387
f 3260/1181/387 3099/1180/387 3093/1191/387 3258/1421/387
f 3285/1422/387 3260/1181/387 3258/1421/387 3275/1440/387
f 3303/1424/387 3285/1422/387 3275/1440/387 3293/1458/387
f 3321/1449/387 3303/1424/387 3293/1458/387 3311/1476/387
f 3339/1460/387 3321/1449/387 3311/1476/387 3329/1196/387
f 3329/1196/387 3094/1195/387 3098/1176/387 3339/1460/387
f 3350/1177/387 3098/1176/387 3094/1195/387 3347/1494/387
f 3365/1169/387 3375/1493/387 3350/1177/387 3347/1494/387
f 3365/1169/387 3085/1496/626 3375/1493/387
f 3242/1385/422 3249/1212/422 3225/1384/422 3226/1366/422
f 3225/1384/422 3096/1363/422 3087/1367/422 3226/1366/422
f 3257/1409/422 3087/1367/422 3096/1363/422 3259/1362/422
f 3259/1362/422 3276/1410/422 3284/1434/422 3257/1409/422
f 3302/1452/422 3284/1434/422 3276/1410/422 3294/1430/422
f 3320/1470/422 3302/1452/422 3294/1430/422 3312/1443/422
f 3338/1370/422 3320/1470/422 3312/1443/422 3330/1466/422
f 3330/1466/422 3097/1359/422 3086/1371/422 3338/1370/422
f 3349/1484/422 3086/1371/422 3097/1359/422 3348/1358/422
f 3374/1354/422 3349/1484/422 3348/1358/422 3366/1483/422
f 3366/1483/422 3084/1355/422 3374/1354/422
f 3471/1580/387 3092/1517/387 3216/1570/387 3483/1579/387
f 3384/1516/387 3168/1570/387 3114/1172/387 3100/1171/387 3101/1184/387 3216/1570/387 3092/1517/387
o Object_5
v 0.128325 0.413472 0.851471
v 0.129759 0.413472 0.850892
v 0.131279 0.413472 0.850604
v 0.132826 0.413472 0.850618
v 0.134341 0.413472 0.850934
v 0.135765 0.413472 0.851539
v 0.137043 0.413472 0.852410
v 0.138127 0.413472 0.853515
v 0.138975 0.413472 0.854808
v 0.139553 0.413472 0.856243
v 0.139842 0.413472 0.857763
v 0.139827 0.413472 0.859310
v 0.139511 0.413472 0.860824
v 0.138907 0.413472 0.862249
v 0.138035 0.413472 0.863527
v 0.136931 0.413472 0.864611
v 0.135637 0.413472 0.865458
v 0.134202 0.413472 0.866037
v 0.132682 0.413472 0.866325
v 0.131136 0.413472 0.866311
v 0.129621 0.413472 0.865995
v 0.128197 0.413472 0.865390
v 0.126919 0.413472 0.864519
v 0.125835 0.413472 0.863415
v 0.124987 0.413472 0.862121
v 0.124408 0.413472 0.860686
v 0.124120 0.413472 0.859166
v 0.124135 0.413472 0.857620
v 0.124450 0.413472 0.856105
v 0.125055 0.413472 0.854680
v 0.125927 0.413472 0.853403
v 0.127031 0.413472 0.852319
v 0.129635 0.413472 0.853978
v 0.130556 0.413472 0.853606
v 0.131531 0.413472 0.853422
v 0.132523 0.413472 0.853431
v 0.133495 0.413472 0.853633
v 0.134408 0.413472 0.854022
v 0.135228 0.413472 0.854580
v 0.135924 0.413472 0.855289
v 0.136468 0.413472 0.856119
v 0.136839 0.413472 0.857040
v 0.137024 0.413472 0.858015
v 0.137014 0.413472 0.859007
v 0.136812 0.413472 0.859979
v 0.136424 0.413472 0.860892
v 0.135865 0.413472 0.861712
v 0.135157 0.413472 0.862408
v 0.134327 0.413472 0.862952
v 0.133406 0.413472 0.863323
v 0.132431 0.413472 0.863508
v 0.131438 0.413472 0.863498
v 0.130467 0.413472 0.863296
v 0.129553 0.413472 0.862907
v 0.128733 0.413472 0.862349
v 0.128038 0.413472 0.861641
v 0.127494 0.413472 0.860810
v 0.127123 0.413472 0.859890
v 0.126938 0.413472 0.858914
v 0.126947 0.413472 0.857923
v 0.127150 0.413472 0.856951
v 0.127538 0.413472 0.856037
v 0.128097 0.413472 0.855217
v 0.128805 0.413472 0.854522
v 0.128325 0.413472 0.851471
v 0.129759 0.413472 0.850892
v 0.131279 0.413472 0.850604
v 0.132826 0.413472 0.850618
v 0.134341 0.413472 0.850934
v 0.135765 0.413472 0.851539
v 0.137043 0.413472 0.852410
v 0.138127 0.413472 0.853515
v 0.138975 0.413472 0.854808
v 0.139553 0.413472 0.856243
v 0.139842 0.413472 0.857763
v 0.139827 0.413472 0.859310
v 0.139511 0.413472 0.860824
v 0.138907 0.413472 0.862249
v 0.138035 0.413472 0.863527
v 0.136931 0.413472 0.864611
v 0.135637 0.413472 0.865458
v 0.134202 0.413472 0.866037
v 0.132682 0.413472 0.866325
v 0.131136 0.413472 0.866311
v 0.129621 0.413472 0.865995
v 0.128197 0.413472 0.865390
v 0.126919 0.413472 0.864519
v 0.125835 0.413472 0.863415
v 0.124987 0.413472 0.862121
v 0.124408 0.413472 0.860686
v 0.124120 0.413472 0.859166
v 0.124135 0.413472 0.857620
v 0.124450 0.413472 0.856105
v 0.125055 0.413472 0.854680
v 0.125927 0.413472 0.853403
v 0.127031 0.413472 0.852319
v 0.129635 0.405480 0.853978
v 0.130556 0.405480 0.853606
v 0.131531 0.405480 0.853422
v 0.132523 0.405480 0.853431
v 0.133495 0.405480 0.853633
v 0.134409 0.405480 0.854022
v 0.135228 0.405480 0.854580
v 0.135924 0.405480 0.855289
v 0.136468 0.405480 0.856119
v 0.136839 0.405480 0.857040
v 0.137024 0.405480 0.858015
v 0.137014 0.405480 0.859007
v 0.136812 0.405480 0.859979
v 0.136424 0.405480 0.860892
v 0.135865 0.405480 0.861712
v 0.135157 0.405480 0.862408
v 0.134327 0.405480 0.862952
v 0.133406 0.405480 0.863323
v 0.132431 0.405480 0.863508
v 0.131438 0.405480 0.863498
v 0.130467 0.405480 0.863296
v 0.129553 0.405480 0.862907
v 0.128733 0.405480 0.862349
v 0.128038 0.405480 0.861641
v 0.127494 0.405480 0.860810
v 0.127123 0.405480 0.859890
v 0.126938 0.405480 0.858914
v 0.126947 0.405480 0.857922
v 0.127150 0.405480 0.856951
v 0.127538 0.405480 0.856037
v 0.128097 0.405480 0.855217
v 0.128805 0.405480 0.854522
v 0.126706 0.405480 0.848375
v 0.128776 0.405480 0.847541
v 0.130969 0.405480 0.847125
v 0.133201 0.405480 0.847145
v 0.135386 0.405480 0.847601
v 0.137440 0.405480 0.848474
v 0.139284 0.405480 0.849731
v 0.140847 0.405480 0.851323
v 0.142070 0.405480 0.853190
v 0.142905 0.405480 0.855260
v 0.143320 0.405480 0.857452
v 0.143300 0.405480 0.859684
v 0.142844 0.405480 0.861869
v 0.141972 0.405480 0.863923
v 0.140715 0.405480 0.865767
v 0.139122 0.405480 0.867331
v 0.137255 0.405480 0.868554
v 0.135186 0.405480 0.869389
v 0.132993 0.405480 0.869804
v 0.130761 0.405480 0.869784
v 0.128576 0.405480 0.869328
v 0.126522 0.405480 0.868455
v 0.124678 0.405480 0.867198
v 0.123115 0.405480 0.865606
v 0.121892 0.405480 0.863739
v 0.121057 0.405480 0.861669
v 0.120641 0.405480 0.859477
v 0.120662 0.405480 0.857245
v 0.121117 0.405480 0.855060
v 0.121990 0.405480 0.853006
v 0.123247 0.405480 0.851162
v 0.124840 0.405480 0.849599
v 0.126706 0.404256 0.848375
v 0.128776 0.404256 0.847541
v 0.130969 0.404256 0.847125
v 0.133201 0.404256 0.847145
v 0.135386 0.404256 0.847601
v 0.137440 0.404256 0.848474
v 0.139284 0.404256 0.849731
v 0.140847 0.404256 0.851323
v 0.142070 0.404256 0.853190
v 0.142905 0.404256 0.855260
v 0.143320 0.404256 0.857452
v 0.143300 0.404256 0.859684
v 0.142844 0.404256 0.861869
v 0.141972 0.404256 0.863923
v 0.140715 0.404256 0.865767
v 0.139122 0.404256 0.867331
v 0.137255 0.404256 0.868554
v 0.135186 0.404256 0.869389
v 0.132993 0.404256 0.869804
v 0.130761 0.404256 0.869784
v 0.128576 0.404256 0.869328
v 0.126522 0.404256 0.868455
v 0.124678 0.404256 0.867198
v 0.123115 0.404256 0.865606
v 0.121892 0.404256 0.863739
v 0.121057 0.404256 0.861669
v 0.120641 0.404256 0.859477
v 0.120662 0.404256 0.857245
v 0.121117 0.404256 0.855060
v 0.121990 0.404256 0.853006
v 0.123247 0.404256 0.851162
v 0.124840 0.404256 0.849599
v 0.131981 0.404256 0.858465
v 0.127997 0.423908 0.850843
v 0.125914 0.762715 0.846860
v 0.129560 0.423908 0.850212
v 0.128295 0.762715 0.845899
v 0.131216 0.423908 0.849898
v 0.130817 0.762715 0.845422
v 0.132903 0.423908 0.849914
v 0.133384 0.762715 0.845445
v 0.134553 0.423908 0.850258
v 0.135897 0.762715 0.845969
v 0.136105 0.423908 0.850917
v 0.138259 0.762715 0.846974
v 0.137498 0.423908 0.851867
v 0.140381 0.762715 0.848419
v 0.138679 0.423908 0.853070
v 0.142179 0.762715 0.850250
v 0.139603 0.423908 0.854480
v 0.143585 0.762715 0.852398
v 0.140233 0.423908 0.856043
v 0.144546 0.762715 0.854779
v 0.140547 0.423908 0.857700
v 0.145024 0.762715 0.857301
v 0.140532 0.423908 0.859386
v 0.145000 0.762715 0.859867
v 0.140188 0.423908 0.861037
v 0.144476 0.762715 0.862380
v 0.139528 0.423908 0.862588
v 0.143472 0.762715 0.864743
v 0.138579 0.423908 0.863982
v 0.142027 0.762715 0.866865
v 0.137376 0.423908 0.865163
v 0.140195 0.762715 0.868663
v 0.135965 0.423908 0.866086
v 0.138048 0.762715 0.870069
v 0.134402 0.423908 0.866717
v 0.135667 0.762715 0.871030
v 0.132745 0.423908 0.867031
v 0.133145 0.762715 0.871508
v 0.131059 0.423908 0.867015
v 0.130578 0.762715 0.871484
v 0.129409 0.423908 0.866672
v 0.128065 0.762715 0.870960
v 0.127857 0.423908 0.866012
v 0.125702 0.762715 0.869956
v 0.126464 0.423908 0.865062
v 0.123582 0.762715 0.868511
v 0.125283 0.423908 0.863859
v 0.121783 0.762715 0.866679
v 0.124359 0.423908 0.862449
v 0.120376 0.762715 0.864531
v 0.123728 0.423908 0.860886
v 0.119416 0.762715 0.862150
v 0.123415 0.423908 0.859229
v 0.118938 0.762715 0.859629
v 0.123430 0.423908 0.857543
v 0.118962 0.762715 0.857062
v 0.123774 0.423908 0.855893
v 0.119486 0.762715 0.854549
v 0.124434 0.423908 0.854341
v 0.120489 0.762715 0.852186
v 0.125383 0.423908 0.852948
v 0.121936 0.762715 0.850065
v 0.126586 0.423908 0.851767
v 0.123767 0.762715 0.848266
v 0.125914 0.423908 0.846860
v 0.128295 0.423908 0.845899
v 0.130817 0.423908 0.845422
v 0.133384 0.423908 0.845445
v 0.135897 0.423908 0.845969
v 0.138259 0.423908 0.846974
v 0.140381 0.423908 0.848419
v 0.142179 0.423908 0.850250
v 0.143585 0.423908 0.852398
v 0.144546 0.423908 0.854779
v 0.145024 0.423908 0.857301
v 0.145000 0.423908 0.859867
v 0.144476 0.423908 0.862380
v 0.143472 0.423908 0.864743
v 0.142027 0.423908 0.866865
v 0.140195 0.423908 0.868663
v 0.138048 0.423908 0.870069
v 0.135667 0.423908 0.871030
v 0.133145 0.423908 0.871508
v 0.130578 0.423908 0.871484
v 0.128065 0.423908 0.870960
v 0.125702 0.423908 0.869956
v 0.123582 0.423908 0.868511
v 0.121783 0.423908 0.866679
v 0.120376 0.423908 0.864531
v 0.119416 0.423908 0.862150
v 0.118938 0.423908 0.859629
v 0.118962 0.423908 0.857062
v 0.119486 0.423908 0.854549
v 0.120489 0.423908 0.852186
v 0.121936 0.423908 0.850065
v 0.123767 0.423908 0.848266
v 0.128325 0.413472 0.851471
v 0.129759 0.413472 0.850892
v 0.131280 0.413472 0.850604
v 0.132826 0.413472 0.850618
v 0.134341 0.413472 0.850934
v 0.135765 0.413472 0.851539
v 0.137043 0.413472 0.852410
v 0.138127 0.413472 0.853515
v 0.138975 0.413472 0.854808
v 0.139553 0.413472 0.856243
v 0.139842 0.413472 0.857763
v 0.139827 0.413472 0.859310
v 0.139511 0.413472 0.860824
v 0.138907 0.413472 0.862249
v 0.138035 0.413472 0.863527
v 0.136931 0.413472 0.864611
v 0.135637 0.413472 0.865458
v 0.134202 0.413472 0.866037
v 0.132682 0.413472 0.866325
v 0.131136 0.413472 0.866311
v 0.129621 0.413472 0.865995
v 0.128197 0.413472 0.865390
v 0.126919 0.413472 0.864519
v 0.125835 0.413472 0.863415
v 0.124987 0.413472 0.862121
v 0.124408 0.413472 0.860686
v 0.124120 0.413472 0.859166
v 0.124135 0.413472 0.857620
v 0.124450 0.413472 0.856105
v 0.125055 0.413472 0.854680
v 0.125927 0.413472 0.853403
v 0.127031 0.413472 0.852319
v 0.148725 0.751173 0.888980
v 0.148725 0.725309 0.888980
v 0.142437 0.751173 0.891658
v 0.142437 0.725309 0.891658
v 0.135747 0.751173 0.893058
v 0.135747 0.725309 0.893058
v 0.128913 0.751173 0.893126
v 0.128913 0.725309 0.893126
v 0.122196 0.751173 0.891859
v 0.122196 0.725309 0.891859
v 0.115856 0.751173 0.889307
v 0.115856 0.725309 0.889307
v 0.110136 0.751173 0.885566
v 0.110136 0.725309 0.885566
v 0.105256 0.751173 0.880781
v 0.105256 0.725309 0.880781
v 0.101402 0.751173 0.875136
v 0.101402 0.725309 0.875136
v 0.098724 0.751173 0.868848
v 0.098724 0.725309 0.868848
v 0.097324 0.751173 0.862158
v 0.097324 0.725309 0.862158
v 0.097256 0.751173 0.855323
v 0.097256 0.725309 0.855323
v 0.098523 0.751173 0.848608
v 0.098523 0.725309 0.848608
v 0.101076 0.751173 0.842267
v 0.101076 0.725309 0.842267
v 0.104817 0.751173 0.836547
v 0.104817 0.725309 0.836547
v 0.109601 0.751173 0.831667
v 0.109601 0.725309 0.831667
v 0.115246 0.751173 0.827813
v 0.115246 0.725309 0.827813
v 0.121535 0.751173 0.825135
v 0.121535 0.725309 0.825135
v 0.128225 0.751173 0.823736
v 0.128225 0.725309 0.823736
v 0.135059 0.751173 0.823668
v 0.135059 0.725309 0.823668
v 0.141775 0.751173 0.824934
v 0.141775 0.725309 0.824934
v 0.148115 0.751173 0.827487
v 0.148115 0.725309 0.827487
v 0.153836 0.751173 0.831228
v 0.153836 0.725309 0.831228
v 0.158716 0.751173 0.836012
v 0.158716 0.725309 0.836012
v 0.162570 0.751173 0.841658
v 0.162570 0.725309 0.841658
v 0.165248 0.751173 0.847946
v 0.165248 0.725309 0.847946
v 0.166648 0.751173 0.854636
v 0.166648 0.725309 0.854636
v 0.166715 0.751173 0.861469
v 0.166715 0.725309 0.861469
v 0.165448 0.751173 0.868186
v 0.165448 0.725309 0.868186
v 0.162896 0.751173 0.874527
v 0.162896 0.725309 0.874527
v 0.159155 0.751173 0.880247
v 0.159155 0.725309 0.880247
v 0.154370 0.751173 0.885127
v 0.154370 0.725309 0.885127
v 0.084480 0.744576 0.826289
v 0.084480 0.729440 0.826289
v 0.082227 0.744576 0.827245
v 0.082227 0.729440 0.827245
v 0.079831 0.744576 0.827743
v 0.079831 0.729440 0.827743
v 0.077384 0.744576 0.827765
v 0.077384 0.729440 0.827765
v 0.074980 0.744576 0.827308
v 0.074980 0.729440 0.827308
v 0.072711 0.744576 0.826392
v 0.072711 0.729440 0.826392
v 0.070665 0.744576 0.825050
v 0.070665 0.729440 0.825050
v 0.068919 0.744576 0.823335
v 0.068919 0.729440 0.823335
v 0.067542 0.744576 0.821312
v 0.067542 0.729440 0.821312
v 0.066586 0.744576 0.819060
v 0.066586 0.729440 0.819060
v 0.066088 0.744576 0.816664
v 0.066088 0.729440 0.816664
v 0.066066 0.744576 0.814216
v 0.066066 0.729440 0.814216
v 0.066523 0.744576 0.811813
v 0.066523 0.729440 0.811813
v 0.067439 0.744576 0.809544
v 0.067439 0.729440 0.809544
v 0.068781 0.744576 0.807497
v 0.068781 0.729440 0.807497
v 0.070496 0.744576 0.805752
v 0.070496 0.729440 0.805752
v 0.072519 0.744576 0.804374
v 0.072519 0.729440 0.804374
v 0.074771 0.744576 0.803418
v 0.074771 0.729440 0.803418
v 0.077167 0.744576 0.802920
v 0.077167 0.729440 0.802920
v 0.079614 0.744576 0.802898
v 0.079614 0.729440 0.802898
v 0.082018 0.744576 0.803355
v 0.082018 0.729440 0.803355
v 0.084288 0.744576 0.804272
v 0.084288 0.729440 0.804272
v 0.086334 0.744576 0.805614
v 0.086334 0.729440 0.805614
v 0.088079 0.744576 0.807328
v 0.088079 0.729440 0.807328
v 0.089457 0.744576 0.809351
v 0.089457 0.729440 0.809351
v 0.090413 0.744576 0.811604
v 0.090413 0.729440 0.811604
v 0.090911 0.744576 0.814000
v 0.090911 0.729440 0.814000
v 0.090932 0.744576 0.816446
v 0.090932 0.729440 0.816446
v 0.090476 0.744576 0.818851
v 0.090476 0.729440 0.818851
v 0.089559 0.744576 0.821120
v 0.089559 0.729440 0.821120
v 0.088218 0.744576 0.823166
v 0.088218 0.729440 0.823166
v 0.086503 0.744576 0.824912
v 0.086503 0.729440 0.824912
v 0.084480 0.739531 0.826289
v 0.084480 0.734485 0.826289
v 0.082227 0.734485 0.827245
v 0.082227 0.739531 0.827245
v 0.079831 0.734485 0.827743
v 0.079831 0.739531 0.827743
v 0.077384 0.734485 0.827765
v 0.077384 0.739531 0.827765
v 0.074980 0.734485 0.827308
v 0.074980 0.739531 0.827308
v 0.072711 0.734485 0.826392
v 0.072711 0.739531 0.826392
v 0.070665 0.734485 0.825050
v 0.070665 0.739531 0.825050
v 0.068919 0.734485 0.823335
v 0.068919 0.739531 0.823335
v 0.067542 0.734485 0.821312
v 0.067542 0.739531 0.821312
v 0.066586 0.734485 0.819060
v 0.066586 0.739531 0.819060
v 0.066088 0.734485 0.816664
v 0.066088 0.739531 0.816664
v 0.066066 0.734485 0.814216
v 0.066066 0.739531 0.814216
v 0.066523 0.734485 0.811813
v 0.066523 0.739531 0.811813
v 0.067439 0.734485 0.809544
v 0.067439 0.739531 0.809544
v 0.068781 0.734485 0.807497
v 0.068781 0.739531 0.807497
v 0.070496 0.734485 0.805752
v 0.070496 0.739531 0.805752
v 0.072519 0.734485 0.804374
v 0.072519 0.739531 0.804374
v 0.074771 0.734485 0.803418
v 0.074771 0.739531 0.803418
v 0.077167 0.734485 0.802920
v 0.077167 0.739531 0.802920
v 0.079614 0.734485 0.802898
v 0.079614 0.739531 0.802898
v 0.082018 0.734485 0.803355
v 0.082018 0.739531 0.803355
v 0.084288 0.734485 0.804272
v 0.084288 0.739531 0.804272
v 0.086334 0.734485 0.805614
v 0.086334 0.739531 0.805614
v 0.088079 0.734485 0.807328
v 0.088079 0.739531 0.807328
v 0.089457 0.734485 0.809351
v 0.089457 0.739531 0.809351
v 0.090413 0.734485 0.811604
v 0.090413 0.739531 0.811604
v 0.090911 0.734485 0.814000
v 0.090911 0.739531 0.814000
v 0.090932 0.734485 0.816446
v 0.090932 0.739531 0.816446
v 0.090476 0.734485 0.818851
v 0.090476 0.739531 0.818851
v 0.089559 0.734485 0.821120
v 0.089559 0.739531 0.821120
v 0.088218 0.734485 0.823166
v 0.088218 0.739531 0.823166
v 0.086503 0.734485 0.824912
v 0.086503 0.739531 0.824912
v 0.148725 0.734096 0.888980
v 0.142437 0.734096 0.891658
v 0.135747 0.734096 0.893058
v 0.128913 0.734096 0.893126
v 0.122196 0.734096 0.891859
v 0.115856 0.734096 0.889307
v 0.110136 0.734096 0.885566
v 0.105256 0.734096 0.880781
v 0.101402 0.734096 0.875136
v 0.098724 0.734096 0.868848
v 0.097324 0.734096 0.862158
v 0.097256 0.734096 0.855323
v 0.098523 0.734096 0.848608
v 0.101076 0.734096 0.842267
v 0.104817 0.734096 0.836547
v 0.109601 0.734096 0.831667
v 0.115246 0.734096 0.827813
v 0.121535 0.734096 0.825135
v 0.128225 0.734096 0.823736
v 0.135059 0.734096 0.823668
v 0.141775 0.734096 0.824934
v 0.148115 0.734096 0.827487
v 0.153836 0.734096 0.831228
v 0.158716 0.734096 0.836012
v 0.162570 0.734096 0.841658
v 0.165248 0.734096 0.847946
v 0.166648 0.734096 0.854636
v 0.166715 0.734096 0.861469
v 0.165448 0.734096 0.868186
v 0.162896 0.734096 0.874527
v 0.159155 0.734096 0.880247
v 0.154370 0.734096 0.885127
v 0.142437 0.739141 0.891658
v 0.135747 0.739141 0.893058
v 0.128913 0.739141 0.893126
v 0.122196 0.739141 0.891859
v 0.115856 0.739141 0.889307
v 0.110136 0.739141 0.885566
v 0.105256 0.739141 0.880781
v 0.101402 0.739141 0.875136
v 0.098724 0.739141 0.868848
v 0.097324 0.739141 0.862158
v 0.097256 0.739141 0.855323
v 0.098523 0.739141 0.848608
v 0.101076 0.739141 0.842267
v 0.104817 0.739141 0.836547
v 0.109601 0.739141 0.831667
v 0.115246 0.739141 0.827813
v 0.121535 0.739141 0.825135
v 0.128225 0.739141 0.823736
v 0.135059 0.739141 0.823668
v 0.141775 0.739141 0.824934
v 0.148115 0.739141 0.827487
v 0.153836 0.739141 0.831228
v 0.158716 0.739141 0.836012
v 0.162570 0.739141 0.841658
v 0.165248 0.739141 0.847946
v 0.166648 0.739141 0.854636
v 0.166715 0.739141 0.861469
v 0.165448 0.739141 0.868186
v 0.162896 0.739141 0.874527
v 0.159155 0.739141 0.880247
v 0.154370 0.739141 0.885127
v 0.148725 0.739141 0.888980
v 0.082227 0.742053 0.827245
v 0.079831 0.742053 0.827743
v 0.077384 0.742053 0.827765
v 0.074980 0.742053 0.827308
v 0.072711 0.742053 0.826392
v 0.070665 0.742053 0.825050
v 0.068919 0.742053 0.823335
v 0.067542 0.742053 0.821312
v 0.066586 0.742053 0.819060
v 0.066088 0.742053 0.816664
v 0.066066 0.742053 0.814216
v 0.066523 0.742053 0.811813
v 0.067439 0.742053 0.809544
v 0.068781 0.742053 0.807497
v 0.070496 0.742053 0.805752
v 0.072519 0.742053 0.804374
v 0.074771 0.742053 0.803418
v 0.077167 0.742053 0.802920
v 0.079614 0.742053 0.802898
v 0.082018 0.742053 0.803355
v 0.084288 0.742053 0.804272
v 0.086334 0.742053 0.805614
v 0.088079 0.742053 0.807328
v 0.089457 0.742053 0.809351
v 0.090413 0.742053 0.811604
v 0.090911 0.742053 0.814000
v 0.090932 0.742053 0.816446
v 0.090476 0.742053 0.818851
v 0.089559 0.742053 0.821120
v 0.088218 0.742053 0.823166
v 0.086503 0.742053 0.824912
v 0.084480 0.742053 0.826289
v 0.078498 0.744576 0.815331
vn -0.0000 1.0000 -0.0000
vn 0.2039 -0.0000 -0.9790
vn -0.0000 -1.0000 -0.0000
vn -0.7005 -0.0000 -0.7136
vn 0.1862 -0.0000 0.9825
vn 0.3914 -0.0000 -0.9202
vn -0.5479 -0.0000 -0.8365
vn -0.0095 -0.0000 1.0000
vn 0.5629 -0.0000 -0.8266
vn -0.2039 -0.0000 0.9790
vn 0.7136 -0.0000 -0.7006
vn -0.3914 -0.0000 0.9202
vn 0.8365 -0.0000 -0.5479
vn -0.5629 -0.0000 0.8265
vn 0.9273 -0.0000 -0.3742
vn -0.7136 -0.0000 0.7006
vn 0.9825 -0.0000 -0.1861
vn -0.8365 -0.0000 0.5479
vn 1.0000 -0.0000 0.0095
vn -0.9273 -0.0000 0.3742
vn 0.9790 -0.0000 0.2038
vn -0.9825 -0.0000 0.1861
vn 0.9203 -0.0000 0.3913
vn -1.0000 -0.0000 -0.0095
vn 0.8265 -0.0000 0.5629
vn -0.3742 -0.0000 -0.9273
vn -0.9790 -0.0000 -0.2038
vn 0.7005 -0.0000 0.7136
vn -0.1862 -0.0000 -0.9825
vn -0.9203 -0.0000 -0.3913
vn 0.5479 -0.0000 0.8365
vn 0.0095 -0.0000 -1.0000
vn -0.8265 -0.0000 -0.5629
vn 0.3742 -0.0000 0.9273
vn 0.0091 -0.0000 -1.0000
vn -0.8263 -0.0000 -0.5632
vn 0.3740 -0.0000 0.9274
vn 0.2042 -0.0000 -0.9789
vn -0.7005 -0.0000 -0.7137
vn 0.3911 -0.0000 -0.9203
vn -0.5481 -0.0000 -0.8364
vn -0.0091 -0.0000 1.0000
vn 0.5632 -0.0000 -0.8263
vn -0.2042 -0.0000 0.9789
vn 0.7135 -0.0000 -0.7006
vn -0.3911 -0.0000 0.9203
vn -0.5632 -0.0000 0.8263
vn -0.7135 -0.0000 0.7006
vn 0.9825 -0.0000 -0.1860
vn 1.0000 -0.0000 0.0091
vn -0.9274 -0.0000 0.3742
vn 0.9790 -0.0000 0.2041
vn -0.9825 -0.0000 0.1860
vn 0.9204 -0.0000 0.3910
vn -1.0000 -0.0000 -0.0091
vn 0.8263 -0.0000 0.5632
vn -0.3740 -0.0000 -0.9274
vn -0.9790 -0.0000 -0.2041
vn 0.7005 -0.0000 0.7137
vn -0.9204 -0.0000 -0.3910
vn 0.5481 -0.0000 0.8364
vn -0.3741 -0.0000 -0.9274
vn -0.1859 -0.0000 -0.9826
vn 0.0089 -0.0000 -1.0000
vn 0.3912 -0.0000 -0.9203
vn 0.7135 -0.0000 -0.7007
vn 1.0000 -0.0000 0.0093
vn 0.9790 -0.0000 0.2040
vn 0.8264 -0.0000 0.5631
vn 0.5480 -0.0000 0.8365
vn 0.3741 -0.0000 0.9274
vn -0.0092 -0.0000 1.0000
vn -0.3912 -0.0000 0.9203
vn -0.5630 -0.0000 0.8264
vn -1.0000 -0.0000 -0.0092
vn -0.9790 -0.0000 -0.2040
vn -0.8262 -0.0000 -0.5634
vn -0.7008 -0.0000 -0.7134
vn -0.5480 -0.0000 -0.8365
vn -0.0091 -0.0674 0.9977
vn 0.5618 -0.0674 -0.8245
vn -0.2037 -0.0674 0.9767
vn 0.7120 -0.0674 -0.6990
vn -0.3903 -0.0674 0.9182
vn 0.8346 -0.0674 -0.5467
vn -0.5618 -0.0674 0.8245
vn 0.9252 -0.0674 -0.3733
vn -0.7120 -0.0674 0.6989
vn 0.9803 -0.0674 -0.1857
vn -0.8346 -0.0674 0.5467
vn 0.9977 -0.0674 0.0093
vn -0.9253 -0.0674 0.3733
vn 0.9767 -0.0674 0.2035
vn -0.9803 -0.0674 0.1857
vn 0.9183 -0.0674 0.3902
vn -0.9977 -0.0674 -0.0093
vn 0.8245 -0.0674 0.5619
vn -0.3734 -0.0674 -0.9252
vn -0.9767 -0.0674 -0.2035
vn 0.6990 -0.0675 0.7120
vn -0.1857 -0.0675 -0.9803
vn -0.9183 -0.0674 -0.3902
vn 0.5466 -0.0674 0.8347
vn 0.0091 -0.0674 -0.9977
vn -0.8245 -0.0674 -0.5619
vn 0.3734 -0.0674 0.9252
vn 0.2037 -0.0674 -0.9767
vn -0.6990 -0.0675 -0.7120
vn 0.1857 -0.0675 0.9803
vn 0.3903 -0.0674 -0.9182
vn -0.5466 -0.0674 -0.8347
vn 0.3919 -0.0000 0.9200
vn 0.2048 -0.0000 0.9788
vn 0.0099 -0.0000 1.0000
vn -0.1854 -0.0000 0.9827
vn -0.3735 -0.0000 0.9276
vn -0.5473 -0.0000 0.8369
vn -0.7001 -0.0000 0.7141
vn -0.8259 -0.0000 0.5638
vn -0.9200 -0.0000 0.3918
vn -0.9788 -0.0000 0.2048
vn -1.0000 -0.0000 0.0099
vn -0.9827 -0.0000 -0.1854
vn -0.9277 -0.0000 -0.3734
vn -0.8369 -0.0000 -0.5473
vn -0.7141 -0.0000 -0.7001
vn -0.5639 -0.0000 -0.8259
vn -0.3917 -0.0000 -0.9201
vn -0.2048 -0.0000 -0.9788
vn -0.0099 -0.0000 -1.0000
vn 0.1854 -0.0000 -0.9827
vn 0.3735 -0.0000 -0.9276
vn 0.5473 -0.0000 -0.8369
vn 0.7001 -0.0000 -0.7141
vn 0.8259 -0.0000 -0.5638
vn 0.9200 -0.0000 -0.3918
vn 0.9788 -0.0000 -0.2048
vn 1.0000 -0.0000 -0.0099
vn 0.9827 -0.0000 0.1853
vn 0.9277 -0.0000 0.3734
vn 0.8369 -0.0000 0.5473
vn 0.7141 -0.0000 0.7001
vn 0.5637 -0.0000 0.8260
vn 1.0000 -0.0000 -0.0087
vn 0.9791 -0.0000 -0.2036
vn 0.9205 -0.0000 -0.3907
vn 0.9825 -0.0000 0.1864
vn 0.5483 -0.0000 -0.8363
vn 0.8266 -0.0000 -0.5628
vn 0.7008 -0.0000 -0.7133
vn 0.9272 -0.0000 0.3746
vn 0.8363 -0.0000 0.5483
vn -0.6709 -0.0000 0.7416
vn -0.0096 -0.9999 -0.0077
vn 0.0096 0.9999 0.0077
vn 0.5821 -0.0000 -0.8131
vn 0.7133 -0.0000 0.7008
vn 0.5628 -0.0000 0.8266
vn 0.3907 -0.0000 0.9205
vn 0.2036 -0.0000 0.9791
vn 0.0087 -0.0000 1.0000
vn -0.1865 -0.0000 0.9825
vn -0.3746 -0.0000 0.9272
vn -0.5483 -0.0000 0.8363
vn -0.7009 -0.0000 0.7132
vn -0.8266 -0.0000 0.5628
vn -0.9205 -0.0000 0.3908
vn -0.9791 -0.0000 0.2036
vn -1.0000 -0.0000 0.0089
vn -0.9824 -0.0000 -0.1866
vn -0.9272 -0.0000 -0.3746
vn -0.8363 -0.0000 -0.5483
vn -0.7133 -0.0000 -0.7008
vn -0.5628 -0.0000 -0.8266
vn -0.3907 -0.0000 -0.9205
vn -0.2036 -0.0000 -0.9791
vn -0.0090 -0.0000 -1.0000
vn 0.1865 -0.0000 -0.9825
vn 0.3748 -0.0000 -0.9271
vt 0.618934 0.162425
vt 0.604368 0.189677
vt 0.806182 0.334083
vt 0.821507 0.321507
vt 0.907631 0.250000
vt 0.904602 0.219248
vt 0.595398 0.219248
vt 0.895632 0.189677
vt 0.592369 0.250000
vt 0.881066 0.162425
vt 0.595398 0.280752
vt 0.861462 0.138538
vt 0.604368 0.310323
vt 0.837575 0.118934
vt 0.618934 0.337575
vt 0.810323 0.104368
vt 0.750000 0.407631
vt 0.780752 0.404602
vt 0.638538 0.361462
vt 0.780752 0.095398
vt 0.810323 0.395632
vt 0.662425 0.381066
vt 0.750000 0.092369
vt 0.837575 0.381066
vt 0.689677 0.395632
vt 0.719248 0.095398
vt 0.861462 0.361462
vt 0.719247 0.404602
vt 0.689677 0.104368
vt 0.881066 0.337575
vt 0.662425 0.118934
vt 0.895632 0.310323
vt 0.638538 0.138538
vt 0.904602 0.280752
vt 0.769729 0.349183
vt 0.750000 0.351126
vt 0.788699 0.343428
vt 0.834083 0.306183
vt 0.843428 0.288699
vt 0.849183 0.269729
vt 0.851126 0.250000
vt 0.849183 0.230271
vt 0.843428 0.211301
vt 0.834083 0.193817
vt 0.821507 0.178493
vt 0.806182 0.165917
vt 0.788699 0.156572
vt 0.769729 0.150817
vt 0.750000 0.148874
vt 0.730271 0.150817
vt 0.711301 0.156572
vt 0.693817 0.165917
vt 0.678493 0.178493
vt 0.665917 0.193817
vt 0.656572 0.211301
vt 0.650817 0.230271
vt 0.648874 0.250000
vt 0.650817 0.269729
vt 0.656572 0.288699
vt 0.665917 0.306182
vt 0.678493 0.321507
vt 0.693817 0.334083
vt 0.711301 0.343428
vt 0.730271 0.349183
vt 0.750000 0.250000
vt 1.000000 0.500000
vt 1.000000 1.000000
vt 0.968750 1.000000
vt 0.968750 0.500000
vt 0.937500 1.000000
vt 0.937500 0.500000
vt 0.906250 1.000000
vt 0.906250 0.500000
vt 0.875000 1.000000
vt 0.875000 0.500000
vt 0.843750 1.000000
vt 0.843750 0.500000
vt 0.812500 1.000000
vt 0.812500 0.500000
vt 0.781250 1.000000
vt 0.781250 0.500000
vt 0.750000 1.000000
vt 0.750000 0.500000
vt 0.718750 1.000000
vt 0.718750 0.500000
vt 0.687500 1.000000
vt 0.687500 0.500000
vt 0.656250 1.000000
vt 0.656250 0.500000
vt 0.625000 1.000000
vt 0.625000 0.500000
vt 0.593750 1.000000
vt 0.593750 0.500000
vt 0.562500 1.000000
vt 0.562500 0.500000
vt 0.531250 1.000000
vt 0.531250 0.500000
vt 0.500000 1.000000
vt 0.500000 0.500000
vt 0.468750 1.000000
vt 0.468750 0.500000
vt 0.437500 1.000000
vt 0.437500 0.500000
vt 0.406250 1.000000
vt 0.406250 0.500000
vt 0.375000 1.000000
vt 0.375000 0.500000
vt 0.343750 1.000000
vt 0.343750 0.500000
vt 0.312500 1.000000
vt 0.312500 0.500000
vt 0.281250 1.000000
vt 0.281250 0.500000
vt 0.250000 1.000000
vt 0.250000 0.500000
vt 0.218750 1.000000
vt 0.218750 0.500000
vt 0.187500 1.000000
vt 0.187500 0.500000
vt 0.156250 1.000000
vt 0.156250 0.500000
vt 0.125000 1.000000
vt 0.125000 0.500000
vt 0.093750 1.000000
vt 0.093750 0.500000
vt 0.062500 1.000000
vt 0.062500 0.500000
vt 0.296822 0.485388
vt 0.250000 0.490000
vt 0.203178 0.485388
vt 0.158156 0.471731
vt 0.116663 0.449553
vt 0.080294 0.419706
vt 0.050447 0.383337
vt 0.028269 0.341844
vt 0.014612 0.296822
vt 0.010000 0.250000
vt 0.014612 0.203178
vt 0.028269 0.158156
vt 0.050447 0.116663
vt 0.080294 0.080294
vt 0.116663 0.050447
vt 0.158156 0.028269
vt 0.203178 0.014612
vt 0.250000 0.010000
vt 0.296822 0.014612
vt 0.341844 0.028269
vt 0.383337 0.050447
vt 0.419706 0.080294
vt 0.449553 0.116663
vt 0.471731 0.158156
vt 0.485388 0.203178
vt 0.490000 0.250000
vt 0.485388 0.296822
vt 0.471731 0.341844
vt 0.449553 0.383337
vt 0.419706 0.419706
vt 0.383337 0.449553
vt 0.341844 0.471731
vt 0.031250 1.000000
vt 0.031250 0.500000
vt 0.000000 1.000000
vt 0.000000 0.500000
vt 0.750000 0.490000
vt 0.796822 0.485388
vt 0.841844 0.471731
vt 0.883337 0.449553
vt 0.919706 0.419706
vt 0.949553 0.383337
vt 0.971731 0.341844
vt 0.985388 0.296822
vt 0.990000 0.250000
vt 0.985388 0.203178
vt 0.971731 0.158156
vt 0.949553 0.116663
vt 0.919706 0.080294
vt 0.883337 0.050447
vt 0.841844 0.028269
vt 0.796822 0.014612
vt 0.750000 0.010000
vt 0.703178 0.014612
vt 0.658156 0.028269
vt 0.616663 0.050447
vt 0.580294 0.080294
vt 0.550447 0.116663
vt 0.528269 0.158156
vt 0.514612 0.203178
vt 0.510000 0.250000
vt 0.514612 0.296822
vt 0.528269 0.341844
vt 0.550447 0.383337
vt 0.580294 0.419706
vt 0.616663 0.449553
vt 0.658156 0.471731
vt 0.703178 0.485388
vt 1.000000 0.818047
vt 0.968750 0.818047
vt 0.937500 0.818047
vt 0.906250 0.818047
vt 0.875000 0.818047
vt 0.843750 0.818047
vt 0.812500 0.818047
vt 0.781250 0.818047
vt 0.750000 0.818047
vt 0.718750 0.818047
vt 0.687500 0.818047
vt 0.656250 0.818047
vt 0.625000 0.818047
vt 0.593750 0.818047
vt 0.562500 0.818047
vt 0.531250 0.818047
vt 0.500000 0.818047
vt 0.468750 0.818047
vt 0.437500 0.818047
vt 0.406250 0.818047
vt 0.375000 0.818047
vt 0.343750 0.818047
vt 0.312500 0.818047
vt 0.281250 0.818047
vt 0.250000 0.818047
vt 0.218750 0.818047
vt 0.187500 0.818047
vt 0.156250 0.818047
vt 0.125000 0.818047
vt 0.093750 0.818047
vt 0.062500 0.818047
vt 0.031250 0.818047
vt 0.000000 0.818047
vt 0.000000 0.000000
vt 0.625000 0.709087
vt 0.500000 0.709087
vt 0.031250 0.709087
vt 0.000000 0.709087
vt 0.062500 0.709087
vt 0.093750 0.709087
vt 0.125000 0.709087
vt 0.156250 0.709087
vt 0.187500 0.709087
vt 0.218750 0.709087
vt 0.250000 0.709087
vt 0.281250 0.709087
vt 0.312500 0.709087
vt 0.343750 0.709087
vt 0.375000 0.709087
vt 0.406250 0.709087
vt 0.437500 0.709087
vt 0.468750 0.709087
vt 0.531250 0.709087
vt 0.562500 0.709087
vt 0.593750 0.709087
vt 0.656250 0.709087
vt 0.687500 0.709087
vt 0.718750 0.709087
vt 0.750000 0.709087
vt 0.781250 0.709087
vt 0.812500 0.709087
vt 0.843750 0.709087
vt 0.875000 0.709087
vt 0.906250 0.709087
vt 0.937500 0.709087
vt 0.968750 0.709087
vt 1.000000 0.709087
s 0
f 4221/1825/627 4222/1826/627 4286/1826/627 4285/1825/627
f 4235/1827/628 4236/1828/628 4300/1828/628 4299/1827/628
f 4208/1829/627 4209/1830/627 4273/1830/627 4272/1829/627
f 4222/1826/627 4223/1831/627 4287/1831/627 4286/1826/627
f 4209/1830/627 4210/1832/627 4274/1832/627 4273/1830/627
f 4223/1831/627 4224/1833/627 4288/1833/627 4287/1831/627
f 4210/1832/627 4211/1834/627 4275/1834/627 4274/1832/627
f 4224/1833/627 4225/1835/627 4289/1835/627 4288/1833/627
f 4211/1834/627 4212/1836/627 4276/1836/627 4275/1834/627
f 4225/1835/627 4226/1837/627 4290/1837/627 4289/1835/627
f 4212/1836/627 4213/1838/627 4277/1838/627 4276/1836/627
f 4226/1837/627 4227/1839/627 4291/1839/627 4290/1837/627
f 4213/1838/627 4214/1840/627 4278/1840/627 4277/1838/627
f 4200/1841/627 4201/1842/627 4265/1842/627 4264/1841/627
f 4227/1839/627 4228/1843/627 4292/1843/627 4291/1839/627
f 4214/1840/627 4215/1844/627 4279/1844/627 4278/1840/627
f 4201/1842/627 4202/1845/627 4266/1845/627 4265/1842/627
f 4228/1843/627 4229/1846/627 4293/1846/627 4292/1843/627
f 4215/1844/627 4216/1847/627 4280/1847/627 4279/1844/627
f 4202/1845/627 4203/1848/627 4267/1848/627 4266/1845/627
f 4229/1846/627 4230/1849/627 4294/1849/627 4293/1846/627
f 4216/1847/627 4217/1850/627 4281/1850/627 4280/1847/627
f 4203/1848/627 4204/1851/627 4268/1851/627 4267/1848/627
f 4230/1849/627 4231/1852/627 4295/1852/627 4294/1849/627
f 4217/1850/627 4218/1853/627 4282/1853/627 4281/1850/627
f 4204/1851/627 4205/1854/627 4269/1854/627 4268/1851/627
f 4231/1852/627 4200/1841/627 4264/1841/627 4295/1852/627
f 4218/1853/627 4219/1855/627 4283/1855/627 4282/1853/627
f 4205/1854/627 4206/1856/627 4270/1856/627 4269/1854/627
f 4219/1855/627 4220/1857/627 4284/1857/627 4283/1855/627
f 4206/1856/627 4207/1858/627 4271/1858/627 4270/1856/627
f 4220/1857/627 4221/1825/627 4285/1825/627 4284/1857/627
f 4207/1858/627 4208/1829/627 4272/1829/627 4271/1858/627
f 4233/1859/629 4232/1860/629 4264/1841/629 4265/1842/629
f 4234/1861/629 4233/1859/629 4265/1842/629 4266/1845/629
f 4235/1827/629 4234/1861/629 4266/1845/629 4267/1848/629
f 4236/1828/629 4235/1827/629 4267/1848/629 4268/1851/629
f 4237/1862/629 4236/1828/629 4268/1851/629 4269/1854/629
f 4238/1863/629 4237/1862/629 4269/1854/629 4270/1856/629
f 4239/1864/629 4238/1863/629 4270/1856/629 4271/1858/629
f 4240/1865/629 4239/1864/629 4271/1858/629 4272/1829/629
f 4241/1866/629 4240/1865/629 4272/1829/629 4273/1830/629
f 4242/1867/629 4241/1866/629 4273/1830/629 4274/1832/629
f 4243/1868/629 4242/1867/629 4274/1832/629 4275/1834/629
f 4244/1869/629 4243/1868/629 4275/1834/629 4276/1836/629
f 4245/1870/629 4244/1869/629 4276/1836/629 4277/1838/629
f 4246/1871/629 4245/1870/629 4277/1838/629 4278/1840/629
f 4247/1872/629 4246/1871/629 4278/1840/629 4279/1844/629
f 4248/1873/629 4247/1872/629 4279/1844/629 4280/1847/629
f 4249/1874/629 4248/1873/629 4280/1847/629 4281/1850/629
f 4250/1875/629 4249/1874/629 4281/1850/629 4282/1853/629
f 4251/1876/629 4250/1875/629 4282/1853/629 4283/1855/629
f 4252/1877/629 4251/1876/629 4283/1855/629 4284/1857/629
f 4253/1878/629 4252/1877/629 4284/1857/629 4285/1825/629
f 4254/1879/629 4253/1878/629 4285/1825/629 4286/1826/629
f 4255/1880/629 4254/1879/629 4286/1826/629 4287/1831/629
f 4256/1881/629 4255/1880/629 4287/1831/629 4288/1833/629
f 4257/1882/629 4256/1881/629 4288/1833/629 4289/1835/629
f 4258/1883/629 4257/1882/629 4289/1835/629 4290/1837/629
f 4259/1884/629 4258/1883/629 4290/1837/629 4291/1839/629
f 4260/1885/629 4259/1884/629 4291/1839/629 4292/1843/629
f 4261/1886/629 4260/1885/629 4292/1843/629 4293/1846/629
f 4262/1887/629 4261/1886/629 4293/1846/629 4294/1849/629
f 4263/1888/629 4262/1887/629 4294/1849/629 4295/1852/629
f 4232/1860/629 4263/1888/629 4295/1852/629 4264/1841/629
f 4302/1863/627 4303/1864/627 4335/1864/627 4334/1863/627
f 4262/1887/630 4263/1888/630 4327/1888/630 4326/1887/630
f 4249/1874/631 4250/1875/631 4314/1875/631 4313/1874/631
f 4236/1828/632 4237/1862/632 4301/1862/632 4300/1828/632
f 4263/1888/633 4232/1860/633 4296/1860/633 4327/1888/633
f 4250/1875/634 4251/1876/634 4315/1876/634 4314/1875/634
f 4237/1862/635 4238/1863/635 4302/1863/635 4301/1862/635
f 4251/1876/636 4252/1877/636 4316/1877/636 4315/1876/636
f 4238/1863/637 4239/1864/637 4303/1864/637 4302/1863/637
f 4252/1877/638 4253/1878/638 4317/1878/638 4316/1877/638
f 4239/1864/639 4240/1865/639 4304/1865/639 4303/1864/639
f 4253/1878/640 4254/1879/640 4318/1879/640 4317/1878/640
f 4240/1865/641 4241/1866/641 4305/1866/641 4304/1865/641
f 4254/1879/642 4255/1880/642 4319/1880/642 4318/1879/642
f 4241/1866/643 4242/1867/643 4306/1867/643 4305/1866/643
f 4255/1880/644 4256/1881/644 4320/1881/644 4319/1880/644
f 4242/1867/645 4243/1868/645 4307/1868/645 4306/1867/645
f 4256/1881/646 4257/1882/646 4321/1882/646 4320/1881/646
f 4243/1868/647 4244/1869/647 4308/1869/647 4307/1868/647
f 4257/1882/648 4258/1883/648 4322/1883/648 4321/1882/648
f 4244/1869/649 4245/1870/649 4309/1870/649 4308/1869/649
f 4258/1883/650 4259/1884/650 4323/1884/650 4322/1883/650
f 4245/1870/651 4246/1871/651 4310/1871/651 4309/1870/651
f 4232/1860/652 4233/1859/652 4297/1859/652 4296/1860/652
f 4259/1884/653 4260/1885/653 4324/1885/653 4323/1884/653
f 4246/1871/654 4247/1872/654 4311/1872/654 4310/1871/654
f 4233/1859/655 4234/1861/655 4298/1861/655 4297/1859/655
f 4260/1885/656 4261/1886/656 4325/1886/656 4324/1885/656
f 4247/1872/657 4248/1873/657 4312/1873/657 4311/1872/657
f 4234/1861/658 4235/1827/658 4299/1827/658 4298/1861/658
f 4261/1886/659 4262/1887/659 4326/1887/659 4325/1886/659
f 4248/1873/660 4249/1874/660 4313/1874/660 4312/1873/660
f 4330/1861/661 4331/1827/661 4363/1827/661 4362/1861/661
f 4316/1877/627 4317/1878/627 4349/1878/627 4348/1877/627
f 4303/1864/627 4304/1865/627 4336/1865/627 4335/1864/627
f 4317/1878/627 4318/1879/627 4350/1879/627 4349/1878/627
f 4304/1865/627 4305/1866/627 4337/1866/627 4336/1865/627
f 4318/1879/627 4319/1880/627 4351/1880/627 4350/1879/627
f 4305/1866/627 4306/1867/627 4338/1867/627 4337/1866/627
f 4319/1880/627 4320/1881/627 4352/1881/627 4351/1880/627
f 4306/1867/627 4307/1868/627 4339/1868/627 4338/1867/627
f 4320/1881/627 4321/1882/627 4353/1882/627 4352/1881/627
f 4307/1868/627 4308/1869/627 4340/1869/627 4339/1868/627
f 4321/1882/627 4322/1883/627 4354/1883/627 4353/1882/627
f 4308/1869/627 4309/1870/627 4341/1870/627 4340/1869/627
f 4322/1883/627 4323/1884/627 4355/1884/627 4354/1883/627
f 4309/1870/627 4310/1871/627 4342/1871/627 4341/1870/627
f 4296/1860/627 4297/1859/627 4329/1859/627 4328/1860/627
f 4323/1884/627 4324/1885/627 4356/1885/627 4355/1884/627
f 4310/1871/627 4311/1872/627 4343/1872/627 4342/1871/627
f 4297/1859/627 4298/1861/627 4330/1861/627 4329/1859/627
f 4324/1885/627 4325/1886/627 4357/1886/627 4356/1885/627
f 4311/1872/627 4312/1873/627 4344/1873/627 4343/1872/627
f 4298/1861/627 4299/1827/627 4331/1827/627 4330/1861/627
f 4325/1886/627 4326/1887/627 4358/1887/627 4357/1886/627
f 4312/1873/627 4313/1874/627 4345/1874/627 4344/1873/627
f 4299/1827/627 4300/1828/627 4332/1828/627 4331/1827/627
f 4326/1887/627 4327/1888/627 4359/1888/627 4358/1887/627
f 4313/1874/627 4314/1875/627 4346/1875/627 4345/1874/627
f 4300/1828/627 4301/1862/627 4333/1862/627 4332/1828/627
f 4327/1888/627 4296/1860/627 4328/1860/627 4359/1888/627
f 4314/1875/627 4315/1876/627 4347/1876/627 4346/1875/627
f 4301/1862/627 4302/1863/627 4334/1863/627 4333/1862/627
f 4315/1876/627 4316/1877/627 4348/1877/627 4347/1876/627
f 4360/1860/629 4392/1889/629 4384/1881/629 4385/1882/629 4386/1883/629 4387/1884/629 4388/1885/629 4389/1886/629 4390/1887/629 4391/1888/629
f 4357/1886/662 4358/1887/662 4390/1887/662 4389/1886/662
f 4344/1873/663 4345/1874/663 4377/1874/663 4376/1873/663
f 4331/1827/664 4332/1828/664 4364/1828/664 4363/1827/664
f 4358/1887/665 4359/1888/665 4391/1888/665 4390/1887/665
f 4345/1874/631 4346/1875/631 4378/1875/631 4377/1874/631
f 4332/1828/666 4333/1862/666 4365/1862/666 4364/1828/666
f 4359/1888/667 4328/1860/667 4360/1860/667 4391/1888/667
f 4346/1875/668 4347/1876/668 4379/1876/668 4378/1875/668
f 4333/1862/669 4334/1863/669 4366/1863/669 4365/1862/669
f 4347/1876/670 4348/1877/670 4380/1877/670 4379/1876/670
f 4334/1863/671 4335/1864/671 4367/1864/671 4366/1863/671
f 4348/1877/672 4349/1878/672 4381/1878/672 4380/1877/672
f 4335/1864/639 4336/1865/639 4368/1865/639 4367/1864/639
f 4349/1878/673 4350/1879/673 4382/1879/673 4381/1878/673
f 4336/1865/641 4337/1866/641 4369/1866/641 4368/1865/641
f 4350/1879/674 4351/1880/674 4383/1880/674 4382/1879/674
f 4337/1866/675 4338/1867/675 4370/1867/675 4369/1866/675
f 4351/1880/644 4352/1881/644 4384/1881/644 4383/1880/644
f 4338/1867/676 4339/1868/676 4371/1868/676 4370/1867/676
f 4352/1881/677 4353/1882/677 4385/1882/677 4384/1881/677
f 4339/1868/678 4340/1869/678 4372/1869/678 4371/1868/678
f 4353/1882/679 4354/1883/679 4386/1883/679 4385/1882/679
f 4340/1869/680 4341/1870/680 4373/1870/680 4372/1869/680
f 4354/1883/681 4355/1884/681 4387/1884/681 4386/1883/681
f 4341/1870/682 4342/1871/682 4374/1871/682 4373/1870/682
f 4328/1860/683 4329/1859/683 4361/1859/683 4360/1860/683
f 4355/1884/684 4356/1885/684 4388/1885/684 4387/1884/684
f 4342/1871/685 4343/1872/685 4375/1872/685 4374/1871/685
f 4329/1859/655 4330/1861/655 4362/1861/655 4361/1859/655
f 4356/1885/686 4357/1886/686 4389/1886/686 4388/1885/686
f 4343/1872/687 4344/1873/687 4376/1873/687 4375/1872/687
f 4376/1873/629 4392/1889/629 4368/1865/629 4369/1866/629 4370/1867/629 4371/1868/629 4372/1869/629 4373/1870/629 4374/1871/629 4375/1872/629
f 4368/1865/629 4392/1889/629 4360/1860/629 4361/1859/629 4362/1861/629 4363/1827/629 4364/1828/629 4365/1862/629 4366/1863/629 4367/1864/629
f 4384/1881/629 4392/1889/629 4376/1873/629 4377/1874/629 4378/1875/629 4379/1876/629 4380/1877/629 4381/1878/629 4382/1879/629 4383/1880/629
f 4457/1890/688 4394/1891/688 4396/1892/688 4458/1893/688
f 4458/1893/689 4396/1892/689 4398/1894/689 4459/1895/689
f 4459/1895/690 4398/1894/690 4400/1896/690 4460/1897/690
f 4460/1897/664 4400/1896/664 4402/1898/664 4461/1899/664
f 4461/1899/691 4402/1898/691 4404/1900/691 4462/1901/691
f 4462/1901/669 4404/1900/669 4406/1902/669 4463/1903/669
f 4463/1903/692 4406/1902/692 4408/1904/692 4464/1905/692
f 4464/1905/639 4408/1904/639 4410/1906/639 4465/1907/639
f 4465/1907/641 4410/1906/641 4412/1908/641 4466/1909/641
f 4466/1909/643 4412/1908/643 4414/1910/643 4467/1911/643
f 4467/1911/693 4414/1910/693 4416/1912/693 4468/1913/693
f 4468/1913/694 4416/1912/694 4418/1914/694 4469/1915/694
f 4469/1915/680 4418/1914/680 4420/1916/680 4470/1917/680
f 4470/1917/695 4420/1916/695 4422/1918/695 4471/1919/695
f 4471/1919/654 4422/1918/654 4424/1920/654 4472/1921/654
f 4472/1921/696 4424/1920/696 4426/1922/696 4473/1923/696
f 4473/1923/697 4426/1922/697 4428/1924/697 4474/1925/697
f 4474/1925/631 4428/1924/631 4430/1926/631 4475/1927/631
f 4475/1927/698 4430/1926/698 4432/1928/698 4476/1929/698
f 4476/1929/670 4432/1928/670 4434/1930/670 4477/1931/670
f 4477/1931/699 4434/1930/699 4436/1932/699 4478/1933/699
f 4478/1933/700 4436/1932/700 4438/1934/700 4479/1935/700
f 4479/1935/642 4438/1934/642 4440/1936/642 4480/1937/642
f 4480/1937/644 4440/1936/644 4442/1938/644 4481/1939/644
f 4481/1939/646 4442/1938/646 4444/1940/646 4482/1941/646
f 4482/1941/679 4444/1940/679 4446/1942/679 4483/1943/679
f 4483/1943/701 4446/1942/701 4448/1944/701 4484/1945/701
f 4484/1945/702 4448/1944/702 4450/1946/702 4485/1947/702
f 4485/1947/686 4450/1946/686 4452/1948/686 4486/1949/686
f 4486/1949/703 4452/1948/703 4454/1950/703 4487/1951/703
f 4396/1952/627 4394/1953/627 4456/1954/627 4454/1955/627 4452/1956/627 4450/1957/627 4448/1958/627 4446/1959/627 4444/1960/627 4442/1961/627 4440/1962/627 4438/1963/627 4436/1964/627 4434/1965/627 4432/1966/627 4430/1967/627 4428/1968/627 4426/1969/627 4424/1970/627 4422/1971/627 4420/1972/627 4418/1973/627 4416/1974/627 4414/1975/627 4412/1976/627 4410/1977/627 4408/1978/627 4406/1979/627 4404/1980/627 4402/1981/627 4400/1982/627 4398/1983/627
f 4487/1951/704 4454/1950/704 4456/1984/704 4488/1985/704
f 4488/1985/705 4456/1984/705 4394/1986/705 4457/1987/705
f 4429/1853/706 4431/1855/706 4508/1855/706 4507/1853/706
f 4395/1842/629 4393/1841/629 4457/1988/629 4458/1989/629
f 4397/1845/629 4395/1842/629 4458/1989/629 4459/1990/629
f 4399/1848/629 4397/1845/629 4459/1990/629 4460/1991/629
f 4401/1851/629 4399/1848/629 4460/1991/629 4461/1992/629
f 4403/1854/629 4401/1851/629 4461/1992/629 4462/1993/629
f 4405/1856/629 4403/1854/629 4462/1993/629 4463/1994/629
f 4407/1858/629 4405/1856/629 4463/1994/629 4464/1995/629
f 4409/1829/629 4407/1858/629 4464/1995/629 4465/1996/629
f 4411/1830/629 4409/1829/629 4465/1996/629 4466/1997/629
f 4413/1832/629 4411/1830/629 4466/1997/629 4467/1998/629
f 4415/1834/629 4413/1832/629 4467/1998/629 4468/1999/629
f 4417/1836/629 4415/1834/629 4468/1999/629 4469/2000/629
f 4419/1838/629 4417/1836/629 4469/2000/629 4470/2001/629
f 4421/1840/629 4419/1838/629 4470/2001/629 4471/2002/629
f 4423/1844/629 4421/1840/629 4471/2002/629 4472/2003/629
f 4425/1847/629 4423/1844/629 4472/2003/629 4473/2004/629
f 4427/1850/629 4425/1847/629 4473/2004/629 4474/2005/629
f 4429/1853/629 4427/1850/629 4474/2005/629 4475/2006/629
f 4431/1855/629 4429/1853/629 4475/2006/629 4476/2007/629
f 4433/1857/629 4431/1855/629 4476/2007/629 4477/2008/629
f 4435/1825/629 4433/1857/629 4477/2008/629 4478/2009/629
f 4437/1826/629 4435/1825/629 4478/2009/629 4479/2010/629
f 4439/1831/629 4437/1826/629 4479/2010/629 4480/2011/629
f 4441/1833/629 4439/1831/629 4480/2011/629 4481/2012/629
f 4443/1835/629 4441/1833/629 4481/2012/629 4482/2013/629
f 4445/1837/629 4443/1835/629 4482/2013/629 4483/2014/629
f 4447/1839/629 4445/1837/629 4483/2014/629 4484/2015/629
f 4449/1843/629 4447/1839/629 4484/2015/629 4485/2016/629
f 4451/1846/629 4449/1843/629 4485/2016/629 4486/2017/629
f 4453/1849/629 4451/1846/629 4486/2017/629 4487/2018/629
f 4455/1852/629 4453/1849/629 4487/2018/629 4488/2019/629
f 4393/1841/629 4455/1852/629 4488/2019/629 4457/1988/629
f 4403/1854/707 4405/1856/707 4495/1856/707 4494/1854/707
f 4431/1855/708 4433/1857/708 4509/1857/708 4508/1855/708
f 4405/1856/709 4407/1858/709 4496/1858/709 4495/1856/709
f 4433/1857/710 4435/1825/710 4510/1825/710 4509/1857/710
f 4407/1858/711 4409/1829/711 4497/1829/711 4496/1858/711
f 4435/1825/712 4437/1826/712 4511/1826/712 4510/1825/712
f 4409/1829/713 4411/1830/713 4498/1830/713 4497/1829/713
f 4437/1826/714 4439/1831/714 4512/1831/714 4511/1826/714
f 4411/1830/715 4413/1832/715 4499/1832/715 4498/1830/715
f 4439/1831/716 4441/1833/716 4513/1833/716 4512/1831/716
f 4413/1832/717 4415/1834/717 4500/1834/717 4499/1832/717
f 4441/1833/718 4443/1835/718 4514/1835/718 4513/1833/718
f 4415/1834/719 4417/1836/719 4501/1836/719 4500/1834/719
f 4443/1835/720 4445/1837/720 4515/1837/720 4514/1835/720
f 4417/1836/721 4419/1838/721 4502/1838/721 4501/1836/721
f 4445/1837/722 4447/1839/722 4516/1839/722 4515/1837/722
f 4419/1838/723 4421/1840/723 4503/1840/723 4502/1838/723
f 4393/1841/724 4395/1842/724 4490/1842/724 4489/1841/724
f 4447/1839/725 4449/1843/725 4517/1843/725 4516/1839/725
f 4421/1840/726 4423/1844/726 4504/1844/726 4503/1840/726
f 4395/1842/727 4397/1845/727 4491/1845/727 4490/1842/727
f 4449/1843/728 4451/1846/728 4518/1846/728 4517/1843/728
f 4423/1844/729 4425/1847/729 4505/1847/729 4504/1844/729
f 4397/1845/730 4399/1848/730 4492/1848/730 4491/1845/730
f 4451/1846/731 4453/1849/731 4519/1849/731 4518/1846/731
f 4425/1847/732 4427/1850/732 4506/1850/732 4505/1847/732
f 4399/1848/733 4401/1851/733 4493/1851/733 4492/1848/733
f 4453/1849/734 4455/1852/734 4520/1852/734 4519/1849/734
f 4427/1850/735 4429/1853/735 4507/1853/735 4506/1850/735
f 4401/1851/736 4403/1854/736 4494/1854/736 4493/1851/736
f 4455/1852/737 4393/1841/737 4489/1841/737 4520/1852/737
f 4713/2020/738 4714/2021/738 4524/1892/738 4522/1891/738
f 4714/2021/739 4715/2022/739 4526/1894/739 4524/1892/739
f 4715/2022/740 4716/2023/740 4528/1896/740 4526/1894/740
f 4716/2023/741 4717/2024/741 4530/1898/741 4528/1896/741
f 4717/2024/742 4718/2025/742 4532/1900/742 4530/1898/742
f 4718/2025/743 4719/2026/743 4534/1902/743 4532/1900/743
f 4719/2026/744 4720/2027/744 4536/1904/744 4534/1902/744
f 4720/2027/745 4721/2028/745 4538/1906/745 4536/1904/745
f 4721/2028/746 4722/2029/746 4540/1908/746 4538/1906/746
f 4722/2029/747 4723/2030/747 4542/1910/747 4540/1908/747
f 4723/2030/748 4724/2031/748 4544/1912/748 4542/1910/748
f 4724/2031/749 4725/2032/749 4546/1914/749 4544/1912/749
f 4725/2032/750 4726/2033/750 4548/1916/750 4546/1914/750
f 4726/2033/751 4727/2034/751 4550/1918/751 4548/1916/751
f 4727/2034/752 4728/2035/752 4552/1920/752 4550/1918/752
f 4728/2035/753 4729/2036/753 4554/1922/753 4552/1920/753
f 4729/2036/754 4730/2037/754 4556/1924/754 4554/1922/754
f 4730/2037/755 4731/2038/755 4558/1926/755 4556/1924/755
f 4731/2038/756 4732/2039/756 4560/1928/756 4558/1926/756
f 4732/2039/757 4733/2040/757 4562/1930/757 4560/1928/757
f 4733/2040/758 4734/2041/758 4564/1932/758 4562/1930/758
f 4734/2041/759 4735/2042/759 4566/1934/759 4564/1932/759
f 4735/2042/760 4736/2043/760 4568/1936/760 4566/1934/760
f 4736/2043/761 4737/2044/761 4570/1938/761 4568/1936/761
f 4737/2044/762 4738/2045/762 4572/1940/762 4570/1938/762
f 4738/2045/763 4739/2046/763 4574/1942/763 4572/1940/763
f 4739/2046/764 4740/2047/764 4576/1944/764 4574/1942/764
f 4740/2047/765 4741/2048/765 4578/1946/765 4576/1944/765
f 4741/2048/766 4742/2049/766 4580/1948/766 4578/1946/766
f 4742/2049/767 4743/2050/767 4582/1950/767 4580/1948/767
f 4524/1952/629 4526/1983/629 4528/1982/629 4530/1981/629 4532/1980/629 4534/1979/629 4536/1978/629 4538/1977/629 4540/1976/629 4542/1975/629 4544/1974/629 4546/1973/629 4548/1972/629 4550/1971/629 4552/1970/629 4554/1969/629 4556/1968/629 4558/1967/629 4560/1966/629 4562/1965/629 4564/1964/629 4566/1963/629 4568/1962/629 4570/1961/629 4572/1960/629 4574/1959/629 4576/1958/629 4578/1957/629 4580/1956/629 4582/1955/629 4584/1954/629 4522/1953/629
f 4743/2050/768 4744/2051/768 4584/1984/768 4582/1950/768
f 4744/2051/769 4713/2052/769 4522/1986/769 4584/1984/769
f 4521/1988/627 4583/2019/627 4581/2018/627 4579/2017/627 4577/2016/627 4575/2015/627 4573/2014/627 4571/2013/627 4569/2012/627 4567/2011/627 4565/2010/627 4563/2009/627 4561/2008/627 4559/2007/627 4557/2006/627 4555/2005/627 4553/2004/627 4551/2003/627 4549/2002/627 4547/2001/627 4545/2000/627 4543/1999/627 4541/1998/627 4539/1997/627 4537/1996/627 4535/1995/627 4533/1994/627 4531/1993/627 4529/1992/627 4527/1991/627 4525/1990/627 4523/1989/627
f 4802/2053/770 4803/2053/770 4704/2053/770 4702/2053/770
f 4702/2053/771 4700/2053/771 4801/2053/771 4802/2053/771
f 4700/2053/772 4699/2053/772 4697/2053/772 4698/2053/772
f 4701/2053/771 4699/2053/771 4700/2053/771 4702/2053/771
f 4701/2053/771 4638/2053/771 4636/2053/771 4699/2053/771
f 4703/2053/770 4640/2053/770 4638/2053/770 4701/2053/770
f 4705/2053/773 4642/2053/773 4640/2053/773 4703/2053/773
f 4693/2053/774 4630/2053/774 4628/2053/774 4691/2053/774
f 4695/2053/775 4697/2053/775 4634/2053/775 4632/2053/775
f 4693/2053/776 4695/2053/776 4632/2053/776 4630/2053/776
f 4696/2053/776 4695/2053/776 4693/2053/776 4694/2053/776
f 4698/2053/775 4697/2053/775 4695/2053/775 4696/2053/775
f 4707/2053/777 4644/2053/777 4642/2053/777 4705/2053/777
f 4709/2053/778 4646/2053/778 4644/2053/778 4707/2053/778
f 4756/2054/779 4658/2053/779 4657/2053/779 4725/2032/779
f 4729/2036/780 4725/2053/780 4657/2053/780 4697/2053/780
f 4760/2055/781 4698/2053/781 4658/2053/781 4756/2053/781
f 4760/2055/782 4729/2036/782 4697/2053/782 4698/2053/782
f 4711/2053/783 4648/2053/783 4646/2053/783 4709/2053/783
f 4711/2053/784 4650/2053/784 4586/2053/784 4648/2053/784
f 4649/2053/784 4650/2053/784 4711/2053/784 4712/2053/784
f 4651/2053/785 4650/2053/785 4649/2053/785 4652/2053/785
f 4588/2053/785 4586/2053/785 4650/2053/785 4651/2053/785
f 4653/2053/786 4590/2053/786 4588/2053/786 4651/2053/786
f 4800/2053/775 4698/2053/775 4696/2053/775 4799/2053/775
f 4655/2053/787 4592/2053/787 4590/2053/787 4653/2053/787
f 4801/2053/772 4700/2053/772 4698/2053/772 4800/2053/772
f 4657/2053/788 4594/2053/788 4592/2053/788 4655/2053/788
f 4633/2053/772 4635/2053/772 4801/2053/772 4800/2053/772
f 4633/2053/775 4800/2053/775 4799/2053/775 4631/2053/775
f 4637/2053/771 4802/2053/771 4801/2053/771 4635/2053/771
f 4631/2053/776 4799/2053/776 4798/2053/776 4629/2053/776
f 4639/2053/770 4803/2053/770 4802/2053/770 4637/2053/770
f 4641/2053/773 4804/2053/773 4803/2053/773 4639/2053/773
f 4643/2053/777 4805/2053/777 4804/2053/777 4641/2053/777
f 4645/2053/778 4806/2053/778 4805/2053/778 4643/2053/778
f 4589/2053/627 4587/2053/627 4585/2053/627 4647/2053/627 4645/2053/627 4809/2053/627 4597/2053/627 4595/2053/627 4593/2053/627 4591/2053/627
f 4589/2053/786 4778/2053/786 4777/2053/786 4587/2053/786
f 4659/2053/789 4596/2053/789 4594/2053/789 4657/2053/789
f 4661/2053/790 4598/2053/790 4596/2053/790 4659/2053/790
f 4663/2053/791 4600/2053/791 4598/2053/791 4661/2053/791
f 4665/2053/792 4602/2053/792 4600/2053/792 4663/2053/792
f 4667/2053/793 4604/2053/793 4602/2053/793 4665/2053/793
f 4669/2053/794 4606/2053/794 4604/2053/794 4667/2053/794
f 4671/2053/795 4608/2053/795 4606/2053/795 4669/2053/795
f 4673/2053/796 4610/2053/796 4608/2053/796 4671/2053/796
f 4612/2053/797 4610/2053/797 4673/2053/797 4675/2053/797
f 4677/2053/798 4614/2053/798 4612/2053/798 4675/2053/798
f 4679/2053/799 4616/2053/799 4614/2053/799 4677/2053/799
f 4681/2053/800 4618/2053/800 4616/2053/800 4679/2053/800
f 4683/2053/801 4620/2053/801 4618/2053/801 4681/2053/801
f 4685/2053/802 4622/2053/802 4620/2053/802 4683/2053/802
f 4775/2056/769 4776/2057/769 4713/2052/769 4744/2051/769
f 4774/2058/768 4775/2056/768 4744/2051/768 4743/2050/768
f 4773/2059/767 4774/2058/767 4743/2050/767 4742/2049/767
f 4772/2060/766 4773/2059/766 4742/2049/766 4741/2048/766
f 4771/2061/765 4772/2060/765 4741/2048/765 4740/2047/765
f 4770/2062/764 4771/2061/764 4740/2047/764 4739/2046/764
f 4769/2063/763 4770/2062/763 4739/2046/763 4738/2045/763
f 4768/2064/762 4769/2063/762 4738/2045/762 4737/2044/762
f 4767/2065/761 4768/2064/761 4737/2044/761 4736/2043/761
f 4766/2066/760 4767/2065/760 4736/2043/760 4735/2042/760
f 4765/2067/759 4766/2066/759 4735/2042/759 4734/2041/759
f 4764/2068/758 4765/2067/758 4734/2041/758 4733/2040/758
f 4763/2069/757 4764/2068/757 4733/2040/757 4732/2039/757
f 4762/2070/756 4763/2069/756 4732/2039/756 4731/2038/756
f 4761/2071/755 4762/2070/755 4731/2038/755 4730/2037/755
f 4760/2055/754 4761/2071/754 4730/2037/754 4729/2036/754
f 4759/2072/753 4760/2055/753 4729/2036/753 4728/2035/753
f 4758/2073/752 4759/2072/752 4728/2035/752 4727/2034/752
f 4757/2074/751 4758/2073/751 4727/2034/751 4726/2033/751
f 4756/2054/750 4757/2074/750 4726/2033/750 4725/2032/750
f 4755/2075/749 4756/2054/749 4725/2032/749 4724/2031/749
f 4754/2076/748 4755/2075/748 4724/2031/748 4723/2030/748
f 4753/2077/747 4754/2076/747 4723/2030/747 4722/2029/747
f 4752/2078/746 4753/2077/746 4722/2029/746 4721/2028/746
f 4751/2079/745 4752/2078/745 4721/2028/745 4720/2027/745
f 4750/2080/744 4751/2079/744 4720/2027/744 4719/2026/744
f 4749/2081/743 4750/2080/743 4719/2026/743 4718/2025/743
f 4748/2082/742 4749/2081/742 4718/2025/742 4717/2024/742
f 4747/2083/741 4748/2082/741 4717/2024/741 4716/2023/741
f 4746/2084/740 4747/2083/740 4716/2023/740 4715/2022/740
f 4745/2085/739 4746/2084/739 4715/2022/739 4714/2021/739
f 4776/2086/738 4745/2085/738 4714/2021/738 4713/2020/738
f 4521/1890/738 4523/1893/738 4745/2085/738 4776/2086/738
f 4523/1893/739 4525/1895/739 4746/2084/739 4745/2085/739
f 4525/1895/740 4527/1897/740 4747/2083/740 4746/2084/740
f 4527/1897/741 4529/1899/741 4748/2082/741 4747/2083/741
f 4529/1899/742 4531/1901/742 4749/2081/742 4748/2082/742
f 4531/1901/743 4533/1903/743 4750/2080/743 4749/2081/743
f 4533/1903/744 4535/1905/744 4751/2079/744 4750/2080/744
f 4535/1905/745 4537/1907/745 4752/2078/745 4751/2079/745
f 4537/1907/746 4539/1909/746 4753/2077/746 4752/2078/746
f 4539/1909/747 4541/1911/747 4754/2076/747 4753/2077/747
f 4541/1911/748 4543/1913/748 4755/2075/748 4754/2076/748
f 4543/1913/749 4545/1915/749 4756/2054/749 4755/2075/749
f 4545/1915/750 4547/1917/750 4757/2074/750 4756/2054/750
f 4547/1917/751 4549/1919/751 4758/2073/751 4757/2074/751
f 4549/1919/752 4551/1921/752 4759/2072/752 4758/2073/752
f 4551/1921/753 4553/1923/753 4760/2055/753 4759/2072/753
f 4553/1923/754 4555/1925/754 4761/2071/754 4760/2055/754
f 4555/1925/755 4557/1927/755 4762/2070/755 4761/2071/755
f 4557/1927/756 4559/1929/756 4763/2069/756 4762/2070/756
f 4559/1929/757 4561/1931/757 4764/2068/757 4763/2069/757
f 4561/1931/758 4563/1933/758 4765/2067/758 4764/2068/758
f 4563/1933/759 4565/1935/759 4766/2066/759 4765/2067/759
f 4565/1935/760 4567/1937/760 4767/2065/760 4766/2066/760
f 4567/1937/761 4569/1939/761 4768/2064/761 4767/2065/761
f 4569/1939/762 4571/1941/762 4769/2063/762 4768/2064/762
f 4571/1941/763 4573/1943/763 4770/2062/763 4769/2063/763
f 4573/1943/764 4575/1945/764 4771/2061/764 4770/2062/764
f 4575/1945/765 4577/1947/765 4772/2060/765 4771/2061/765
f 4577/1947/766 4579/1949/766 4773/2059/766 4772/2060/766
f 4579/1949/767 4581/1951/767 4774/2058/767 4773/2059/767
f 4581/1951/768 4583/1985/768 4775/2056/768 4774/2058/768
f 4583/1985/769 4521/1987/769 4776/2057/769 4775/2056/769
f 4794/2053/802 4686/2053/802 4684/2053/802 4793/2053/802
f 4795/2053/803 4688/2053/803 4686/2053/803 4794/2053/803
f 4712/2053/783 4710/2053/783 4806/2053/783 4807/2053/783
f 4710/2053/783 4712/2053/783 4711/2053/783 4709/2053/783
f 4796/2053/804 4690/2053/804 4688/2053/804 4795/2053/804
f 4797/2053/805 4692/2053/805 4690/2053/805 4796/2053/805
f 4694/2053/774 4692/2053/774 4797/2053/774 4798/2053/774
f 4692/2053/774 4694/2053/774 4693/2053/774 4691/2053/774
f 4690/2053/805 4692/2053/805 4691/2053/805 4689/2053/805
f 4688/2053/804 4690/2053/804 4689/2053/804 4687/2053/804
f 4686/2053/803 4688/2053/803 4687/2053/803 4685/2053/803
f 4684/2053/802 4686/2053/802 4685/2053/802 4683/2053/802
f 4682/2053/801 4684/2053/801 4683/2053/801 4681/2053/801
f 4680/2053/800 4682/2053/800 4681/2053/800 4679/2053/800
f 4678/2053/799 4680/2053/799 4679/2053/799 4677/2053/799
f 4676/2053/798 4678/2053/798 4677/2053/798 4675/2053/798
f 4674/2053/797 4676/2053/797 4675/2053/797 4673/2053/797
f 4708/2053/778 4710/2053/778 4709/2053/778 4707/2053/778
f 4672/2053/796 4674/2053/796 4673/2053/796 4671/2053/796
f 4588/2053/629 4590/2053/629 4592/2053/629 4594/2053/629 4596/2053/629 4598/2053/629 4600/2053/629 4602/2053/629 4604/2053/629 4606/2053/629 4608/2053/629 4610/2053/629 4612/2053/629 4614/2053/629 4616/2053/629 4618/2053/629 4620/2053/629 4622/2053/629 4624/2053/629 4626/2053/629 4628/2053/629 4630/2053/629 4632/2053/629 4634/2053/629 4636/2053/629 4638/2053/629 4640/2053/629 4642/2053/629 4644/2053/629 4646/2053/629 4648/2053/629 4586/2053/629
f 4798/2053/776 4799/2053/776 4696/2053/776 4694/2053/776
f 4809/2053/627 4645/2053/627 4643/2053/627 4641/2053/627 4639/2053/627 4637/2053/627 4635/2053/627 4633/2053/627 4631/2053/627 4629/2053/627
f 4615/2053/627 4613/2053/627 4809/2053/627 4629/2053/627 4627/2053/627 4625/2053/627 4623/2053/627 4621/2053/627 4619/2053/627 4617/2053/627
f 4617/2053/800 4792/2053/800 4791/2053/800 4615/2053/800
f 4619/2053/801 4793/2053/801 4792/2053/801 4617/2053/801
f 4621/2053/802 4794/2053/802 4793/2053/802 4619/2053/802
f 4615/2053/799 4791/2053/799 4790/2053/799 4613/2053/799
f 4623/2053/803 4795/2053/803 4794/2053/803 4621/2053/803
f 4625/2053/804 4796/2053/804 4795/2053/804 4623/2053/804
f 4627/2053/805 4797/2053/805 4796/2053/805 4625/2053/805
f 4629/2053/774 4798/2053/774 4797/2053/774 4627/2053/774
f 4599/2053/627 4597/2053/627 4809/2053/627 4613/2053/627 4611/2053/627 4609/2053/627 4607/2053/627 4605/2053/627 4603/2053/627 4601/2053/627
f 4601/2053/792 4784/2053/792 4783/2053/792 4599/2053/792
f 4603/2053/793 4785/2053/793 4784/2053/793 4601/2053/793
f 4605/2053/794 4786/2053/794 4785/2053/794 4603/2053/794
f 4607/2053/795 4787/2053/795 4786/2053/795 4605/2053/795
f 4609/2053/796 4788/2053/796 4787/2053/796 4607/2053/796
f 4611/2053/797 4789/2053/797 4788/2053/797 4609/2053/797
f 4613/2053/798 4790/2053/798 4789/2053/798 4611/2053/798
f 4783/2053/791 4782/2053/791 4597/2053/791 4599/2053/791
f 4779/2053/787 4656/2053/787 4654/2053/787 4778/2053/787
f 4780/2053/788 4658/2053/788 4656/2053/788 4779/2053/788
f 4781/2053/789 4660/2053/789 4658/2053/789 4780/2053/789
f 4782/2053/790 4662/2053/790 4660/2053/790 4781/2053/790
f 4783/2053/791 4664/2053/791 4662/2053/791 4782/2053/791
f 4784/2053/792 4666/2053/792 4664/2053/792 4783/2053/792
f 4670/2053/795 4672/2053/795 4671/2053/795 4669/2053/795
f 4668/2053/794 4670/2053/794 4669/2053/794 4667/2053/794
f 4785/2053/793 4668/2053/793 4666/2053/793 4784/2053/793
f 4666/2053/793 4668/2053/793 4667/2053/793 4665/2053/793
f 4664/2053/792 4666/2053/792 4665/2053/792 4663/2053/792
f 4662/2053/791 4664/2053/791 4663/2053/791 4661/2053/791
f 4660/2053/790 4662/2053/790 4661/2053/790 4659/2053/790
f 4658/2053/789 4660/2053/789 4659/2053/789 4657/2053/789
f 4786/2053/794 4670/2053/794 4668/2053/794 4785/2053/794
f 4656/2053/788 4658/2053/788 4657/2053/788 4655/2053/788
f 4787/2053/795 4672/2053/795 4670/2053/795 4786/2053/795
f 4654/2053/787 4656/2053/787 4655/2053/787 4653/2053/787
f 4788/2053/796 4674/2053/796 4672/2053/796 4787/2053/796
f 4654/2053/786 4653/2053/786 4651/2053/786 4652/2053/786
f 4789/2053/797 4676/2053/797 4674/2053/797 4788/2053/797
f 4777/2053/786 4778/2053/786 4654/2053/786 4652/2053/786
f 4790/2053/798 4678/2053/798 4676/2053/798 4789/2053/798
f 4808/2053/785 4777/2053/785 4652/2053/785 4649/2053/785
f 4791/2053/799 4680/2053/799 4678/2053/799 4790/2053/799
f 4712/2053/784 4807/2053/784 4808/2053/784 4649/2053/784
f 4792/2053/800 4682/2053/800 4680/2053/800 4791/2053/800
f 4706/2053/777 4708/2053/777 4707/2053/777 4705/2053/777
f 4793/2053/801 4684/2053/801 4682/2053/801 4792/2053/801
f 4804/2053/773 4706/2053/773 4704/2053/773 4803/2053/773
f 4704/2053/773 4706/2053/773 4705/2053/773 4703/2053/773
f 4805/2053/777 4708/2053/777 4706/2053/777 4804/2053/777
f 4704/2053/770 4703/2053/770 4701/2053/770 4702/2053/770
f 4806/2053/778 4710/2053/778 4708/2053/778 4805/2053/778
f 4697/2053/772 4699/2053/772 4636/2053/772 4634/2053/772
f 4687/2053/803 4624/2053/803 4622/2053/803 4685/2053/803
f 4689/2053/804 4626/2053/804 4624/2053/804 4687/2053/804
f 4591/2053/787 4779/2053/787 4778/2053/787 4589/2053/787
f 4593/2053/788 4780/2053/788 4779/2053/788 4591/2053/788
f 4595/2053/789 4781/2053/789 4780/2053/789 4593/2053/789
f 4597/2053/790 4782/2053/790 4781/2053/790 4595/2053/790
f 4647/2053/783 4807/2053/783 4806/2053/783 4645/2053/783
f 4585/2053/784 4808/2053/784 4807/2053/784 4647/2053/784
f 4587/2053/785 4777/2053/785 4808/2053/785 4585/2053/785
f 4691/2053/805 4628/2053/805 4626/2053/805 4689/2053/805
